{
"type": "FeatureCollection",
"name": "ESA_7",
"crs": { "type": "name", "properties": { "name": "urn:ogc:def:crs:EPSG::2955" } },
"features": [
{ "type": "Feature", "properties": { "fid": 1, "Layer": "ESA 1", "ESA_RANK": 1.0, "area_m2": 33531.089731141925, "pct_BNDRY": 7.7842588194007964, "pct_CE_total_area": 0.0, "CE+SRW_area": 3583.9538202797994, "pct_SRW+CE": 2.6729631724532612, "SRW_area": 3583.9538202797994, "pct_SRW": 8.0504103675764025, "CE_AREA_m2": 0.0, "ESA_ZONE": "1" }, "geometry": { "type": "MultiPolygon", "coordinates": [ [ [ [ 332493.832000000402331, 5536166.067199998535216 ], [ 332497.937599999771919, 5536171.356300000101328 ], [ 332500.474600000306964, 5536174.521499999798834 ], [ 332498.461699999927077, 5536179.956399998627603 ], [ 332498.74129999987781, 5536189.931699999608099 ], [ 332498.964900000079069, 5536195.153999999165535 ], [ 332498.361100000271108, 5536198.575999999418855 ], [ 332498.5428, 5536202.07010000012815 ], [ 332498.089900000079069, 5536206.326899998821318 ], [ 332496.046099999919534, 5536210.552899999544024 ], [ 332493.905199999921024, 5536215.515900000929832 ], [ 332493.12739999970654, 5536220.517000001855195 ], [ 332493.731300000101328, 5536227.059000000357628 ], [ 332494.435800000093877, 5536231.688699999824166 ], [ 332496.321600000374019, 5536235.23369999974966 ], [ 332497.780600000172853, 5536239.689299999736249 ], [ 332497.6497, 5536246.0927 ], [ 332498.26040000008652, 5536249.603799999691546 ], [ 332497.455199999792967, 5536254.636199998669326 ], [ 332497.455199999792967, 5536259.064600000157952 ], [ 332498.874699999578297, 5536261.516599998809397 ], [ 332501.179100000299513, 5536265.002699999138713 ], [ 332502.688799999596085, 5536267.11629999987781 ], [ 332505.036199999973178, 5536269.3805 ], [ 332507.67300000047544, 5536271.26410000026226 ], [ 332515.191999999806285, 5536268.682099999859929 ], [ 332527.360999999626074, 5536257.91609999909997 ], [ 332530.10699999978533, 5536255.850099999457598 ], [ 332531.452999999804888, 5536254.780099999159575 ], [ 332532.781000000424683, 5536253.686100001446903 ], [ 332534.089999999909196, 5536252.57010000012815 ], [ 332535.378999999782536, 5536251.431099998764694 ], [ 332536.646999999880791, 5536250.270099999383092 ], [ 332537.895999999775086, 5536249.087099999189377 ], [ 332539.122999999672174, 5536247.882099998183548 ], [ 332540.330000000074506, 5536246.656099999323487 ], [ 332541.514000000490341, 5536245.409100000746548 ], [ 332542.677000000199769, 5536244.141099999658763 ], [ 332543.818000000028405, 5536242.854100001044571 ], [ 332544.934999999590218, 5536241.5461 ], [ 332546.030000000318978, 5536240.220099999569356 ], [ 332547.102000000013504, 5536238.874099998734891 ], [ 332548.150000000372529, 5536237.510099999606609 ], [ 332549.17399999970803, 5536236.128100000321865 ], [ 332550.173000000417233, 5536234.728100000880659 ], [ 332551.148000000102911, 5536233.311100001446903 ], [ 332552.09800000017276, 5536231.878100001253188 ], [ 332552.583800000196788, 5536231.117399998940527 ], [ 332548.980800000019372, 5536225.956299999728799 ], [ 332544.809500000381377, 5536222.258199999108911 ], [ 332543.521200000424869, 5536220.164699998684227 ], [ 332540.783599999675062, 5536216.13880000077188 ], [ 332539.58530000038445, 5536211.612099998630583 ], [ 332538.820399999676738, 5536209.532999999821186 ], [ 332537.999499999976251, 5536204.319500000216067 ], [ 332537.333800000196788, 5536199.839700000360608 ], [ 332536.444000000075903, 5536196.6903 ], [ 332535.308400000503752, 5536192.627800000831485 ], [ 332533.93960000021616, 5536186.911099999211729 ], [ 332532.570799999928568, 5536183.207299999892712 ], [ 332531.604600000195205, 5536178.778799998573959 ], [ 332532.248700000403915, 5536175.719200000166893 ], [ 332532.248700000403915, 5536170.8881 ], [ 332533.697999999916647, 5536164.929799999110401 ], [ 332535.308400000503752, 5536159.937799998559058 ], [ 332533.353500000201166, 5536156.285199998877943 ], [ 332489.695899999700487, 5536158.45060000102967 ], [ 332493.832000000402331, 5536166.067199998535216 ] ] ], [ [ [ 332748.533499999903142, 5536338.371600000187755 ], [ 332745.061900000087917, 5536336.635900000110269 ], [ 332741.674200000183191, 5536335.304400000721216 ], [ 332737.4068, 5536333.371899999678135 ], [ 332735.681300000287592, 5536330.92710000090301 ], [ 332736.04079999960959, 5536328.225399999879301 ], [ 332735.54220000008354, 5536323.360999999567866 ], [ 332734.286700000113342, 5536318.634400000795722 ], [ 332730.800500000012107, 5536314.872899999842048 ], [ 332728.544700000493322, 5536312.432199999690056 ], [ 332726.65469999978086, 5536307.907599999569356 ], [ 332724.860100000223611, 5536305.108000000938773 ], [ 332724.040900000371039, 5536301.889699999243021 ], [ 332723.879900000116322, 5536293.113300000317395 ], [ 332723.248599999584258, 5536289.905299999751151 ], [ 332722.99340000009397, 5536286.736599998548627 ], [ 332722.853500000317581, 5536282.1349 ], [ 332721.776600000506733, 5536279.68099999986589 ], [ 332718.887799999676645, 5536279.10329999960959 ], [ 332717.220599999593105, 5536277.774199998937547 ], [ 332716.311300000175834, 5536274.916400000452995 ], [ 332715.460500000102911, 5536272.1513 ], [ 332714.217799999809358, 5536268.958099999465048 ], [ 332712.879700000397861, 5536266.799100001342595 ], [ 332710.292399999802001, 5536265.999199998565018 ], [ 332704.8477999996976, 5536260.600400000810623 ], [ 332703.247000000381377, 5536259.50889999885112 ], [ 332700.564299999678042, 5536259.46550000179559 ], [ 332697.356700000411365, 5536259.254900000989437 ], [ 332692.719700000307057, 5536259.537599999457598 ], [ 332688.658699999621604, 5536259.668600000441074 ], [ 332686.240000000223517, 5536258.471599998883903 ], [ 332675.510900000226684, 5536254.786100000143051 ], [ 332672.5099, 5536250.197599998675287 ], [ 332667.548799999989569, 5536249.66919999755919 ], [ 332666.60329999960959, 5536247.0899 ], [ 332662.639000000490341, 5536244.894899999722838 ], [ 332658.868300000322051, 5536242.993300000205636 ], [ 332654.447499999776483, 5536244.213999999687076 ], [ 332650.637799999676645, 5536245.177000001072884 ], [ 332647.227400000207126, 5536246.574300000444055 ], [ 332644.972900000400841, 5536245.447000000625849 ], [ 332643.040500000119209, 5536246.413200001232326 ], [ 332639.819899999478366, 5536247.379499999806285 ], [ 332636.196600000374019, 5536246.89640000090003 ], [ 332634.183600000222214, 5536247.298899999819696 ], [ 332631.260200000426266, 5536247.49650000128895 ], [ 332629.639000000373926, 5536246.057 ], [ 332626.085400000214577, 5536244.1003 ], [ 332622.854000000283122, 5536242.292700000107288 ], [ 332619.324400000274181, 5536242.729100000113249 ], [ 332615.006400000303984, 5536240.148899999447167 ], [ 332609.510099999606609, 5536236.980700000189245 ], [ 332606.646700000506826, 5536234.33559999987483 ], [ 332604.91050000017276, 5536233.684500000439584 ], [ 332600.527400000020862, 5536233.369400000199676 ], [ 332598.068000000028405, 5536234.291700000874698 ], [ 332593.441899999976158, 5536236.912200000137091 ], [ 332591.925900000205729, 5536238.4682 ], [ 332589.952600000484381, 5536238.232600000686944 ], [ 332587.788800000213087, 5536237.583499998785555 ], [ 332584.4633, 5536238.536299999803305 ], [ 332583.457700000202749, 5536242.38739999756217 ], [ 332579.982200000493322, 5536242.6431 ], [ 332577.499499999918044, 5536241.82379999756813 ], [ 332572.695200000016484, 5536241.391400001011789 ], [ 332572.242999999783933, 5536242.194000001065433 ], [ 332571.271999999880791, 5536243.849999999627471 ], [ 332570.271999999880791, 5536245.489 ], [ 332569.242999999783933, 5536247.110000000335276 ], [ 332568.186999999976251, 5536248.71299999859184 ], [ 332567.102000000013504, 5536250.298000001348555 ], [ 332565.990000000281725, 5536251.862999999895692 ], [ 332564.850999999791384, 5536253.407999999821186 ], [ 332563.685999999812339, 5536254.933000000193715 ], [ 332562.492999999783933, 5536256.438000001013279 ], [ 332561.275000000372529, 5536257.92200000025332 ], [ 332560.031000000424683, 5536259.383999998681247 ], [ 332558.762000000104308, 5536260.824000000953674 ], [ 332557.467000000178814, 5536262.24199999962002 ], [ 332556.148000000102911, 5536263.638000000268221 ], [ 332554.804999999818392, 5536265.008999998681247 ], [ 332553.439000000187661, 5536266.358000000938773 ], [ 332550.730999999679625, 5536268.895999998785555 ], [ 332542.56599999970058, 5536278.771999998949468 ], [ 332537.544599999673665, 5536281.007399999536574 ], [ 332542.7462, 5536279.797700000926852 ], [ 332548.583700000308454, 5536280.401600000448525 ], [ 332552.684600000327919, 5536281.930099998600781 ], [ 332559.744099999777973, 5536284.295600001700222 ], [ 332570.107599999813829, 5536286.239099999889731 ], [ 332574.44990000029793, 5536286.541100000962615 ], [ 332579.943799999484327, 5536288.360600000247359 ], [ 332584.011300000420306, 5536292.680500000715256 ], [ 332586.326200000126846, 5536294.290799998678267 ], [ 332590.487800000293646, 5536294.9989 ], [ 332596.53550000017276, 5536294.8947 ], [ 332601.72510000038892, 5536293.888199998997152 ], [ 332609.86120000021765, 5536294.676000001840293 ], [ 332619.036299999803305, 5536300.732200000435114 ], [ 332626.172000000311527, 5536304.965599999763072 ], [ 332627.577399999892805, 5536307.347200000658631 ], [ 332630.042100000195205, 5536310.686000000685453 ], [ 332635.786600000283215, 5536311.5702 ], [ 332637.287200000078883, 5536315.654000001959503 ], [ 332640.015399999916553, 5536318.324000000953674 ], [ 332643.849499999487307, 5536317.599700000137091 ], [ 332646.393299999588635, 5536316.662499999627471 ], [ 332648.223799999803305, 5536315.024000000208616 ], [ 332652.277499999792781, 5536314.1601 ], [ 332655.78419999970356, 5536314.468299999833107 ], [ 332660.072900000028312, 5536316.853600001893938 ], [ 332668.755699999688659, 5536317.439500000327826 ], [ 332673.184200000076089, 5536319.653799998573959 ], [ 332679.403199999593198, 5536325.390000000596046 ], [ 332684.053999999479856, 5536327.705500001087785 ], [ 332685.463100000284612, 5536330.523600000888109 ], [ 332685.463100000284612, 5536333.542999999597669 ], [ 332692.68059999961406, 5536349.032300001010299 ], [ 332695.806999999971595, 5536357.369299999438226 ], [ 332696.315399999672081, 5536364.576299999840558 ], [ 332697.238699999696109, 5536367.0583999985829 ], [ 332700.0417, 5536374.3865 ], [ 332702.774299999698997, 5536383.86629999987781 ], [ 332701.767799999623094, 5536387.690899999812245 ], [ 332702.90199999982724, 5536389.198200000450015 ], [ 332706.423600000387523, 5536392.116899999789894 ], [ 332706.72510000038892, 5536395.222299999557436 ], [ 332707.5318, 5536400.4869 ], [ 332712.436999999976251, 5536408.391599998809397 ], [ 332715.92370000021765, 5536415.029699999839067 ], [ 332716.75239999970654, 5536419.671199998818338 ], [ 332717.387299999711104, 5536421.207900000736117 ], [ 332721.301199999696109, 5536428.723399999551475 ], [ 332724.111399999877904, 5536433.183199999853969 ], [ 332726.224200000113342, 5536435.296 ], [ 332728.896599999687169, 5536438.364299999549985 ], [ 332728.942400000116322, 5536438.41679999884218 ], [ 332732.243599999696016, 5536440.973000000230968 ], [ 332732.968299999774899, 5536444.052999998442829 ], [ 332732.968299999774899, 5536445.462000000290573 ], [ 332734.651499999687076, 5536449.917600001208484 ], [ 332737.585699999704957, 5536451.468299998901784 ], [ 332742.026499999687076, 5536453.715099999681115 ], [ 332742.605800000019372, 5536455.887800000607967 ], [ 332743.435499999672174, 5536457.036399999633431 ], [ 332744.039400000183377, 5536457.338300000876188 ], [ 332748.870400000421796, 5536463.779699999839067 ], [ 332748.870400000421796, 5536464.987500000745058 ], [ 332749.318400000280235, 5536465.454199999570847 ], [ 332752.704099999682512, 5536469.06290000025183 ], [ 332756.096099999675062, 5536471.784299998544157 ], [ 332757.526100000424776, 5536472.837899999693036 ], [ 332759.567300000227988, 5536473.937000000849366 ], [ 332760.395499999576714, 5536474.524800000712276 ], [ 332761.468999999575317, 5536475.705700000748038 ], [ 332762.633299999928568, 5536476.685900000855327 ], [ 332765.482599999697413, 5536478.4156 ], [ 332768.813400000275578, 5536480.008400000631809 ], [ 332771.899799999780953, 5536480.876000000163913 ], [ 332776.650000000372529, 5536483.526200000196695 ], [ 332778.058000000193715, 5536485.318099999800324 ], [ 332780.272199999482837, 5536485.318099999800324 ], [ 332785.908599999791477, 5536487.633099999278784 ], [ 332788.507399999594782, 5536489.651699999347329 ], [ 332789.839300000108778, 5536491.036800000816584 ], [ 332791.055499999783933, 5536492.557199999690056 ], [ 332792.249200000427663, 5536493.772400001063943 ], [ 332794.036399999691639, 5536495.098100000992417 ], [ 332795.973100000119302, 5536496.38920000102371 ], [ 332797.811099999584258, 5536498.443500000983477 ], [ 332799.394999999611173, 5536500.2138 ], [ 332800.286899999715388, 5536500.8827 ], [ 332802.615700000023935, 5536502.629299999214709 ], [ 332803.722900000400841, 5536504.239699999801815 ], [ 332804.58420000039041, 5536505.492499999701977 ], [ 332805.308199999912176, 5536506.070700001902878 ], [ 332809.258399999700487, 5536508.466799999587238 ], [ 332810.365799999795854, 5536510.206899999640882 ], [ 332812.076500000490341, 5536512.090099999681115 ], [ 332815.169599999673665, 5536513.316599999554455 ], [ 332815.901100000424776, 5536513.901800000108778 ], [ 332817.169900000095367, 5536514.5757 ], [ 332820.629599999694619, 5536512.996300000697374 ], [ 332823.952800000086427, 5536511.6875 ], [ 332826.972199999727309, 5536512.492699998430908 ], [ 332831.199400000274181, 5536511.284900000318885 ], [ 332833.614900000509806, 5536513.499199998565018 ], [ 332834.6261, 5536516.420500000938773 ], [ 332835.296299999579787, 5536519.123500001616776 ], [ 332834.066599999612663, 5536522.8125 ], [ 332833.00690000038594, 5536526.23340000025928 ], [ 332833.590200000500772, 5536529.427500000223517 ], [ 332834.986700000299606, 5536531.885500000789762 ], [ 332837.731499999819789, 5536537.084699999541044 ], [ 332839.211900000518654, 5536541.712600000202656 ], [ 332840.257600000186358, 5536547.1151 ], [ 332843.062199999578297, 5536550.293600000441074 ], [ 332844.102900000289083, 5536552.2577 ], [ 332845.848199999891222, 5536555.066499999724329 ], [ 332846.527700000500772, 5536556.237599999643862 ], [ 332848.36149999970803, 5536560.7692 ], [ 332850.322200000286102, 5536563.621200000867248 ], [ 332852.0587, 5536567.795399999246001 ], [ 332851.168100000417326, 5536573.328300001099706 ], [ 332850.989400000311434, 5536581.380799999460578 ], [ 332851.909699999785516, 5536583.788200001232326 ], [ 332854.406999999715481, 5536585.829900001175702 ], [ 332857.02630000008503, 5536588.397300000302494 ], [ 332859.331399999617133, 5536591.080199999734759 ], [ 332861.165099999925587, 5536592.189100001007318 ], [ 332864.01800000021467, 5536591.996499999426305 ], [ 332866.425400000123773, 5536591.07630000077188 ], [ 332868.3295, 5536591.018400001339614 ], [ 332869.528500000014901, 5536592.146599999628961 ], [ 332871.168999999819789, 5536592.584900001063943 ], [ 332865.654099999926984, 5536447.878699999302626 ], [ 332865.26829999970505, 5536447.706500000320375 ], [ 332862.778699999675155, 5536446.73829999845475 ], [ 332859.470999999903142, 5536445.451999999582767 ], [ 332857.538599999621511, 5536442.311799999326468 ], [ 332855.105700000189245, 5536437.897599999792874 ], [ 332853.834800000302494, 5536434.662699999287724 ], [ 332851.329900000302587, 5536433.240999999456108 ], [ 332846.395600000396371, 5536434.077500000596046 ], [ 332841.274100000096951, 5536435.950899999588728 ], [ 332839.59460000047693, 5536433.536700000986457 ], [ 332837.564299999678042, 5536430.660700000822544 ], [ 332837.452100000402424, 5536426.039300000295043 ], [ 332835.154799999727402, 5536425.403199999593198 ], [ 332831.290000000095461, 5536425.161600000225008 ], [ 332830.001699999906123, 5536424.5175 ], [ 332829.341400000324938, 5536422.008500000461936 ], [ 332828.471900000178721, 5536419.122899999842048 ], [ 332826.056400000117719, 5536417.754099999554455 ], [ 332823.157700000389013, 5536416.304700000211596 ], [ 332820.61120000021765, 5536415.457700001075864 ], [ 332817.2659, 5536415.35319999884814 ], [ 332815.267, 5536414.6139000011608 ], [ 332813.737200000381563, 5536413.889199999161065 ], [ 332810.838600000308361, 5536415.0164 ], [ 332806.490600000077393, 5536417.029400000348687 ], [ 332802.52280000038445, 5536415.9836 ], [ 332800.431099999696016, 5536415.094200001098216 ], [ 332798.599899999797344, 5536414.372300000861287 ], [ 332796.281299999973271, 5536414.426299998536706 ], [ 332795.459800000418909, 5536413.889199999161065 ], [ 332794.252000000327826, 5536412.922999998554587 ], [ 332791.361800000071526, 5536409.334599998779595 ], [ 332791.299100000411272, 5536407.271800000220537 ], [ 332791.675500000012107, 5536405.193299999460578 ], [ 332793.855899999907706, 5536399.0581 ], [ 332793.527400000079069, 5536393.598899998702109 ], [ 332791.715699999593198, 5536389.629699998535216 ], [ 332789.904099999926984, 5536385.386099999770522 ], [ 332787.328200000280049, 5536379.664300000295043 ], [ 332786.110600000305567, 5536375.526499999687076 ], [ 332783.476900000183377, 5536369.392000000923872 ], [ 332781.208200000226498, 5536365.256799999624491 ], [ 332775.088899999915157, 5536358.815400000661612 ], [ 332770.096800000523217, 5536357.527100001461804 ], [ 332766.323800000420306, 5536353.713400000706315 ], [ 332765.2034, 5536353.4298 ], [ 332764.018699999898672, 5536352.365600001066923 ], [ 332759.468500000424683, 5536351.2467 ], [ 332757.841000000014901, 5536346.347799998708069 ], [ 332755.684200000017881, 5536345.04700000025332 ], [ 332755.232599999813829, 5536344.629299999214709 ], [ 332753.543600000499282, 5536343.067400000989437 ], [ 332750.528699999675155, 5536340.052500000223517 ], [ 332748.533499999903142, 5536338.371600000187755 ] ] ] ] } },
{ "type": "Feature", "properties": { "fid": 2, "Layer": "ESA 4", "ESA_RANK": 4.0, "area_m2": 13589.583256248385, "pct_BNDRY": 3.1548283745811414, "pct_CE_total_area": 9.7295838392030465, "CE+SRW_area": 10293.508275633156, "pct_SRW+CE": 7.6770432644587663, "SRW_area": 1579.4225089786942, "pct_SRW": 3.5477575824548295, "CE_AREA_m2": 8715.06, "ESA_ZONE": "4" }, "geometry": { "type": "MultiPolygon", "coordinates": [ [ [ [ 332560.172000000020489, 5536216.714100000448525 ], [ 332559.48499999998603, 5536218.2911 ], [ 332558.771, 5536219.856100000441074 ], [ 332558.03000000002794, 5536221.408099999651313 ], [ 332557.261, 5536222.947100000455976 ], [ 332556.466000000014901, 5536224.472099999897182 ], [ 332555.645000000018626, 5536225.983099999837577 ], [ 332554.797000000020489, 5536227.480100000277162 ], [ 332553.923, 5536228.9611 ], [ 332553.023999999975786, 5536230.428100000135601 ], [ 332552.583800000022165, 5536231.11739999987185 ], [ 332552.098, 5536231.878100000321865 ], [ 332551.147999999986496, 5536233.311099999584258 ], [ 332550.173, 5536234.7281 ], [ 332549.174, 5536236.128100000321865 ], [ 332548.150000000023283, 5536237.510099999606609 ], [ 332547.102000000013504, 5536238.874099999666214 ], [ 332546.03000000002794, 5536240.220099999569356 ], [ 332544.935, 5536241.5461 ], [ 332543.818000000028405, 5536242.854100000113249 ], [ 332542.677000000025146, 5536244.141099999658763 ], [ 332541.51400000002468, 5536245.409099999815226 ], [ 332540.330000000016298, 5536246.65610000025481 ], [ 332539.12300000002142, 5536247.8821 ], [ 332537.896, 5536249.087100000120699 ], [ 332536.647, 5536250.270100000314415 ], [ 332535.379000000015367, 5536251.431099999696016 ], [ 332534.090000000025611, 5536252.57010000012815 ], [ 332532.781000000017229, 5536253.686099999584258 ], [ 332531.452999999979511, 5536254.7801 ], [ 332530.107000000018161, 5536255.85010000038892 ], [ 332527.36099999997532, 5536257.9161 ], [ 332515.191999999980908, 5536268.682099999859929 ], [ 332507.673, 5536271.26410000026226 ], [ 332537.544600000022911, 5536281.007500000298023 ], [ 332542.566, 5536278.772099999710917 ], [ 332550.731000000028871, 5536268.896099999547005 ], [ 332553.439000000013039, 5536266.358099999837577 ], [ 332554.805, 5536265.009100000374019 ], [ 332556.147999999986496, 5536263.6381 ], [ 332557.467, 5536262.24210000038147 ], [ 332558.761999999987893, 5536260.824099999852479 ], [ 332560.031000000017229, 5536259.384100000374019 ], [ 332561.275000000023283, 5536257.9221 ], [ 332562.493000000016764, 5536256.4381 ], [ 332563.685999999986961, 5536254.9331 ], [ 332564.851000000024214, 5536253.408099999651313 ], [ 332565.99, 5536251.863099999725819 ], [ 332567.102000000013504, 5536250.298100000247359 ], [ 332568.186999999976251, 5536248.713100000284612 ], [ 332569.243000000016764, 5536247.110100000165403 ], [ 332570.272, 5536245.489099999889731 ], [ 332571.272, 5536243.85010000038892 ], [ 332572.243000000016764, 5536242.1941 ], [ 332572.695200000016484, 5536241.3915 ], [ 332573.185, 5536240.522099999710917 ], [ 332574.098, 5536238.833100000396371 ], [ 332574.981000000028871, 5536237.128100000321865 ], [ 332575.833999999973457, 5536235.408099999651313 ], [ 332576.658, 5536233.674100000411272 ], [ 332577.450000000011642, 5536231.925099999643862 ], [ 332578.213000000978354, 5536230.163099999539554 ], [ 332578.944000000017695, 5536228.3881 ], [ 332579.643999999971129, 5536226.601099999621511 ], [ 332580.313000000023749, 5536224.801099999807775 ], [ 332580.950000000011642, 5536222.9901 ], [ 332581.555999999982305, 5536221.168100000359118 ], [ 332582.13, 5536219.3361 ], [ 332590.944000000017695, 5536204.9611 ], [ 332595.612000000022817, 5536181.169099999591708 ], [ 332597.018999999971129, 5536153.127100000157952 ], [ 332569.054, 5536154.514399999752641 ], [ 332565.10999999998603, 5536154.710099999792874 ], [ 332566.522, 5536195.324099999852479 ], [ 332566.207, 5536197.015100000426173 ], [ 332565.864, 5536198.701100000180304 ], [ 332565.49, 5536200.380099999718368 ], [ 332565.088000000978354, 5536202.0521 ], [ 332564.656000000017229, 5536203.7171 ], [ 332564.195, 5536205.374099999666214 ], [ 332563.706, 5536207.02309999987483 ], [ 332563.188000000023749, 5536208.663099999539554 ], [ 332562.641, 5536210.294099999591708 ], [ 332560.831, 5536215.1261 ], [ 332560.172000000020489, 5536216.714100000448525 ] ] ], [ [ [ 332595.479, 5536686.931300000287592 ], [ 332598.210100000025705, 5536686.213000000454485 ], [ 332607.198200000973884, 5536682.339700000360608 ], [ 332610.5576, 5536681.39049999974668 ], [ 332614.5452, 5536680.2105 ], [ 332614.7182, 5536678.934600000269711 ], [ 332613.550999999977648, 5536675.3701 ], [ 332611.9671, 5536672.03000000026077 ], [ 332611.268099999986589, 5536669.933600000105798 ], [ 332612.0501, 5536667.7922 ], [ 332614.556700000015553, 5536666.657200000248849 ], [ 332615.979799999971874, 5536664.707999999634922 ], [ 332616.312900000018999, 5536661.733199999667704 ], [ 332617.684599999978673, 5536658.0915 ], [ 332619.299899999983609, 5536655.501199999824166 ], [ 332619.196999999985565, 5536652.116100000217557 ], [ 332617.31150000001071, 5536645.82039999961853 ], [ 332616.169999999983702, 5536643.10219999961555 ], [ 332615.695400000025984, 5536641.422500000335276 ], [ 332618.157100000011269, 5536638.8065 ], [ 332622.131899999978486, 5536637.203300000168383 ], [ 332625.087400000018533, 5536636.901700000278652 ], [ 332630.396, 5536637.3756 ], [ 332632.088500000012573, 5536637.324099999852479 ], [ 332632.665300000982825, 5536635.400700000114739 ], [ 332631.690400000021327, 5536631.19510000012815 ], [ 332630.7477, 5536628.0472 ], [ 332630.247299999988172, 5536625.521300000138581 ], [ 332629.727699999988545, 5536622.360600000247359 ], [ 332630.919899999978952, 5536619.783200000412762 ], [ 332632.310899999982212, 5536616.776200000196695 ], [ 332632.4324, 5536613.807799999602139 ], [ 332632.784800000023097, 5536611.4677 ], [ 332632.560400000016671, 5536611.050900000147521 ], [ 332635.6374, 5536607.780899999663234 ], [ 332635.322900000028312, 5536604.402200000360608 ], [ 332634.1815, 5536601.684000000357628 ], [ 332632.988599999982398, 5536597.273199999704957 ], [ 332631.816500000015367, 5536591.1892 ], [ 332633.1544, 5536588.797600000165403 ], [ 332632.0001, 5536585.6562 ], [ 332627.691500000015367, 5536583.246000000275671 ], [ 332622.389399999985471, 5536582.98369999974966 ], [ 332619.882700000016484, 5536584.118700000457466 ], [ 332614.677099999971688, 5536587.029900000430644 ], [ 332611.850199999986216, 5536591.56290000025183 ], [ 332609.843899999978021, 5536595.223899999633431 ], [ 332608.196300000010524, 5536596.756299999542534 ], [ 332608.525199999974575, 5536602.095200000330806 ], [ 332604.6261, 5536604.700199999846518 ], [ 332600.984400000015739, 5536603.328499999828637 ], [ 332597.958099999988917, 5536601.302899999544024 ], [ 332595.12410000001546, 5536598.636099999770522 ], [ 332587.6677, 5536597.168700000271201 ], [ 332583.820799999986775, 5536596.014999999664724 ], [ 332579.582999999984168, 5536595.932099999859929 ], [ 332574.531100000021979, 5536596.932799999602139 ], [ 332571.601299999980256, 5536598.080699999816716 ], [ 332565.8188, 5536602.915300000458956 ], [ 332561.992000000027474, 5536609.384600000455976 ], [ 332562.601700000988785, 5536615.50719999987632 ], [ 332564.2241, 5536620.11670000012964 ], [ 332566.680100000987295, 5536624.277300000190735 ], [ 332566.7894, 5536627.873999999836087 ], [ 332565.565000000991859, 5536629.3936 ], [ 332563.4043, 5536627.97690000012517 ], [ 332562.096299999975599, 5536626.746100000105798 ], [ 332557.761999999987893, 5536623.4896 ], [ 332554.7293, 5536621.252399999648333 ], [ 332550.1126, 5536615.675099999643862 ], [ 332546.425899999972899, 5536612.822499999776483 ], [ 332541.860700000019278, 5536608.937800000421703 ], [ 332532.967699999979232, 5536602.008100000210106 ], [ 332528.107399999978952, 5536595.3794 ], [ 332525.645000000018626, 5536591.00719999987632 ], [ 332522.804599999974016, 5536588.1288 ], [ 332520.470900000014808, 5536587.987999999895692 ], [ 332518.8555, 5536590.578300000168383 ], [ 332516.163699999975506, 5536599.5543 ], [ 332514.240999999979977, 5536605.965699999593198 ], [ 332511.587, 5536609.222799999639392 ], [ 332509.299, 5536617.551199999637902 ], [ 332509.632800000021234, 5536621.564600000157952 ], [ 332510.960100000025705, 5536623.430100000463426 ], [ 332513.416000000026543, 5536627.590800000354648 ], [ 332515.423100000014529, 5536630.917999999597669 ], [ 332517.0391, 5536635.315899999812245 ], [ 332517.8089, 5536639.7396 ], [ 332517.950399999972433, 5536644.394100000150502 ], [ 332520.848799999977928, 5536649.176599999889731 ], [ 332522.669899999978952, 5536653.356499999761581 ], [ 332524.2281, 5536655.8503 ], [ 332526.7927, 5536656.619400000199676 ], [ 332529.35720000002766, 5536657.388500000350177 ], [ 332532.5822, 5536658.9846 ], [ 332533.7043999999878, 5536661.068099999800324 ], [ 332537.968600000021979, 5536668.985500000417233 ], [ 332539.539700000023004, 5536671.902499999850988 ], [ 332538.757700000016484, 5536674.0439 ], [ 332539.456699999980628, 5536676.1403 ], [ 332541.168599999975413, 5536676.723600000143051 ], [ 332543.73320000001695, 5536677.492700000293553 ], [ 332545.868100000021514, 5536678.063 ], [ 332545.176199999987148, 5536683.166400000452995 ], [ 332544.439300000027288, 5536686.788800000213087 ], [ 332542.022699999972247, 5536690.885800000280142 ], [ 332541.51659999997355, 5536695.1365 ], [ 332542.9082, 5536699.11780000012368 ], [ 332541.575200000021141, 5536704.028900000266731 ], [ 332542.537200000020675, 5536707.8114 ], [ 332546.4548, 5536711.292299999855459 ], [ 332548.667000000015832, 5536714.401499999687076 ], [ 332555.995400000014342, 5536718.625799999572337 ], [ 332561.804300000017975, 5536721.62569999974221 ], [ 332566.4974, 5536722.753600000403821 ], [ 332568.068399999989197, 5536725.6705 ], [ 332567.940500000026077, 5536728.427400000393391 ], [ 332566.9534, 5536730.786799999885261 ], [ 332566.2293, 5536734.832299999892712 ], [ 332566.127099999983329, 5536738.435399999842048 ], [ 332568.71740000002319, 5536740.050800000317395 ], [ 332572.9166, 5536738.864299999549985 ], [ 332578.3016, 5536734.888799999840558 ], [ 332579.7376, 5536733.362800000235438 ], [ 332580.4938, 5536730.375099999830127 ], [ 332580.403799999970943, 5536727.413200000301003 ], [ 332579.659700000018347, 5536723.835799999535084 ], [ 332578.902799999981653, 5536719.835199999623001 ], [ 332578.376800000027288, 5536716.463000000454485 ], [ 332578.3124, 5536714.347299999557436 ], [ 332579.2352, 5536709.8722 ], [ 332579.9657, 5536706.038200000301003 ], [ 332581.760499999974854, 5536702.38370000012219 ], [ 332582.5489, 5536700.45380000025034 ], [ 332582.491000001027714, 5536698.549700000323355 ], [ 332581.798400000028778, 5536696.664800000376999 ], [ 332581.689100000017788, 5536693.068199999630451 ], [ 332582.272300000011455, 5536691.356300000101328 ], [ 332583.907, 5536689.400700000114739 ], [ 332586.189200000022538, 5536687.849000000394881 ], [ 332589.099700000020675, 5536686.066399999894202 ], [ 332595.479, 5536686.931300000287592 ] ] ] ] } },
{ "type": "Feature", "properties": { "fid": 3, "Layer": "ESA 3", "ESA_RANK": 3.0, "area_m2": 192225.55417155928, "pct_BNDRY": 44.625256064506893, "pct_CE_total_area": 70.500857488096528, "CE+SRW_area": 73174.013038691075, "pct_SRW+CE": 54.574208218387746, "SRW_area": 10032.050242603058, "pct_SRW": 22.534364372695492, "CE_AREA_m2": 63149.6, "ESA_ZONE": "3" }, "geometry": { "type": "MultiPolygon", "coordinates": [ [ [ [ 332531.604600000195205, 5536178.778699998743832 ], [ 332532.570799999928568, 5536183.2072 ], [ 332533.939600000099745, 5536186.911000000312924 ], [ 332535.308400000387337, 5536192.627700001001358 ], [ 332536.444000000192318, 5536196.690200001001358 ], [ 332537.333800000196788, 5536199.839599999599159 ], [ 332537.999499999918044, 5536204.319399999454618 ], [ 332538.82039999961853, 5536209.5329 ], [ 332539.58530000038445, 5536211.611999999731779 ], [ 332540.783599999791477, 5536216.1387 ], [ 332543.521200000308454, 5536220.164599999785423 ], [ 332544.809500000497792, 5536222.258100000210106 ], [ 332548.980800000019372, 5536225.956199999898672 ], [ 332552.583800000080373, 5536231.117300000973046 ], [ 332553.024000000208616, 5536230.428000000305474 ], [ 332553.92300000047544, 5536228.961000001057982 ], [ 332554.797000000311527, 5536227.480000000447035 ], [ 332555.644999999611173, 5536225.983 ], [ 332556.466000000073109, 5536224.4720000019297 ], [ 332557.260999999882188, 5536222.947000000625849 ], [ 332558.030000000318978, 5536221.407999998889863 ], [ 332558.770999999775086, 5536219.856000000610948 ], [ 332559.485000000393484, 5536218.290999999269843 ], [ 332560.172000000311527, 5536216.713999999687076 ], [ 332560.831000000296626, 5536215.126000000163913 ], [ 332561.463000000512693, 5536213.526000000536442 ], [ 332562.06599999970058, 5536211.915 ], [ 332562.640999999886844, 5536210.293999999761581 ], [ 332563.188000000081956, 5536208.662999999709427 ], [ 332563.706000000180211, 5536207.022999999113381 ], [ 332564.195000000298023, 5536205.37400000076741 ], [ 332564.656000000482891, 5536203.717000000178814 ], [ 332565.088000000512693, 5536202.052000001072884 ], [ 332565.490000000281725, 5536200.379999999888241 ], [ 332565.864000000117812, 5536198.700999999418855 ], [ 332566.207000000402331, 5536197.015000000596046 ], [ 332566.521999999880791, 5536195.324 ], [ 332565.110000000393484, 5536154.71000000089407 ], [ 332533.353500000201166, 5536156.2851 ], [ 332535.308400000387337, 5536159.937699999660254 ], [ 332533.697999999916647, 5536164.929700000211596 ], [ 332532.248700000403915, 5536170.888000001199543 ], [ 332532.248700000403915, 5536175.719100001268089 ], [ 332531.604600000195205, 5536178.778699998743832 ] ] ], [ [ [ 332773.331600000208709, 5536224.912899999879301 ], [ 332782.708399999886751, 5536228.598399999551475 ], [ 332796.572499999776483, 5536227.515100001357496 ], [ 332806.208399999886751, 5536217.957499998621643 ], [ 332818.959099999687169, 5536202.018400000408292 ], [ 332822.404500000178814, 5536195.626799999736249 ], [ 332826.120199999772012, 5536187.2418 ], [ 332826.971199999621604, 5536182.583599999547005 ], [ 332826.159300000406802, 5536177.644999999552965 ], [ 332823.704599999822676, 5536173.087299999780953 ], [ 332819.927500000223517, 5536168.569799999706447 ], [ 332815.529500000178814, 5536165.3947 ], [ 332813.465699999593198, 5536162.810299999080598 ], [ 332815.288300000072923, 5536157.460799999535084 ], [ 332820.457000000402331, 5536153.333100001327693 ], [ 332829.292100000195205, 5536150.086500000208616 ], [ 332836.945600000326522, 5536151.50829999987036 ], [ 332854.97300000017276, 5536167.620799998752773 ], [ 332853.934999999590218, 5536140.385099999606609 ], [ 332752.413499999791384, 5536145.420199998654425 ], [ 332597.019000000320375, 5536153.127100000157952 ], [ 332595.611999999673571, 5536181.169099999591708 ], [ 332590.944000000192318, 5536204.961100000888109 ], [ 332582.129999999888241, 5536219.336100001819432 ], [ 332581.555999999924097, 5536221.168099999427795 ], [ 332580.950000000186265, 5536222.990099999122322 ], [ 332580.313000000081956, 5536224.801100000739098 ], [ 332579.644000000320375, 5536226.601099999621511 ], [ 332578.944000000075903, 5536228.3881 ], [ 332578.213000000512693, 5536230.163099998608232 ], [ 332577.450000000186265, 5536231.925099999643862 ], [ 332576.657999999821186, 5536233.674100000411272 ], [ 332575.833999999798834, 5536235.408099999651313 ], [ 332574.980999999679625, 5536237.128100000321865 ], [ 332574.098000000289176, 5536238.833100001327693 ], [ 332573.184999999590218, 5536240.522099998779595 ], [ 332572.695200000016484, 5536241.39149999897927 ], [ 332577.499499999918044, 5536241.823900000192225 ], [ 332579.982200000493322, 5536242.643199999816716 ], [ 332583.457700000202749, 5536242.387499998323619 ], [ 332584.4633, 5536238.536399998702109 ], [ 332587.788800000271294, 5536237.583599999547005 ], [ 332589.952600000426173, 5536238.232699998654425 ], [ 332591.925900000205729, 5536238.468299999833107 ], [ 332593.441899999976158, 5536236.9123 ], [ 332598.068000000028405, 5536234.291799999773502 ], [ 332600.527400000079069, 5536233.3695 ], [ 332604.910500000289176, 5536233.684599999338388 ], [ 332606.64670000039041, 5536234.335699998773634 ], [ 332609.510099999606609, 5536236.980799999088049 ], [ 332615.006400000303984, 5536240.149000000208616 ], [ 332619.324400000274181, 5536242.7292 ], [ 332622.854000000283122, 5536242.292799999006093 ], [ 332626.085400000272784, 5536244.100400001741946 ], [ 332629.639000000490341, 5536246.057099998928607 ], [ 332631.260200000426266, 5536247.496600000187755 ], [ 332634.183600000105798, 5536247.298999999649823 ], [ 332636.196600000374019, 5536246.896499999798834 ], [ 332639.819899999594782, 5536247.379599998705089 ], [ 332643.040500000177417, 5536246.41330000013113 ], [ 332644.972900000517257, 5536245.447100001387298 ], [ 332647.227400000323541, 5536246.574400000274181 ], [ 332650.637799999676645, 5536245.1771 ], [ 332654.447499999776483, 5536244.21409999858588 ], [ 332658.868300000205636, 5536242.9934 ], [ 332662.639000000490341, 5536244.894999999552965 ], [ 332666.603299999726005, 5536247.089999999850988 ], [ 332667.548799999989569, 5536249.669299999251962 ], [ 332672.509899999888148, 5536250.197700000368059 ], [ 332675.510900000110269, 5536254.786199999041855 ], [ 332686.240000000281725, 5536258.471699999645352 ], [ 332688.658699999621604, 5536259.668700000271201 ], [ 332692.719700000307057, 5536259.537699999287724 ], [ 332697.356700000411365, 5536259.254999999888241 ], [ 332700.564299999794457, 5536259.465600000694394 ], [ 332703.247000000497792, 5536259.50899999961257 ], [ 332704.8477999996976, 5536260.60050000064075 ], [ 332710.292399999685585, 5536265.99930000025779 ], [ 332712.879700000397861, 5536266.799199999310076 ], [ 332714.217799999809358, 5536268.958200000226498 ], [ 332715.460499999986496, 5536272.151399998925626 ], [ 332715.933199999912176, 5536273.687799998559058 ], [ 332715.933231315168086, 5536273.687801764346659 ], [ 332716.311300000175834, 5536274.916400000452995 ], [ 332717.220599999593105, 5536277.774199998937547 ], [ 332718.887799999676645, 5536279.10329999960959 ], [ 332721.776600000506733, 5536279.68099999986589 ], [ 332722.853500000317581, 5536282.1349 ], [ 332722.99340000009397, 5536286.736599998548627 ], [ 332723.248599999584258, 5536289.905299999751151 ], [ 332723.879900000116322, 5536293.113300000317395 ], [ 332724.040900000371039, 5536301.889699999243021 ], [ 332724.860100000223611, 5536305.108000000938773 ], [ 332726.65469999978086, 5536307.907599999569356 ], [ 332728.544700000493322, 5536312.432199999690056 ], [ 332730.800500000012107, 5536314.872899999842048 ], [ 332734.286700000113342, 5536318.634400000795722 ], [ 332735.54220000008354, 5536323.360999999567866 ], [ 332736.04079999960959, 5536328.225399999879301 ], [ 332735.681300000287592, 5536330.92710000090301 ], [ 332737.4068, 5536333.371899999678135 ], [ 332741.674200000183191, 5536335.304400000721216 ], [ 332743.367999999783933, 5536335.970100001432002 ], [ 332744.721800000406802, 5536328.68709999974817 ], [ 332747.556300000287592, 5536323.968499998562038 ], [ 332753.827200000174344, 5536323.446999999694526 ], [ 332761.450500000326429, 5536323.877000000327826 ], [ 332762.464544433518313, 5536324.170383922755718 ], [ 332762.464599999599159, 5536324.170499999076128 ], [ 332771.798899999877904, 5536326.871300000697374 ], [ 332779.162100000306964, 5536329.625399999320507 ], [ 332784.501600000075996, 5536331.117499999701977 ], [ 332794.378700000175741, 5536329.493700000457466 ], [ 332803.4841, 5536324.253599998541176 ], [ 332808.993300000322051, 5536320.446399999782443 ], [ 332811.186800000315998, 5536316.409199999645352 ], [ 332811.036000000312924, 5536311.450500001199543 ], [ 332806.237099999620114, 5536305.971400000154972 ], [ 332801.438199999800418, 5536300.4923 ], [ 332796.238300000375602, 5536292.70920000039041 ], [ 332791.479600000311621, 5536288.552400001324713 ], [ 332788.353599999973085, 5536283.684199999086559 ], [ 332786.2094, 5536278.455199999734759 ], [ 332783.63399999961257, 5536269.930600000545382 ], [ 332777.853400000371039, 5536264.812199999578297 ], [ 332770.019000000320375, 5536257.440099999308586 ], [ 332764.178100000077393, 5536250.338200000114739 ], [ 332757.014899999776389, 5536243.27659999858588 ], [ 332741.496799999906216, 5536233.49100000038743 ], [ 332737.359000000171363, 5536227.991800000891089 ], [ 332737.809100000187755, 5536221.0296 ], [ 332739.571499999728985, 5536213.696599999442697 ], [ 332741.853500000317581, 5536208.7632 ], [ 332742.055300000181887, 5536208.326899999752641 ], [ 332750.610100000223611, 5536206.743300000205636 ], [ 332755.58880000008503, 5536207.253699999302626 ], [ 332761.3794999999227, 5536212.702700001187623 ], [ 332765.176599999889731, 5536217.881400000303984 ], [ 332773.331600000208709, 5536224.912899999879301 ] ] ], [ [ [ 332846.46380000008503, 5536268.682199999690056 ], [ 332847.346000000019558, 5536275.9348 ], [ 332847.937900000310037, 5536284.519799999892712 ], [ 332847.397400000074413, 5536288.506799999624491 ], [ 332847.217500000318978, 5536293.475499999709427 ], [ 332847.318000000028405, 5536296.781300000846386 ], [ 332845.826000000408385, 5536302.120799999684095 ], [ 332843.231599999708124, 5536303.854100000113249 ], [ 332838.35329999960959, 5536306.649400000460446 ], [ 332834.497000000497792, 5536310.40639999974519 ], [ 332832.263299999816809, 5536313.121299999766052 ], [ 332829.398699999786913, 5536316.848099999129772 ], [ 332825.882899999676738, 5536320.925599999725819 ], [ 332822.687699999718461, 5536324.662499999627471 ], [ 332820.193799999600742, 5536329.701500001363456 ], [ 332817.119199999724515, 5536337.405300000682473 ], [ 332816.679200000187848, 5536344.698099999688566 ], [ 332820.526600000506733, 5536351.529699999839067 ], [ 332823.692699999490287, 5536357.720200000330806 ], [ 332824.504599999694619, 5536362.658699999563396 ], [ 332827.410500000289176, 5536371.1733 ], [ 332826.870000000111759, 5536375.160399998538196 ], [ 332823.654699999897275, 5536378.236099999397993 ], [ 332819.106999999901745, 5536381.02140000090003 ], [ 332816.181999999971595, 5536382.764699999243021 ], [ 332813.938299999572337, 5536385.1491 ], [ 332814.048899999877904, 5536388.785399998538196 ], [ 332814.77039999992121, 5536390.748800000175834 ], [ 332816.293700000271201, 5536397.320099999196827 ], [ 332817.44620000012219, 5536402.579199998639524 ], [ 332817.897400000190828, 5536406.536100001074374 ], [ 332818.00789999961853, 5536410.172500000335276 ], [ 332814.827399999892805, 5536414.405699999071658 ], [ 332815.267, 5536414.614 ], [ 332817.2659, 5536415.353299998678267 ], [ 332820.61120000021765, 5536415.457800000905991 ], [ 332823.157700000272598, 5536416.3048 ], [ 332826.056400000175927, 5536417.754200000315905 ], [ 332828.471900000295136, 5536419.122999998740852 ], [ 332829.341400000324938, 5536422.00859999936074 ], [ 332830.001700000022538, 5536424.51759999897331 ], [ 332831.289999999979045, 5536425.161699999123812 ], [ 332835.154799999727402, 5536425.403300000354648 ], [ 332837.452100000402424, 5536426.039400001056492 ], [ 332837.564299999678042, 5536430.660799999721348 ], [ 332839.594600000418723, 5536433.536800000816584 ], [ 332841.274100000096951, 5536435.950999999418855 ], [ 332846.395600000396371, 5536434.077600000426173 ], [ 332851.329900000302587, 5536433.24110000114888 ], [ 332853.834800000302494, 5536434.662799999117851 ], [ 332855.105700000189245, 5536437.897700000554323 ], [ 332857.538599999679718, 5536442.311899999156594 ], [ 332859.470999999903142, 5536445.452099999412894 ], [ 332862.778699999675155, 5536446.738400000147521 ], [ 332865.268299999588635, 5536447.706599999219179 ], [ 332865.654099999926984, 5536447.878799999132752 ], [ 332858.646400000026915, 5536264.007400001399219 ], [ 332853.434999999590218, 5536258.543800000101328 ], [ 332847.323800000420306, 5536253.435499998740852 ], [ 332841.403599999903236, 5536254.6081000007689 ], [ 332838.178200000023935, 5536257.35319999884814 ], [ 332839.010200000426266, 5536262.9529 ], [ 332841.094200000225101, 5536266.198399999178946 ], [ 332846.46380000008503, 5536268.682199999690056 ] ] ], [ [ [ 332325.535699999891222, 5536201.64640000090003 ], [ 332324.081500000378583, 5536206.058199999853969 ], [ 332321.37710000021616, 5536208.522799999453127 ], [ 332316.328599999716971, 5536212.249800001271069 ], [ 332314.886500000022352, 5536217.058400000445545 ], [ 332314.249900000228081, 5536222.239499998278916 ], [ 332312.002399999590125, 5536226.675499999895692 ], [ 332307.711199999786913, 5536229.188299999572337 ], [ 332307.026300000026822, 5536232.782600001432002 ], [ 332308.626500000304077, 5536246.233999999240041 ], [ 332310.983799999579787, 5536258.471199999563396 ], [ 332313.629300000204239, 5536267.126000000163913 ], [ 332322.908553534769453, 5536283.467818169854581 ], [ 332320.122399999818299, 5536284.796199998818338 ], [ 332314.292600000277162, 5536288.944000001065433 ], [ 332312.514100000320468, 5536295.748099998570979 ], [ 332312.298299999907613, 5536301.71059999987483 ], [ 332311.204699999711011, 5536304.920299997553229 ], [ 332306.816999999806285, 5536304.259600000455976 ], [ 332299.19539999961853, 5536301.711799998767674 ], [ 332297.569299999624491, 5536301.135700000450015 ], [ 332294.255500000028405, 5536309.009099999442697 ], [ 332291.864599999971688, 5536321.787700000219047 ], [ 332290.315299999900162, 5536336.128899999894202 ], [ 332290.741700000187848, 5536339.262000000104308 ], [ 332292.929100000299513, 5536355.333999999798834 ], [ 332295.359699999913573, 5536389.778199999593198 ], [ 332315.995000000111759, 5536402.745000000111759 ], [ 332316.582999999693129, 5536403.714999999850988 ], [ 332317.155000000202563, 5536404.695000000298023 ], [ 332317.70899999991525, 5536405.684999999590218 ], [ 332318.245000000111759, 5536406.685000001452863 ], [ 332318.764000000490341, 5536407.69400000013411 ], [ 332319.264999999722932, 5536408.711000001057982 ], [ 332319.748999999894295, 5536409.736999999731779 ], [ 332320.214999999909196, 5536410.771999999880791 ], [ 332320.661999999487307, 5536411.814000000245869 ], [ 332321.091000000073109, 5536412.865000000223517 ], [ 332321.502000000327826, 5536413.92200000025332 ], [ 332321.894000000378583, 5536414.986999999731779 ], [ 332322.26800000021467, 5536416.058000000193715 ], [ 332322.622000000497792, 5536417.134999999776483 ], [ 332322.957999999693129, 5536418.218999999575317 ], [ 332323.275000000372529, 5536419.308000000193715 ], [ 332323.572999999916647, 5536420.403000000864267 ], [ 332323.852000000013504, 5536421.502000000327826 ], [ 332324.111999999789987, 5536422.60700000077486 ], [ 332324.541000000317581, 5536424.661000000312924 ], [ 332318.690000000409782, 5536441.207999999634922 ], [ 332330.381000000110362, 5536464.265999999828637 ], [ 332331.248599999584258, 5536464.9342 ], [ 332329.51730000047246, 5536467.574699999764562 ], [ 332323.242600000521634, 5536470.147799999453127 ], [ 332321.307400000281632, 5536471.7949 ], [ 332319.865299999772105, 5536476.603399999439716 ], [ 332320.07039999961853, 5536483.347199999727309 ], [ 332321.549899999983609, 5536492.831700000911951 ], [ 332326.287399999797344, 5536504.99650000128895 ], [ 332332.827399999776389, 5536511.150600000284612 ], [ 332335.340200000500772, 5536515.441800000146031 ], [ 332336.302400000393391, 5536520.971400001086295 ], [ 332337.300800000375602, 5536527.691099998541176 ], [ 332337.998999999894295, 5536537.596300000324845 ], [ 332338.912999999709427, 5536541.539099999703467 ], [ 332338.636900000274181, 5536545.518100000917912 ], [ 332336.713800000026822, 5536547.561900001019239 ], [ 332331.629099999612663, 5536550.098799999803305 ], [ 332330.52350000012666, 5536552.911800000816584 ], [ 332329.95920000039041, 5536560.473100000992417 ], [ 332330.441599999612663, 5536576.340799999423325 ], [ 332331.776600000506733, 5536588.750099999830127 ], [ 332381.518000000098255, 5536607.987999999895692 ], [ 332430.701000000408385, 5536762.377100000157952 ], [ 332456.70440000022063, 5536843.952099999412894 ], [ 332457.661000000312924, 5536829.76759999897331 ], [ 332458.23730000021169, 5536822.603000000119209 ], [ 332458.777400000079069, 5536814.248299999162555 ], [ 332460.291799999773502, 5536811.820000000298023 ], [ 332466.590699999593198, 5536810.040199999697506 ], [ 332480.559299999906216, 5536812.394999998621643 ], [ 332487.075199999904726, 5536817.755699999630451 ], [ 332495.370900000503752, 5536829.415300001390278 ], [ 332504.616499999596272, 5536840.8339 ], [ 332509.484799999801908, 5536851.130400000140071 ], [ 332514.704199999629054, 5536864.562799998559058 ], [ 332522.302899999602232, 5536879.420099999755621 ], [ 332526.16260000038892, 5536888.832199999131262 ], [ 332533.689000000304077, 5536901.3092 ], [ 332536.502000000327826, 5536902.414899999275804 ], [ 332545.025500000512693, 5536897.983699998818338 ], [ 332550.072700000426266, 5536891.678799998946488 ], [ 332553.701899999810848, 5536880.450799999758601 ], [ 332554.626700000022538, 5536871.687400000169873 ], [ 332558.458999999798834, 5536865.542199999094009 ], [ 332558.417299999913666, 5536865.3317 ], [ 332558.596900000178721, 5536858.17920000012964 ], [ 332559.918300000077579, 5536849.403699999675155 ], [ 332562.93510000029346, 5536844.150200000964105 ], [ 332566.396800000220537, 5536840.471400000154972 ], [ 332568.163200000417419, 5536833.270699999295175 ], [ 332565.878200000093784, 5536823.41370000038296 ], [ 332560.083300000114832, 5536815.648600000888109 ], [ 332554.348699999973178, 5536809.86710000038147 ], [ 332542.760200000426266, 5536807.440000000409782 ], [ 332533.684500000497792, 5536809.304100000299513 ], [ 332528.924200000183191, 5536809.448899999260902 ], [ 332525.702399999892805, 5536807.958599998615682 ], [ 332522.72059999970952, 5536801.299200000241399 ], [ 332526.565600000380073, 5536784.108799999579787 ], [ 332529.089200000278652, 5536775.693799999542534 ], [ 332529.196399999782443, 5536766.161100000143051 ], [ 332527.825500000326429, 5536760.246899999678135 ], [ 332524.483099999895785, 5536754.789699998684227 ], [ 332511.199300000502262, 5536748.840599999763072 ], [ 332489.885099999606609, 5536739.95920000039041 ], [ 332477.779299999587238, 5536733.577199998311698 ], [ 332472.898400000296533, 5536729.755000000819564 ], [ 332472.657200000307057, 5536721.82120000012219 ], [ 332478.883700000180397, 5536717.661299999803305 ], [ 332483.499300000315998, 5536712.756199999712408 ], [ 332483.209800000302494, 5536703.235600000247359 ], [ 332482.896300000196788, 5536692.921599999070168 ], [ 332485.359600000083447, 5536682.523199998773634 ], [ 332485.142500000074506, 5536675.3827 ], [ 332480.201299999898765, 5536669.577100000344217 ], [ 332478.121299999824259, 5536666.4637999990955 ], [ 332477.976599999819882, 5536661.703499999828637 ], [ 332476.688799999596085, 5536645.463200000114739 ], [ 332467.19099999970058, 5536633.443099998869002 ], [ 332460.460400730022229, 5536629.515743466094136 ], [ 332460.634700000286102, 5536616.0132 ], [ 332461.144799999892712, 5536612.356599999591708 ], [ 332467.42960000038147, 5536615.17119999974966 ], [ 332477.203499999886844, 5536623.212300000712276 ], [ 332485.269999999611173, 5536627.334699999541044 ], [ 332493.576399999728892, 5536626.287999999709427 ], [ 332502.099899999797344, 5536632.38190000038594 ], [ 332513.400299999921117, 5536638.39130000025034 ], [ 332517.883899999782443, 5536642.206599999219179 ], [ 332517.808899999596179, 5536639.73960000090301 ], [ 332517.039099999819882, 5536635.315899999812245 ], [ 332515.423100000305567, 5536630.917999998666346 ], [ 332513.416000000317581, 5536627.59080000128597 ], [ 332510.960099999792874, 5536623.430099998600781 ], [ 332509.632799999788404, 5536621.56459999922663 ], [ 332509.29899999970803, 5536617.551199999637902 ], [ 332511.587000000290573, 5536609.222799999639392 ], [ 332514.24100000038743, 5536605.965699999593198 ], [ 332516.16370000038296, 5536599.554300000891089 ], [ 332518.855499999597669, 5536590.578299999237061 ], [ 332520.470900000073016, 5536587.987999998964369 ], [ 332521.505300000309944, 5536588.0504 ], [ 332522.80460000038147, 5536588.128699999302626 ], [ 332523.526399999915157, 5536588.860200000926852 ], [ 332525.644999999611173, 5536591.007100000977516 ], [ 332528.107400000095367, 5536595.379300000146031 ], [ 332532.967699999979232, 5536602.007999999448657 ], [ 332541.860700000077486, 5536608.937699999660254 ], [ 332546.425900000089314, 5536612.8224 ], [ 332550.112599999585655, 5536615.675000000745058 ], [ 332554.729299999773502, 5536621.252299998886883 ], [ 332557.762000000104308, 5536623.489500000141561 ], [ 332562.096300000324845, 5536626.746000000275671 ], [ 332563.404299999703653, 5536627.976800001226366 ], [ 332565.565000000409782, 5536629.393500000238419 ], [ 332566.78940000012517, 5536627.8739 ], [ 332566.680100000521634, 5536624.277200001291931 ], [ 332564.224100000283215, 5536620.116599998436868 ], [ 332562.601700000523124, 5536615.507100000977516 ], [ 332561.991999999678228, 5536609.384499999694526 ], [ 332563.905399999581277, 5536606.14989999961108 ], [ 332555.408400000073016, 5536595.822599999606609 ], [ 332552.172799999883864, 5536589.190200001001358 ], [ 332550.411600000225008, 5536580.291799999773502 ], [ 332550.466000000073109, 5536575.644899998791516 ], [ 332550.916000000201166, 5536572.868000000715256 ], [ 332551.91789999982575, 5536570.661700001917779 ], [ 332553.884600000514183, 5536568.493800000287592 ], [ 332556.638700000010431, 5536566.226700000464916 ], [ 332560.513799999898765, 5536562.698200000450015 ], [ 332562.420900000317488, 5536560.057799999602139 ], [ 332563.796099999919534, 5536557.0044 ], [ 332564.501500000187661, 5536553.715400000102818 ], [ 332563.787100000306964, 5536548.045199999585748 ], [ 332564.05590000009397, 5536541.291100001893938 ], [ 332564.308799999824259, 5536538.219200000166893 ], [ 332565.427199999801815, 5536534.398100000806153 ], [ 332566.50719999987632, 5536531.541899999603629 ], [ 332569.398900000378489, 5536529.097400001250207 ], [ 332573.11780000012368, 5536526.86869999859482 ], [ 332580.360999999626074, 5536524.67579999845475 ], [ 332582.723299999779556, 5536524.378100001253188 ], [ 332585.3026, 5536524.532999999821186 ], [ 332587.606700000411365, 5536525.042700000107288 ], [ 332590.011300000420306, 5536527.619699998758733 ], [ 332591.785899999609683, 5536530.276200001128018 ], [ 332594.054200000071432, 5536534.310499998740852 ], [ 332596.638700000010431, 5536539.584900001063943 ], [ 332598.631600000022445, 5536543.973899999633431 ], [ 332599.678299999795854, 5536547.202100000344217 ], [ 332600.942099999694619, 5536550.88289999961853 ], [ 332601.398600000014994, 5536554.5055 ], [ 332601.579800000414252, 5536558.482799997553229 ], [ 332601.385200000426266, 5536560.747399999760091 ], [ 332600.54079999960959, 5536562.933899999596179 ], [ 332599.107400000211783, 5536566.794600000604987 ], [ 332595.568400000280235, 5536571.720800000242889 ], [ 332593.937800000421703, 5536575.286399998702109 ], [ 332592.897500000020955, 5536578.457599998451769 ], [ 332592.5269, 5536581.864400000311434 ], [ 332592.706799999810755, 5536584.56180000025779 ], [ 332592.848299999779556, 5536588.224099999293685 ], [ 332593.185700000321958, 5536590.90159999858588 ], [ 332594.194000000192318, 5536595.094699999317527 ], [ 332595.124099999724422, 5536598.636 ], [ 332597.958100000396371, 5536601.302799999713898 ], [ 332600.984400000481401, 5536603.328400000929832 ], [ 332604.6261, 5536604.700100000947714 ], [ 332608.52520000009099, 5536602.095100001432002 ], [ 332608.196300000010524, 5536596.75620000064373 ], [ 332609.843899999686982, 5536595.223799999803305 ], [ 332611.850200000277255, 5536591.562799998559058 ], [ 332614.677099999971688, 5536587.029799999669194 ], [ 332619.882700000016484, 5536584.118599999696016 ], [ 332621.13609999982873, 5536583.551100000739098 ], [ 332620.989400000311434, 5536573.066599999554455 ], [ 332619.485799999907613, 5536562.788699999451637 ], [ 332618.547600000223611, 5536558.052500000223517 ], [ 332615.181099999696016, 5536551.801899998448789 ], [ 332610.985100000107195, 5536544.385400001890957 ], [ 332605.357699999585748, 5536529.07120000012219 ], [ 332606.294599999673665, 5536520.704400001093745 ], [ 332612.279799999727402, 5536508.6107 ], [ 332623.325600000098348, 5536493.186599999666214 ], [ 332623.493200000375509, 5536485.63739999756217 ], [ 332630.056099999696016, 5536479.48200000077486 ], [ 332631.40440000029048, 5536479.0152000002563 ], [ 332631.113499999977648, 5536475.0822 ], [ 332628.240100000111852, 5536471.99309999961406 ], [ 332625.415099999925587, 5536470.490799999795854 ], [ 332621.05140000017127, 5536470.623400000855327 ], [ 332613.923000000417233, 5536471.23719999846071 ], [ 332610.761599999910686, 5536471.730399999767542 ], [ 332603.164099999703467, 5536469.975999999791384 ], [ 332601.4205, 5536464.8673 ], [ 332600.410099999979138, 5536457.750900000333786 ], [ 332593.569799999822862, 5536454.782400001771748 ], [ 332587.295099999813829, 5536457.355499999597669 ], [ 332578.376199999882374, 5536464.376700000837445 ], [ 332566.980700000189245, 5536468.296699999831617 ], [ 332557.832600000314415, 5536467.780600000172853 ], [ 332550.9079, 5536462.035300000570714 ], [ 332545.394199999980628, 5536457.455900001339614 ], [ 332533.188100000028498, 5536453.838700000196695 ], [ 332524.040099999925587, 5536453.322699999436736 ], [ 332515.613099999725819, 5536450.4024 ], [ 332505.274899999727495, 5536449.922600001096725 ], [ 332499.191899999976158, 5536445.739899999462068 ], [ 332493.396999999880791, 5536437.974899999797344 ], [ 332490.99210000038147, 5536431.206299998797476 ], [ 332490.992070177569985, 5536431.206316061317921 ], [ 332489.489099999889731, 5536426.976099999621511 ], [ 332488.069899999594782, 5536419.47510000038892 ], [ 332486.265999999886844, 5536412.382899998687208 ], [ 332484.822700000426266, 5536404.088500000536442 ], [ 332484.56940000038594, 5536395.75800000037998 ], [ 332485.830599999986589, 5536384.999099999666214 ], [ 332489.921769530861638, 5536377.853553215973079 ], [ 332490.069599999987986, 5536378.20409999974072 ], [ 332499.6837, 5536383.552200000733137 ], [ 332506.826200000010431, 5536388.6291000014171 ], [ 332510.718100000172853, 5536391.26380000077188 ], [ 332513.218999999575317, 5536396.905400001443923 ], [ 332515.251799999794457, 5536401.0789 ], [ 332519.624699999578297, 5536405.604800000786781 ], [ 332522.824000000080559, 5536406.354600000195205 ], [ 332526.766599999798927, 5536403.693499998189509 ], [ 332530.459099999628961, 5536399.769500000402331 ], [ 332532.305300000181887, 5536397.807500000111759 ], [ 332536.716099999903236, 5536396.6146 ], [ 332541.806599999777973, 5536396.883300000801682 ], [ 332545.685600000491831, 5536399.094799999147654 ], [ 332550.872600000409875, 5536402.537100000306964 ], [ 332556.046799999719951, 5536405.556300000287592 ], [ 332560.534799999615643, 5536406.902200000360608 ], [ 332562.637600000074599, 5536406.414800000376999 ], [ 332564.035000000207219, 5536403.619300000369549 ], [ 332565.233599999977741, 5536401.25349999871105 ], [ 332568.94539999961853, 5536397.964199998416007 ], [ 332571.36840000009397, 5536394.078699998557568 ], [ 332572.118200000375509, 5536390.879499998874962 ], [ 332572.19469999987632, 5536386.430100000463426 ], [ 332571.713700000196695, 5536384.538799999281764 ], [ 332570.630099999776576, 5536383.724700000137091 ], [ 332566.623200000321958, 5536384.269999999552965 ], [ 332564.250900000391994, 5536382.859799998812377 ], [ 332563.36600000038743, 5536381.616099999286234 ], [ 332561.596300000383053, 5536379.128799999132752 ], [ 332560.653500000014901, 5536375.980899999849498 ], [ 332559.486299999989569, 5536372.416400000452995 ], [ 332558.293399999791291, 5536368.005599998869002 ], [ 332557.517199999711011, 5536363.370400001294911 ], [ 332557.369300000427756, 5536358.504299999214709 ], [ 332558.676599999889731, 5536352.746899998746812 ], [ 332559.419999999983702, 5536349.3361 ], [ 332558.900299999921117, 5536346.1754 ], [ 332556.91260000038892, 5536343.482899999246001 ], [ 332553.430999999924097, 5536340.412299999035895 ], [ 332551.436800000199582, 5536337.508199999108911 ], [ 332550.500500000081956, 5536334.571899999864399 ], [ 332547.602199999673758, 5536329.78940000012517 ], [ 332556.471599999815226, 5536318.527899999171495 ], [ 332559.127799999900162, 5536314.476500001735985 ], [ 332559.75239999970654, 5536308.898700000718236 ], [ 332559.066200000292156, 5536299.3902000002563 ], [ 332560.484199999889825, 5536293.788200000301003 ], [ 332567.489099999889731, 5536285.748100000433624 ], [ 332559.744099999777973, 5536284.295699999667704 ], [ 332552.684600000327919, 5536281.93019999936223 ], [ 332548.583700000308454, 5536280.401700000278652 ], [ 332542.7462, 5536279.797800000756979 ], [ 332540.188900000415742, 5536280.3925 ], [ 332537.544599999673665, 5536281.007500000298023 ], [ 332507.67300000047544, 5536271.26410000026226 ], [ 332505.036199999973178, 5536269.3805 ], [ 332502.688799999596085, 5536267.11629999987781 ], [ 332501.179100000299513, 5536265.002699999138713 ], [ 332498.874699999578297, 5536261.516599998809397 ], [ 332497.455199999792967, 5536259.064600000157952 ], [ 332497.455199999792967, 5536254.636199998669326 ], [ 332498.26040000008652, 5536249.603799999691546 ], [ 332497.6497, 5536246.0927 ], [ 332497.780600000172853, 5536239.689299999736249 ], [ 332496.321600000374019, 5536235.23369999974966 ], [ 332494.435800000093877, 5536231.688699999824166 ], [ 332493.731300000101328, 5536227.059000000357628 ], [ 332493.12739999970654, 5536220.517000001855195 ], [ 332493.905199999921024, 5536215.515900000929832 ], [ 332496.046099999919534, 5536210.552899999544024 ], [ 332498.089900000079069, 5536206.326899998821318 ], [ 332498.5428, 5536202.07010000012815 ], [ 332498.361100000271108, 5536198.575999999418855 ], [ 332498.964900000079069, 5536195.153999999165535 ], [ 332498.74129999987781, 5536189.931699999608099 ], [ 332498.461699999927077, 5536179.956399998627603 ], [ 332500.474600000306964, 5536174.521499999798834 ], [ 332497.937599999771919, 5536171.356300000101328 ], [ 332493.832000000402331, 5536166.067199998535216 ], [ 332489.695899999700487, 5536158.45060000102967 ], [ 332319.714300000225194, 5536166.881699998863041 ], [ 332316.324699999822769, 5536172.941100000403821 ], [ 332316.517699999792967, 5536179.288200001232326 ], [ 332319.175200000405312, 5536188.339700000360608 ], [ 332323.286899999773595, 5536192.979399998672307 ], [ 332325.451200000010431, 5536198.8695 ], [ 332325.535699999891222, 5536201.64640000090003 ] ] ], [ [ [ 332296.945299999788404, 5536558.565099999308586 ], [ 332296.824699999822769, 5536554.598200000822544 ], [ 332294.29980000021169, 5536549.910299999639392 ], [ 332289.07050000037998, 5536547.686899999156594 ], [ 332282.2182, 5536544.321699999272823 ], [ 332274.969200000225101, 5536540.968499998562038 ], [ 332271.578499999828637, 5536533.924499998800457 ], [ 332268.115500000305474, 5536524.500399999320507 ], [ 332265.818500000110362, 5536514.2467 ], [ 332264.832200000120793, 5536507.92369999922812 ], [ 332263.088600000424776, 5536502.815000000409782 ], [ 332262.247000000497792, 5536501.252299998886883 ], [ 332255.839599999599159, 5536499.461799999698997 ], [ 332250.313400000391994, 5536499.820699999108911 ], [ 332252.820000000298023, 5536558.213100000284612 ], [ 332316.887600000016391, 5536582.991800000891089 ], [ 332312.934899999818299, 5536575.152599999681115 ], [ 332308.414500000013504, 5536570.128200001083314 ], [ 332307.885099999606609, 5536565.776699999347329 ], [ 332304.194299999624491, 5536561.918299999088049 ], [ 332296.945299999788404, 5536558.565099999308586 ] ] ], [ [ [ 332567.387500000186265, 5536768.5735999988392 ], [ 332561.593899999803398, 5536773.911499999463558 ], [ 332563.782300000078976, 5536780.595000000670552 ], [ 332568.62710000021616, 5536783.227099998854101 ], [ 332573.459699999482837, 5536785.462500001303852 ], [ 332580.624300000199582, 5536786.038899999111891 ], [ 332588.233799999579787, 5536788.189899999648333 ], [ 332594.292799999879207, 5536791.579199998639524 ], [ 332599.258100000210106, 5536798.17820000089705 ], [ 332602.997200000099838, 5536803.6234 ], [ 332605.521999999880791, 5536808.3114 ], [ 332612.025899999774992, 5536813.275399999693036 ], [ 332617.182900000421796, 5536813.118599999696016 ], [ 332621.822599999606609, 5536809.006999999284744 ], [ 332625.224000000394881, 5536803.344699999317527 ], [ 332627.014499999582767, 5536796.937400001101196 ], [ 332630.464100000506733, 5536792.86189999897033 ], [ 332635.188299999572337, 5536791.527099999599159 ], [ 332641.559500000497792, 5536792.127499998547137 ], [ 332645.562599999888334, 5536793.196999999694526 ], [ 332649.674200000299606, 5536797.836699998937547 ], [ 332650.203599999716971, 5536802.188299999572337 ], [ 332650.125608280301094, 5536803.157997047528625 ], [ 332650.125599999912083, 5536803.157999999821186 ], [ 332649.915400000289083, 5536805.770399999804795 ], [ 332647.295400000177324, 5536811.011900001205504 ], [ 332634.878600000520237, 5536820.521699999459088 ], [ 332628.796799999719951, 5536829.4419 ], [ 332627.799700000381563, 5536835.825200000777841 ], [ 332625.660799999721348, 5536843.831399999558926 ], [ 332621.5625, 5536852.691300000995398 ], [ 332619.747800000011921, 5536858.305300001055002 ], [ 332616.760099999606609, 5536860.553299999795854 ], [ 332622.279500000178814, 5536861.04079999960959 ], [ 332626.727099999785423, 5536859.317400000989437 ], [ 332629.523699999786913, 5536855.526499999687076 ], [ 332632.296099999919534, 5536850.942199998535216 ], [ 332634.347400000318885, 5536848.762199999764562 ], [ 332638.049899999983609, 5536848.649600000120699 ], [ 332638.729199999885168, 5536849.243000000715256 ], [ 332641.856900000013411, 5536851.974999999627471 ], [ 332642.274100000096951, 5536856.991800000891089 ], [ 332642.418800000101328, 5536861.752100000157952 ], [ 332643.621399999712594, 5536866.480200001038611 ], [ 332648.69440000038594, 5536867.914200000464916 ], [ 332655.041500000283122, 5536867.721300000324845 ], [ 332661.685200000181794, 5536868.578099998645484 ], [ 332670.733199999725912, 5536870.155999998562038 ], [ 332674.540099999925587, 5536873.4814 ], [ 332678.87600000022212, 5536876.79079999960959 ], [ 332684.526200000196695, 5536879.795500000938773 ], [ 332688.012500000186265, 5536881.277700000442564 ], [ 332690.1282000002102, 5536881.213400000706315 ], [ 332692.972900000400841, 5536879.009300000965595 ], [ 332694.166600000171456, 5536874.737699998542666 ], [ 332694.326500000490341, 5536871.2917 ], [ 332692.875599999912083, 5536867.100499999709427 ], [ 332689.82180000009248, 5536862.428600000217557 ], [ 332687.337100000120699, 5536859.063000001013279 ], [ 332685.13300000037998, 5536856.2182 ], [ 332685.82180000009248, 5536852.756100000813603 ], [ 332689.21960000047693, 5536851.329299997538328 ], [ 332693.979899999685585, 5536851.184499998576939 ], [ 332700.014299999922514, 5536849.412800000980496 ], [ 332710.288099999597762, 5536847.777000000700355 ], [ 332718.486399999877904, 5536847.527700000442564 ], [ 332736.045400000177324, 5536850.43510000128299 ], [ 332747.000900000275578, 5536853.807899999432266 ], [ 332755.568199999688659, 5536856.988599999807775 ], [ 332763.133899999782443, 5536862.052799999713898 ], [ 332765.3542, 5536865.426400000229478 ], [ 332764.465200000500772, 5536871.012299999594688 ], [ 332762.4781, 5536875.308000000193715 ], [ 332762.053700000105891, 5536878.762100000865757 ], [ 332762.294900000095367, 5536886.695900000631809 ], [ 332765.396900000108872, 5536892.954600000753999 ], [ 332769.195899999816902, 5536896.015499998815358 ], [ 332771.816399999894202, 5536895.141800000332296 ], [ 332774.10809999977937, 5536892.160299998708069 ], [ 332776.608000000123866, 5536887.319600000977516 ], [ 332779.476900000183377, 5536885.908900000154972 ], [ 332785.303100000077393, 5536885.996400001458824 ], [ 332788.82149999961257, 5536888.536499999463558 ], [ 332793.622000000497792, 5536889.71409999858588 ], [ 332802.084699999482837, 5536889.456800000742078 ], [ 332813.696899999922607, 5536888.3097 ], [ 332818.449199999799021, 5536887.900500000454485 ], [ 332821.847000000125263, 5536886.4737 ], [ 332823.377500000409782, 5536884.574200000613928 ], [ 332823.74560000008205, 5536879.268899999558926 ], [ 332821.420900000317488, 5536872.4572 ], [ 332821.092100000125356, 5536870.349600000306964 ], [ 332825.547799999825656, 5536868.890599998645484 ], [ 332832.207499999611173, 5536870.2763 ], [ 332839.020100000314415, 5536876.686900001019239 ], [ 332844.173499999626074, 5536880.765499998815358 ], [ 332848.749699999578297, 5536883.273500001989305 ], [ 332854.640300000086427, 5536885.476700000464916 ], [ 332857.149100000096951, 5536889.635800000280142 ], [ 332857.037399999797344, 5536894.668600000441074 ], [ 332855.03419999970356, 5536898.4353 ], [ 332852.750500000081956, 5536901.681200000457466 ], [ 332851.572999999916647, 5536906.481799999251962 ], [ 332851.229000000283122, 5536912.580500001087785 ], [ 332849.794900000095367, 5536917.6535 ], [ 332847.070799999928568, 5536923.824500000104308 ], [ 332842.872399999818299, 5536933.746299999766052 ], [ 332840.604799999913666, 5536937.521099998615682 ], [ 332838.361399999819696, 5536942.089300001040101 ], [ 332832.335000000020955, 5536944.125500001013279 ], [ 332828.624499999918044, 5536943.973600000143051 ], [ 332820.906899999885354, 5536942.620000001043081 ], [ 332817.188299999572337, 5536942.203600000590086 ], [ 332814.223000000289176, 5536940.4408 ], [ 332808.572800000198185, 5536937.436100001446903 ], [ 332803.724100000225008, 5536934.671799999661744 ], [ 332800.237800000293646, 5536933.189500001259148 ], [ 332795.942099999694619, 5536931.202499999664724 ], [ 332792.463899999915157, 5536929.9847 ], [ 332788.705199999676552, 5536928.245999999344349 ], [ 332784.393400000524707, 5536925.730000000447035 ], [ 332782.237499999871943, 5536924.472000000998378 ], [ 332777.685399999900255, 5536922.757500000298023 ], [ 332775.200699999928474, 5536919.391800000332296 ], [ 332774.871899999678135, 5536917.28419999871403 ], [ 332773.140399999916553, 5536912.572100000455976 ], [ 332770.687900000310037, 5536910.2643 ], [ 332768.572200000286102, 5536910.328600000590086 ], [ 332763.843999999575317, 5536911.531200001016259 ], [ 332759.941399999894202, 5536913.767500001005828 ], [ 332757.361100000387523, 5536915.963599999435246 ], [ 332754.284099999873433, 5536919.233599998988211 ], [ 332751.503600000403821, 5536923.553400000557303 ], [ 332751.66440000012517, 5536928.842700000852346 ], [ 332757.114500000083353, 5536933.971099999733269 ], [ 332760.400600000284612, 5536937.577099997550249 ], [ 332761.266300000308547, 5536939.9331 ], [ 332760.833900000026915, 5536943.122699999250472 ], [ 332758.285699999891222, 5536946.3767 ], [ 332755.449000000022352, 5536948.845300000160933 ], [ 332752.692699999606702, 5536953.958499999716878 ], [ 332744.007799999788404, 5536961.350199999287724 ], [ 332844.025999999605119, 5536956.089999999850988 ], [ 332864.849000000511296, 5536912.922000001184642 ], [ 332863.610999999509659, 5536869.798999999649823 ], [ 332869.33559999987483, 5536860.438999999314547 ], [ 332866.290099999925587, 5536859.446100000292063 ], [ 332861.513700000010431, 5536859.061900001019239 ], [ 332855.431099999696016, 5536859.246799999848008 ], [ 332851.119300000427756, 5536856.7308 ], [ 332848.626600000075996, 5536853.100700000301003 ], [ 332845.380699999572244, 5536850.816999999806285 ], [ 332842.207100000290666, 5536850.913499999791384 ], [ 332838.769100000208709, 5536851.018000001087785 ], [ 332835.098799999803305, 5536852.188400000333786 ], [ 332830.378700000292156, 5536853.655500001274049 ], [ 332822.725399999879301, 5536854.417500000447035 ], [ 332813.773900000378489, 5536856.0132 ], [ 332805.046699999773409, 5536856.2785 ], [ 332799.14809999987483, 5536853.8108000010252 ], [ 332797.224499999487307, 5536851.486900000832975 ], [ 332794.931900000199676, 5536845.7331000007689 ], [ 332794.739000000117812, 5536839.386 ], [ 332794.554100000299513, 5536833.303399999625981 ], [ 332794.369099999777973, 5536827.220799997448921 ], [ 332793.439100000075996, 5536822.748999999836087 ], [ 332790.409400000295136, 5536818.8706 ], [ 332785.616899999789894, 5536817.957399999722838 ], [ 332778.228099999891128, 5536818.711500001139939 ], [ 332775.655799999774899, 5536821.17200000025332 ], [ 332773.172000000195112, 5536826.5417 ], [ 332774.455000000074506, 5536833.914400001056492 ], [ 332776.47510000038892, 5536839.411800000816584 ], [ 332779.352800000517163, 5536847.000799999572337 ], [ 332777.670400000177324, 5536852.6108 ], [ 332774.520999999716878, 5536853.50069999974221 ], [ 332766.474600000306964, 5536850.03940000012517 ], [ 332763.180499999900348, 5536846.168999999761581 ], [ 332757.45789999992121, 5536840.784099999815226 ], [ 332751.783599999791477, 5536836.985999999567866 ], [ 332744.241999999678228, 5536832.715300000272691 ], [ 332739.946300000010524, 5536830.728299998678267 ], [ 332736.139299999980722, 5536827.402799996547401 ], [ 332735.538099999597762, 5536825.038699999451637 ], [ 332737.549200000299606, 5536821.536399999633431 ], [ 332741.427699999883771, 5536818.506699999794364 ], [ 332745.314199999906123, 5536815.741499999538064 ], [ 332745.738599999807775, 5536812.287399999797344 ], [ 332744.552199999801815, 5536808.088200001046062 ], [ 332741.041799999773502, 5536805.812599999830127 ], [ 332741.970999999903142, 5536801.549000000581145 ], [ 332745.512699999904726, 5536796.147199999541044 ], [ 332751.4425, 5536790.9375 ], [ 332758.155600000172853, 5536786.974999998696148 ], [ 332754.655399999581277, 5536783.428100001066923 ], [ 332750.483400000317488, 5536776.80489999987185 ], [ 332750.026499999687076, 5536774.833499999716878 ], [ 332747.714200000278652, 5536772.786199999041855 ], [ 332745.502000000327826, 5536769.676899998448789 ], [ 332742.752899999672081, 5536766.319299999624491 ], [ 332738.384800000116229, 5536761.952100000344217 ], [ 332733.808600000222214, 5536759.444199998863041 ], [ 332728.7034, 5536756.952300000935793 ], [ 332726.623499999812339, 5536753.791799999773502 ], [ 332726.483199999725912, 5536753.578699998557568 ], [ 332732.500599999912083, 5536742.542800000868738 ], [ 332732.708800000196788, 5536740.683499999344349 ], [ 332730.680700000375509, 5536734.921600000932813 ], [ 332724.493599999696016, 5536731.668500000610948 ], [ 332715.989939892315306, 5536725.00943123921752 ], [ 332718.078499999886844, 5536723.095300000160933 ], [ 332724.641400000080466, 5536716.93989999871701 ], [ 332730.795500000123866, 5536710.399799999780953 ], [ 332731.432099999918137, 5536705.218699998222291 ], [ 332731.33559999987483, 5536702.045199999585748 ], [ 332729.279799999727402, 5536699.725299999117851 ], [ 332726.899600000178907, 5536699.797700000926852 ], [ 332722.992999999783933, 5536701.901699999347329 ], [ 332715.924900000100024, 5536704.498999998904765 ], [ 332709.638100000098348, 5536706.6754 ], [ 332704.1568, 5536709.22440000064671 ], [ 332698.278800000378396, 5536711.785400000400841 ], [ 332693.518500000296626, 5536711.93019999936223 ], [ 332687.087000000406988, 5536709.346300000324845 ], [ 332680.67960000038147, 5536707.555799999274313 ], [ 332674.7292, 5536707.736700000241399 ], [ 332669.608400000317488, 5536709.083499998785555 ], [ 332664.427199999801815, 5536708.446899999864399 ], [ 332654.425499999895692, 5536705.971599999815226 ], [ 332648.811499999894295, 5536704.156999999657273 ], [ 332644.3394, 5536700.719399998895824 ], [ 332643.425400000123773, 5536696.77659999858588 ], [ 332643.244499999971595, 5536690.826199999079108 ], [ 332649.867600000521634, 5536686.654299999587238 ], [ 332666.90130000008503, 5536685.342299999669194 ], [ 332684.283400000073016, 5536682.4315 ], [ 332690.570200000016484, 5536680.255100000649691 ], [ 332694.825299999676645, 5536676.552200000733137 ], [ 332694.716699999815319, 5536672.981899998150766 ], [ 332693.0455, 5536670.2533 ], [ 332686.108799999579787, 5536664.111300000920892 ], [ 332678.871899999678135, 5536661.154799998737872 ], [ 332673.6907000002102, 5536660.518200000748038 ], [ 332665.444600000104401, 5536663.5483 ], [ 332660.599899999797344, 5536660.916199999861419 ], [ 332652.533400000073016, 5536656.793800000101328 ], [ 332641.702100000402424, 5536653.152499999850988 ], [ 332632.457499999611173, 5536649.462899998761714 ], [ 332617.541199999919627, 5536646.587500000372529 ], [ 332619.196999999694526, 5536652.116099999286234 ], [ 332619.299899999983609, 5536655.501199999824166 ], [ 332617.684600000327919, 5536658.091499999165535 ], [ 332616.312900000310037, 5536661.733199999667704 ], [ 332615.979799999913666, 5536664.707999999634922 ], [ 332614.556699999608099, 5536666.657199999317527 ], [ 332612.05009999970207, 5536667.792199999094009 ], [ 332611.268099999986589, 5536669.933599999174476 ], [ 332611.9671, 5536672.03000000026077 ], [ 332613.550999999977648, 5536675.370100000873208 ], [ 332614.718200000119396, 5536678.934599999338388 ], [ 332614.545199999585748, 5536680.2105 ], [ 332610.5576, 5536681.39049999974668 ], [ 332607.198200000508223, 5536682.339700000360608 ], [ 332598.210099999792874, 5536686.21299999859184 ], [ 332595.479000000283122, 5536686.93129999935627 ], [ 332589.099700000078883, 5536686.066400000825524 ], [ 332586.189199999906123, 5536687.848999999463558 ], [ 332583.906999999715481, 5536689.400699999183416 ], [ 332582.272300000302494, 5536691.356300000101328 ], [ 332581.689100000075996, 5536693.068199998699129 ], [ 332581.798399999795947, 5536696.664799999445677 ], [ 332582.491000000503846, 5536698.549699999392033 ], [ 332582.548899999819696, 5536700.45380000025034 ], [ 332581.760499999916647, 5536702.383699999190867 ], [ 332579.965699999593198, 5536706.038200001232326 ], [ 332579.2352, 5536709.872199999168515 ], [ 332578.312400000228081, 5536714.347300001420081 ], [ 332578.376799999678042, 5536716.463000000454485 ], [ 332578.902800000272691, 5536719.835199999623001 ], [ 332579.659699999727309, 5536723.835799999535084 ], [ 332580.403800000494812, 5536727.413200000301003 ], [ 332580.493800000287592, 5536730.375099998898804 ], [ 332579.73759999970207, 5536733.362800000235438 ], [ 332578.301599999889731, 5536734.88880000077188 ], [ 332572.916600000171456, 5536738.864299998618662 ], [ 332568.717400000372436, 5536740.05079999845475 ], [ 332566.12710000021616, 5536738.435399999842048 ], [ 332566.229299999773502, 5536734.832299998961389 ], [ 332566.248300000210293, 5536734.726099998690188 ], [ 332560.598500000371132, 5536736.527800000272691 ], [ 332557.844399999885354, 5536743.890900000929832 ], [ 332559.668200000189245, 5536749.4605 ], [ 332562.173100000305567, 5536755.671099998988211 ], [ 332564.998700000403915, 5536761.54109999909997 ], [ 332567.249300000315998, 5536768.700899998657405 ], [ 332567.387500000186265, 5536768.5735999988392 ] ] ] ] } },
{ "type": "Feature", "properties": { "fid": 4, "Layer": "ESA 2", "ESA_RANK": 2.0, "area_m2": 191491.76270526028, "pct_BNDRY": 44.454906018059276, "pct_CE_total_area": 19.769580605722116, "CE+SRW_area": 47020.199207043195, "pct_SRW+CE": 35.068325973025622, "SRW_area": 29316.219263426727, "pct_SRW": 65.851182055132739, "CE_AREA_m2": 21016.41, "ESA_ZONE": "2" }, "geometry": { "type": "MultiPolygon", "coordinates": [ [ [ [ 332813.465699999593198, 5536162.810299999080598 ], [ 332815.529500000178814, 5536165.3947 ], [ 332819.927500000223517, 5536168.569799999706447 ], [ 332823.704599999822676, 5536173.087299999780953 ], [ 332826.159300000406802, 5536177.644999999552965 ], [ 332826.97119134652894, 5536182.583547364920378 ], [ 332826.120199999772012, 5536187.241700001060963 ], [ 332822.404500000178814, 5536195.626700000837445 ], [ 332818.959099999687169, 5536202.018300000578165 ], [ 332806.208399999886751, 5536217.957399999722838 ], [ 332796.572499999776483, 5536227.515000000596046 ], [ 332782.708399999886751, 5536228.598300000652671 ], [ 332773.331600000208709, 5536224.912800000980496 ], [ 332765.176599999889731, 5536217.881299999542534 ], [ 332761.379499999806285, 5536212.702599998563528 ], [ 332755.588800000026822, 5536207.253599998541176 ], [ 332750.610100000223611, 5536206.743200001306832 ], [ 332742.055300000181887, 5536208.3268 ], [ 332739.57149999961257, 5536213.696499998681247 ], [ 332737.809100000187755, 5536221.029500000178814 ], [ 332737.359000000171363, 5536227.991700001060963 ], [ 332737.359005953534506, 5536227.991707913577557 ], [ 332737.359000000171363, 5536227.991800000891089 ], [ 332741.496799999906216, 5536233.49100000038743 ], [ 332757.014899999776389, 5536243.27659999858588 ], [ 332770.019000000320375, 5536257.440099999308586 ], [ 332777.853400000371039, 5536264.812199999578297 ], [ 332783.63399999961257, 5536269.930600000545382 ], [ 332786.2094, 5536278.455199999734759 ], [ 332788.353599999973085, 5536283.684199999086559 ], [ 332791.479600000311621, 5536288.552400001324713 ], [ 332796.238300000375602, 5536292.70920000039041 ], [ 332801.438199999800418, 5536300.4923 ], [ 332806.237099999620114, 5536305.971400000154972 ], [ 332811.036000000312924, 5536311.450500001199543 ], [ 332811.186797120375559, 5536316.409105299971998 ], [ 332808.993300000205636, 5536320.4463 ], [ 332803.4841, 5536324.253499999642372 ], [ 332794.378700000292156, 5536329.493599998764694 ], [ 332784.501600000075996, 5536331.117400000803173 ], [ 332779.162100000306964, 5536329.625299998559058 ], [ 332771.798899999819696, 5536326.8712 ], [ 332762.464555046986789, 5536324.17040609382093 ], [ 332761.450499999744352, 5536323.876999942585826 ], [ 332753.878313976165373, 5536323.490720289759338 ], [ 332747.556510124995839, 5536323.968736617825925 ], [ 332744.721798917744309, 5536328.687102902680635 ], [ 332743.367999999783933, 5536335.970200000330806 ], [ 332745.061900000087917, 5536336.635999999009073 ], [ 332748.533499999903142, 5536338.3717 ], [ 332750.528699999675155, 5536340.052599999122322 ], [ 332753.543600000499282, 5536343.067499999888241 ], [ 332755.684200000076089, 5536345.0471 ], [ 332757.841000000014901, 5536346.347899998538196 ], [ 332759.468500000482891, 5536351.246799998916686 ], [ 332764.018700000015087, 5536352.3657 ], [ 332765.203400000114925, 5536353.42989999987185 ], [ 332766.323800000420306, 5536353.713500000536442 ], [ 332770.096800000406802, 5536357.527200000360608 ], [ 332775.088899999915157, 5536358.815499999560416 ], [ 332781.208200000284705, 5536365.256899999454618 ], [ 332783.47690000012517, 5536369.392100000753999 ], [ 332786.110600000189152, 5536375.52659999858588 ], [ 332787.328200000396464, 5536379.66440000012517 ], [ 332789.904099999926984, 5536385.386199999600649 ], [ 332791.715699999593198, 5536389.629799999296665 ], [ 332793.527400000020862, 5536393.598999999463558 ], [ 332793.85589485388482, 5536399.058114480227232 ], [ 332791.675500000012107, 5536405.193299999460578 ], [ 332791.299100000411272, 5536407.271800000220537 ], [ 332791.299102603108622, 5536407.271885627880692 ], [ 332791.299100000527687, 5536407.271899999119341 ], [ 332791.361800000071526, 5536409.334699998609722 ], [ 332794.252000000386033, 5536412.923100000247359 ], [ 332795.459800000302494, 5536413.8893 ], [ 332796.281299999915063, 5536414.426400000229478 ], [ 332798.59989999991376, 5536414.372400000691414 ], [ 332800.431099999696016, 5536415.0943 ], [ 332802.52280000038445, 5536415.98369999974966 ], [ 332806.490600000193808, 5536417.029500000178814 ], [ 332810.838600000424776, 5536415.0165 ], [ 332813.737200000381563, 5536413.8893 ], [ 332814.827399999892805, 5536414.405699999071658 ], [ 332818.00789999961853, 5536410.172500000335276 ], [ 332818.007897078990936, 5536410.172403885982931 ], [ 332818.007899999676738, 5536410.172399998642504 ], [ 332817.897400000074413, 5536406.535999998450279 ], [ 332817.446200000180397, 5536402.57909999974072 ], [ 332816.293700000271201, 5536397.320000000298023 ], [ 332814.770399999804795, 5536390.74870000127703 ], [ 332814.048899999819696, 5536388.785299999639392 ], [ 332813.938302945869509, 5536385.149096868932247 ], [ 332816.181999999971595, 5536382.764699999243021 ], [ 332819.106999999901745, 5536381.02140000090003 ], [ 332823.654699999897275, 5536378.236099999397993 ], [ 332826.870000000111759, 5536375.160399998538196 ], [ 332827.410500000289176, 5536371.1733 ], [ 332827.410490297945216, 5536371.173271571286023 ], [ 332827.410500000289176, 5536371.1732 ], [ 332824.504599999694619, 5536362.658599999733269 ], [ 332823.692699999606702, 5536357.720099999569356 ], [ 332820.526600000390317, 5536351.529599999077618 ], [ 332816.67920544964727, 5536344.698009677231312 ], [ 332817.119199999724515, 5536337.405300000682473 ], [ 332820.193799999600742, 5536329.701500001363456 ], [ 332822.687699999718461, 5536324.662499999627471 ], [ 332825.882899999676738, 5536320.925599999725819 ], [ 332829.398699999786913, 5536316.848099999129772 ], [ 332832.263299999816809, 5536313.121299999766052 ], [ 332834.497000000497792, 5536310.40639999974519 ], [ 332838.35329999960959, 5536306.649400000460446 ], [ 332843.231599999708124, 5536303.854100000113249 ], [ 332845.826000000408385, 5536302.120799999684095 ], [ 332847.318000000028405, 5536296.781300000846386 ], [ 332847.317997258272953, 5536296.781209814362228 ], [ 332847.318000000028405, 5536296.781200001947582 ], [ 332847.217501652834471, 5536293.475454358384013 ], [ 332847.397400000074413, 5536288.506799999624491 ], [ 332847.937900000310037, 5536284.519799999892712 ], [ 332847.937895430135541, 5536284.519733713008463 ], [ 332847.937900000310037, 5536284.519700000993907 ], [ 332847.345999999903142, 5536275.93470000103116 ], [ 332846.463800000026822, 5536268.682099999859929 ], [ 332841.094200000225101, 5536266.198300000280142 ], [ 332839.010200000426266, 5536262.9528 ], [ 332838.178213189879898, 5536257.353188772685826 ], [ 332841.403599999903236, 5536254.6081000007689 ], [ 332847.323800000420306, 5536253.435499998740852 ], [ 332853.434999999590218, 5536258.543800000101328 ], [ 332858.646400000026915, 5536264.007400001399219 ], [ 332858.646396030264441, 5536264.007295838557184 ], [ 332858.646400000026915, 5536264.00730000063777 ], [ 332854.97300000017276, 5536167.620699999853969 ], [ 332836.945600000326522, 5536151.508200000971556 ], [ 332829.292100000195205, 5536150.086400001309812 ], [ 332820.457000000518747, 5536153.332999999634922 ], [ 332815.288300000189338, 5536157.460699998773634 ], [ 332813.465699999593198, 5536162.810200000181794 ], [ 332813.465723880799487, 5536162.810229905880988 ], [ 332813.465699999593198, 5536162.810299999080598 ] ] ], [ [ [ 332314.249900000228081, 5536222.239499998278916 ], [ 332314.886500000022352, 5536217.058400000445545 ], [ 332316.328599999716971, 5536212.249800001271069 ], [ 332321.37710000021616, 5536208.522799999453127 ], [ 332324.081500000378583, 5536206.058199999853969 ], [ 332325.535699999891222, 5536201.64640000090003 ], [ 332325.535697214130778, 5536201.646308452822268 ], [ 332325.535699999891222, 5536201.646300001069903 ], [ 332325.451200000010431, 5536198.869400001130998 ], [ 332323.286899999715388, 5536192.97929999884218 ], [ 332319.175200000405312, 5536188.339600001461804 ], [ 332316.517699999676552, 5536179.288099999539554 ], [ 332316.324702883837745, 5536172.941094844602048 ], [ 332319.714300000225194, 5536166.881699998863041 ], [ 332319.714242464804556, 5536166.88170285243541 ], [ 332319.714300000108778, 5536166.8816 ], [ 332285.784599999897182, 5536168.564500001259148 ], [ 332257.970999999903142, 5536169.94400000013411 ], [ 332236.199000000080559, 5536171.024000001139939 ], [ 332236.199004284397233, 5536171.024099787697196 ], [ 332236.199000000022352, 5536171.0241 ], [ 332243.547000000311527, 5536342.16609999909997 ], [ 332244.520800000114832, 5536364.865399998612702 ], [ 332244.643099999986589, 5536367.7176 ], [ 332244.68310000008205, 5536368.651100000366569 ], [ 332245.218000000284519, 5536381.119100000709295 ], [ 332245.840599999821279, 5536395.6239 ], [ 332250.313400000391994, 5536499.820699999108911 ], [ 332255.839599999599159, 5536499.461799999698997 ], [ 332262.247000000497792, 5536501.252299998886883 ], [ 332263.088600000424776, 5536502.815000000409782 ], [ 332264.832200000120793, 5536507.92369999922812 ], [ 332265.818500000110362, 5536514.2467 ], [ 332268.115500000305474, 5536524.500399999320507 ], [ 332271.578499999828637, 5536533.924499998800457 ], [ 332274.969200000225101, 5536540.968499998562038 ], [ 332282.2182, 5536544.321699999272823 ], [ 332289.07050000037998, 5536547.686899999156594 ], [ 332294.29980000021169, 5536549.910299999639392 ], [ 332296.824699999822769, 5536554.598200000822544 ], [ 332296.945299999788404, 5536558.565099999308586 ], [ 332304.194299999624491, 5536561.918299999088049 ], [ 332307.885099999606609, 5536565.776699999347329 ], [ 332308.414500000013504, 5536570.128200001083314 ], [ 332312.934899999818299, 5536575.152599999681115 ], [ 332316.887600000016391, 5536582.991800000891089 ], [ 332331.776600000506733, 5536588.750199998728931 ], [ 332331.776588775508571, 5536588.750095658935606 ], [ 332331.776600000506733, 5536588.750099999830127 ], [ 332330.441599999612663, 5536576.340799999423325 ], [ 332329.959202160593122, 5536560.473171056248248 ], [ 332330.523500000184868, 5536552.91190000064671 ], [ 332330.737700000405312, 5536552.366800000891089 ], [ 332331.629099999612663, 5536550.098899999633431 ], [ 332336.713800000026822, 5536547.562 ], [ 332338.636900000274181, 5536545.518199999816716 ], [ 332338.912999999825843, 5536541.539200000464916 ], [ 332338.912994659331162, 5536541.539176962338388 ], [ 332338.912999999709427, 5536541.539099999703467 ], [ 332337.998999999894295, 5536537.596300000324845 ], [ 332337.300800000375602, 5536527.691099998541176 ], [ 332336.302400000393391, 5536520.971400001086295 ], [ 332335.340200000500772, 5536515.441800000146031 ], [ 332332.827399999776389, 5536511.150600000284612 ], [ 332326.287399999797344, 5536504.99650000128895 ], [ 332321.549899999983609, 5536492.831700000911951 ], [ 332320.07039999961853, 5536483.347199999727309 ], [ 332319.865302761027124, 5536476.603490791283548 ], [ 332321.307400000281632, 5536471.794999998994172 ], [ 332323.242600000521634, 5536470.147900001145899 ], [ 332329.51730000047246, 5536467.574799999594688 ], [ 332331.248599999584258, 5536464.934299998916686 ], [ 332331.24855643324554, 5536464.934266445226967 ], [ 332331.248599999584258, 5536464.9342 ], [ 332330.381000000110362, 5536464.265999999828637 ], [ 332318.690020832640585, 5536441.208041086792946 ], [ 332324.541000000201166, 5536424.661099999211729 ], [ 332324.540986870066263, 5536424.661037134006619 ], [ 332324.541000000317581, 5536424.661000000312924 ], [ 332324.111999999789987, 5536422.60700000077486 ], [ 332323.852000000013504, 5536421.502000000327826 ], [ 332323.572999999916647, 5536420.403000000864267 ], [ 332323.275000000372529, 5536419.308000000193715 ], [ 332322.957999999693129, 5536418.218999999575317 ], [ 332322.622000000497792, 5536417.134999999776483 ], [ 332322.26800000021467, 5536416.058000000193715 ], [ 332321.894000000378583, 5536414.986999999731779 ], [ 332321.502000000327826, 5536413.92200000025332 ], [ 332321.091000000073109, 5536412.865000000223517 ], [ 332320.661999999487307, 5536411.814000000245869 ], [ 332320.214999999909196, 5536410.771999999880791 ], [ 332319.748999999894295, 5536409.736999999731779 ], [ 332319.264999999722932, 5536408.711000001057982 ], [ 332318.764000000490341, 5536407.69400000013411 ], [ 332318.245000000111759, 5536406.685000001452863 ], [ 332317.70899999991525, 5536405.684999999590218 ], [ 332317.155000000202563, 5536404.695000000298023 ], [ 332316.582999999693129, 5536403.714999999850988 ], [ 332315.995000000111759, 5536402.745000000111759 ], [ 332309.762299999594688, 5536398.828500000759959 ], [ 332295.359699999913573, 5536389.778099999763072 ], [ 332294.583100000396371, 5536378.772300000302494 ], [ 332292.929100000299513, 5536355.333999999798834 ], [ 332290.741700000187848, 5536339.262000000104308 ], [ 332290.315306022472214, 5536336.128944252617657 ], [ 332291.864599999971688, 5536321.787799998186529 ], [ 332294.255500000028405, 5536309.009199999272823 ], [ 332297.569299999624491, 5536301.135800000280142 ], [ 332297.569263372803107, 5536301.13578702416271 ], [ 332297.569266581383999, 5536301.135779400356114 ], [ 332299.19539999961853, 5536301.711899998597801 ], [ 332306.8169999999227, 5536304.259700000286102 ], [ 332311.204699999711011, 5536304.920399999246001 ], [ 332312.298299999907613, 5536301.710699999704957 ], [ 332312.514100000320468, 5536295.748200000263751 ], [ 332314.292600000277162, 5536288.9441 ], [ 332320.122399999818299, 5536284.796299999579787 ], [ 332322.908599999791477, 5536283.467899999581277 ], [ 332322.9085553153418, 5536283.46782130561769 ], [ 332322.908599999675062, 5536283.467800000682473 ], [ 332313.629300000204239, 5536267.125900000333786 ], [ 332310.983799999579787, 5536258.471099999733269 ], [ 332308.626500000304077, 5536246.233899997547269 ], [ 332307.026307324063964, 5536232.782561565749347 ], [ 332307.711199999786913, 5536229.188299999572337 ], [ 332312.002399999590125, 5536226.675499999895692 ], [ 332314.249900000228081, 5536222.239499998278916 ] ] ], [ [ [ 332593.937800000479911, 5536575.286500000394881 ], [ 332595.568400000222027, 5536571.720899998210371 ], [ 332599.107400000095367, 5536566.794700000435114 ], [ 332600.54079999960959, 5536562.934000000357628 ], [ 332601.385200000426266, 5536560.747500001452863 ], [ 332601.57980000047246, 5536558.482900000177324 ], [ 332601.579797023034189, 5536558.482834645546973 ], [ 332601.579800000414252, 5536558.482799997553229 ], [ 332601.398600000014994, 5536554.5055 ], [ 332600.942099999694619, 5536550.88289999961853 ], [ 332599.678299999795854, 5536547.202100000344217 ], [ 332598.631600000022445, 5536543.973899999633431 ], [ 332596.638700000010431, 5536539.584900001063943 ], [ 332594.054200000071432, 5536534.310499998740852 ], [ 332591.785899999609683, 5536530.276200001128018 ], [ 332590.011300000420306, 5536527.619699998758733 ], [ 332587.606700000411365, 5536525.042700000107288 ], [ 332585.3026, 5536524.532999999821186 ], [ 332582.723299999779556, 5536524.378100001253188 ], [ 332580.360999999626074, 5536524.67579999845475 ], [ 332573.11780000012368, 5536526.86869999859482 ], [ 332569.398900000378489, 5536529.097400001250207 ], [ 332566.50719999987632, 5536531.541899999603629 ], [ 332565.427199999801815, 5536534.398100000806153 ], [ 332564.308799999824259, 5536538.219200000166893 ], [ 332564.05590000009397, 5536541.291100001893938 ], [ 332563.787100000306964, 5536548.045199999585748 ], [ 332563.787103024835233, 5536548.045224005356431 ], [ 332563.787100000423379, 5536548.045299999415874 ], [ 332564.501492063456681, 5536553.71543700620532 ], [ 332563.796099999919534, 5536557.0044 ], [ 332562.420900000317488, 5536560.057799999602139 ], [ 332560.513799999898765, 5536562.698200000450015 ], [ 332556.638700000010431, 5536566.226700000464916 ], [ 332553.884600000514183, 5536568.493800000287592 ], [ 332551.91789999982575, 5536570.661700001917779 ], [ 332550.916000000201166, 5536572.868000000715256 ], [ 332550.466000000073109, 5536575.644899998791516 ], [ 332550.411600000225008, 5536580.291799999773502 ], [ 332550.411601105588488, 5536580.291805584914982 ], [ 332550.411600000283215, 5536580.291899999603629 ], [ 332552.172799999825656, 5536589.1903 ], [ 332555.408400000073016, 5536595.822699999436736 ], [ 332563.905399999581277, 5536606.149999999441206 ], [ 332565.818799999600742, 5536602.915300001390278 ], [ 332571.601300000271294, 5536598.080700000748038 ], [ 332574.531100000313018, 5536596.932800001464784 ], [ 332579.582999999693129, 5536595.932099999859929 ], [ 332583.820799999928568, 5536596.015000000596046 ], [ 332587.667700000223704, 5536597.168700000271201 ], [ 332595.124099999724422, 5536598.6360999988392 ], [ 332595.124072304111905, 5536598.635994549840689 ], [ 332595.124099999724422, 5536598.636 ], [ 332594.194000000192318, 5536595.094699999317527 ], [ 332593.185700000321958, 5536590.90159999858588 ], [ 332592.848299999779556, 5536588.224099999293685 ], [ 332592.706799999810755, 5536584.56180000025779 ], [ 332592.526904134487268, 5536581.864461991935968 ], [ 332592.897500000020955, 5536578.457700000144541 ], [ 332593.937800000479911, 5536575.286500000394881 ] ] ], [ [ [ 332702.774299999698997, 5536383.86629999987781 ], [ 332700.0417, 5536374.3865 ], [ 332697.238699999696109, 5536367.0583999985829 ], [ 332696.315399999672081, 5536364.576299999840558 ], [ 332695.806999999971595, 5536357.369299999438226 ], [ 332692.68059999961406, 5536349.032300001010299 ], [ 332691.986999999673571, 5536347.54380000103265 ], [ 332685.463100000284612, 5536333.542999999597669 ], [ 332685.463100000284612, 5536330.523700000718236 ], [ 332685.463100000284612, 5536330.523600000888109 ], [ 332684.053999999479856, 5536327.705500001087785 ], [ 332679.403199999593198, 5536325.390000000596046 ], [ 332673.184200000076089, 5536319.653799998573959 ], [ 332668.755699999688659, 5536317.439500000327826 ], [ 332660.072900000028312, 5536316.853600001893938 ], [ 332655.78419999970356, 5536314.468299999833107 ], [ 332652.277499999792781, 5536314.1601 ], [ 332648.223799999803305, 5536315.024000000208616 ], [ 332646.393299999588635, 5536316.662499999627471 ], [ 332643.849499999487307, 5536317.599700000137091 ], [ 332640.015399999916553, 5536318.324000000953674 ], [ 332637.287200000078883, 5536315.654000001959503 ], [ 332635.786600000283215, 5536311.5702 ], [ 332630.042100000195205, 5536310.686000000685453 ], [ 332627.577399999892805, 5536307.347200000658631 ], [ 332626.172000000311527, 5536304.965599999763072 ], [ 332619.036299999803305, 5536300.732200000435114 ], [ 332609.86120000021765, 5536294.676000001840293 ], [ 332601.72510000038892, 5536293.888199998997152 ], [ 332596.53550000017276, 5536294.8947 ], [ 332590.487800000293646, 5536294.9989 ], [ 332586.326200000126846, 5536294.290799998678267 ], [ 332584.011300000420306, 5536292.680500000715256 ], [ 332579.943799999484327, 5536288.360600000247359 ], [ 332574.44990000029793, 5536286.541100000962615 ], [ 332570.107599999813829, 5536286.239099999889731 ], [ 332567.489099999889731, 5536285.747999998740852 ], [ 332560.484199999773409, 5536293.788099999539554 ], [ 332559.066200000292156, 5536299.390100000426173 ], [ 332559.06620561593445, 5536299.39017781522125 ], [ 332559.066200000292156, 5536299.3902000002563 ], [ 332559.752395611256361, 5536308.898639190942049 ], [ 332559.127799999900162, 5536314.4764 ], [ 332556.471599999873433, 5536318.527800000272691 ], [ 332547.60219999961555, 5536329.789300001226366 ], [ 332547.602234248071909, 5536329.789356514811516 ], [ 332547.602199999673758, 5536329.78940000012517 ], [ 332550.500500000081956, 5536334.571899999864399 ], [ 332551.436800000199582, 5536337.508199999108911 ], [ 332553.430999999924097, 5536340.412299999035895 ], [ 332556.91260000038892, 5536343.482899999246001 ], [ 332558.900299999921117, 5536346.1754 ], [ 332559.419990627910011, 5536349.336043001152575 ], [ 332558.676599999889731, 5536352.746799999848008 ], [ 332557.369300000427756, 5536358.504200000315905 ], [ 332557.369302681006957, 5536358.504288193769753 ], [ 332557.369300000427756, 5536358.504299999214709 ], [ 332557.517199999711011, 5536363.370400001294911 ], [ 332558.293399999791291, 5536368.005599998869002 ], [ 332559.486299999989569, 5536372.416400000452995 ], [ 332560.653500000014901, 5536375.980899999849498 ], [ 332561.596300000383053, 5536379.128799999132752 ], [ 332563.36600000038743, 5536381.616099999286234 ], [ 332564.250900000391994, 5536382.859799998812377 ], [ 332566.623200000321958, 5536384.269999999552965 ], [ 332570.630099999776576, 5536383.724700000137091 ], [ 332571.713700000196695, 5536384.538799999281764 ], [ 332572.194698389386758, 5536386.430093668401241 ], [ 332572.118200000375509, 5536390.8794 ], [ 332571.36840000009397, 5536394.078600000590086 ], [ 332568.945399999676738, 5536397.964100000448525 ], [ 332565.233599999919534, 5536401.253399998880923 ], [ 332564.035000000090804, 5536403.619200000539422 ], [ 332562.637600000016391, 5536406.414699998684227 ], [ 332560.534799999615643, 5536406.902099999599159 ], [ 332556.046799999719951, 5536405.55619999859482 ], [ 332550.87260000029346, 5536402.536999999545515 ], [ 332545.685600000375416, 5536399.094699999317527 ], [ 332541.806599999777973, 5536396.883200001902878 ], [ 332536.716099999903236, 5536396.614500001072884 ], [ 332532.30530000012368, 5536397.807399998418987 ], [ 332530.459099999687169, 5536399.769399999640882 ], [ 332526.766599999798927, 5536403.693400000222027 ], [ 332522.824000000080559, 5536406.354499999433756 ], [ 332519.624699999578297, 5536405.604700000956655 ], [ 332515.251799999794457, 5536401.07880000025034 ], [ 332513.218999999575317, 5536396.905300000682473 ], [ 332510.718100000172853, 5536391.263700000941753 ], [ 332506.826200000010431, 5536388.629000000655651 ], [ 332499.6837, 5536383.55210000090301 ], [ 332490.069600000104401, 5536378.204 ], [ 332489.921799999719951, 5536377.853399999439716 ], [ 332485.830599999986589, 5536384.998999999836087 ], [ 332484.569400000502355, 5536395.75789999961853 ], [ 332484.569402414897922, 5536395.757979403249919 ], [ 332484.56940000038594, 5536395.75800000037998 ], [ 332484.822700000426266, 5536404.088500000536442 ], [ 332486.265999999886844, 5536412.382899998687208 ], [ 332488.069899999594782, 5536419.47510000038892 ], [ 332489.489099999889731, 5536426.976099999621511 ], [ 332493.397, 5536437.974999999627471 ], [ 332499.191899999976158, 5536445.740000000223517 ], [ 332505.27489999961108, 5536449.922700000926852 ], [ 332515.613099999725819, 5536450.402499998919666 ], [ 332524.040099999809172, 5536453.322799999266863 ], [ 332533.188100000028498, 5536453.8388 ], [ 332545.394199999980628, 5536457.456000000238419 ], [ 332550.907900000107475, 5536462.035399998538196 ], [ 332557.832600000314415, 5536467.780699999071658 ], [ 332566.980700000189245, 5536468.296800000593066 ], [ 332578.376199999882374, 5536464.376799999736249 ], [ 332587.295099999813829, 5536457.355599999427795 ], [ 332593.569799999706447, 5536454.78249999973923 ], [ 332600.410099999979138, 5536457.751000000163913 ], [ 332601.4205, 5536464.86739999987185 ], [ 332603.164099999703467, 5536469.976099999621511 ], [ 332610.761599999910686, 5536471.730499998666346 ], [ 332613.923000000417233, 5536471.237299999222159 ], [ 332621.051400000287686, 5536470.623499999754131 ], [ 332625.415099999925587, 5536470.490900000557303 ], [ 332628.240100000111852, 5536471.993200000375509 ], [ 332631.113499999977648, 5536475.082299998961389 ], [ 332631.404395252524409, 5536479.015235807746649 ], [ 332630.056099999696016, 5536479.48200000077486 ], [ 332623.493200000375509, 5536485.63739999756217 ], [ 332623.325600000098348, 5536493.186599999666214 ], [ 332612.279799999727402, 5536508.6107 ], [ 332606.294599999673665, 5536520.704400001093745 ], [ 332605.357699999585748, 5536529.07120000012219 ], [ 332605.357708582014311, 5536529.071223355829716 ], [ 332605.357699999585748, 5536529.0713 ], [ 332610.985100000223611, 5536544.385499999858439 ], [ 332615.181099999696016, 5536551.801999999210238 ], [ 332618.547600000223611, 5536558.052600000984967 ], [ 332619.485800000024028, 5536562.788799999281764 ], [ 332620.989400000311434, 5536573.066699999384582 ], [ 332621.13609999982873, 5536583.551200000569224 ], [ 332622.389399999810848, 5536582.983699998818338 ], [ 332627.691499999782536, 5536583.246000000275671 ], [ 332632.000099999888334, 5536585.656199999153614 ], [ 332633.154377822240349, 5536588.797539643011987 ], [ 332631.816499999724329, 5536591.189100001007318 ], [ 332631.816514329926576, 5536591.18917438481003 ], [ 332631.816499999724329, 5536591.189200000837445 ], [ 332632.98859999992419, 5536597.273199998773634 ], [ 332634.1815, 5536601.684000000357628 ], [ 332635.32290000008652, 5536604.402200000360608 ], [ 332635.637391530151945, 5536607.780809001997113 ], [ 332632.56039999978384, 5536611.05079999845475 ], [ 332632.560434245271608, 5536611.050863605923951 ], [ 332632.560399999900255, 5536611.050899999216199 ], [ 332632.784788231947459, 5536611.467678143642843 ], [ 332632.432400000281632, 5536613.807700000703335 ], [ 332632.310899999982212, 5536616.776099999435246 ], [ 332630.919900000095367, 5536619.78309999871999 ], [ 332629.727699999813922, 5536622.360500001348555 ], [ 332629.727712128427811, 5536622.360573778860271 ], [ 332629.727699999697506, 5536622.360600000247359 ], [ 332630.247299999988172, 5536625.521300000138581 ], [ 332630.747700000181794, 5536628.0472 ], [ 332631.690399999672081, 5536631.19510000012815 ], [ 332632.6652869261452, 5536635.400643598288298 ], [ 332632.088499999605119, 5536637.324000000953674 ], [ 332630.395999999775086, 5536637.375500001013279 ], [ 332625.08739999961108, 5536636.90159999858588 ], [ 332622.13190000038594, 5536637.203200000338256 ], [ 332618.157100000418723, 5536638.806400001980364 ], [ 332615.695399999676738, 5536641.422399999573827 ], [ 332615.695421729935333, 5536641.422476907260716 ], [ 332615.69539999961853, 5536641.422499999403954 ], [ 332616.169999999983702, 5536643.102199998684227 ], [ 332617.311499999894295, 5536645.82039999961853 ], [ 332617.541199999919627, 5536646.587500000372529 ], [ 332632.457499999611173, 5536649.462899998761714 ], [ 332641.702100000402424, 5536653.152499999850988 ], [ 332652.533400000073016, 5536656.793800000101328 ], [ 332660.599899999797344, 5536660.916199999861419 ], [ 332665.444600000104401, 5536663.5483 ], [ 332673.6907000002102, 5536660.518200000748038 ], [ 332674.103000000177417, 5536660.568900000303984 ], [ 332678.871899999678135, 5536661.154799998737872 ], [ 332686.108799999579787, 5536664.111300000920892 ], [ 332693.0455, 5536670.2533 ], [ 332694.716699999815319, 5536672.981899998150766 ], [ 332694.825297036324628, 5536676.552102578803897 ], [ 332690.570200000016484, 5536680.254999999888241 ], [ 332684.283400000073016, 5536682.431400001049042 ], [ 332666.90130000008503, 5536685.342199999839067 ], [ 332649.867600000521634, 5536686.654199999757111 ], [ 332643.24450000008801, 5536690.826099999248981 ], [ 332643.244502983114216, 5536690.826198119670153 ], [ 332643.244499999971595, 5536690.826199999079108 ], [ 332643.425400000123773, 5536696.77659999858588 ], [ 332644.3394, 5536700.719399998895824 ], [ 332648.811499999894295, 5536704.156999999657273 ], [ 332654.425499999895692, 5536705.971599999815226 ], [ 332664.427199999801815, 5536708.446899999864399 ], [ 332669.608400000317488, 5536709.083499998785555 ], [ 332674.7292, 5536707.736700000241399 ], [ 332680.67960000038147, 5536707.555799999274313 ], [ 332687.087000000406988, 5536709.346300000324845 ], [ 332693.518500000296626, 5536711.93019999936223 ], [ 332698.278800000378396, 5536711.785400000400841 ], [ 332704.1568, 5536709.22440000064671 ], [ 332709.638100000098348, 5536706.6754 ], [ 332715.924900000100024, 5536704.498999998904765 ], [ 332722.992999999783933, 5536701.901699999347329 ], [ 332726.899600000178907, 5536699.797700000926852 ], [ 332729.279799999727402, 5536699.725299999117851 ], [ 332729.4622, 5536699.931099998764694 ], [ 332731.33559999987483, 5536702.045199999585748 ], [ 332731.432097562414128, 5536705.218619837425649 ], [ 332730.7955, 5536710.3997 ], [ 332724.641400000080466, 5536716.939799999818206 ], [ 332718.078499999886844, 5536723.095200000330806 ], [ 332715.989900000393391, 5536725.009400000795722 ], [ 332715.989958838385064, 5536725.009446076117456 ], [ 332715.989900000509806, 5536725.009500000625849 ], [ 332724.493599999812432, 5536731.668600000441074 ], [ 332730.680700000375509, 5536734.921700000762939 ], [ 332732.708791505021509, 5536740.683575863949955 ], [ 332732.500599999912083, 5536742.542800000868738 ], [ 332726.483199999725912, 5536753.578699998557568 ], [ 332726.483229819801636, 5536753.57874531019479 ], [ 332726.483199999725912, 5536753.57880000025034 ], [ 332728.703400000114925, 5536756.95240000076592 ], [ 332733.808600000105798, 5536759.444299998693168 ], [ 332738.384800000174437, 5536761.952200000174344 ], [ 332742.752899999788497, 5536766.319399999454618 ], [ 332745.502000000386033, 5536769.676999999210238 ], [ 332747.714200000278652, 5536772.786299999803305 ], [ 332750.02643708960386, 5536774.833544299006462 ], [ 332750.483400000317488, 5536776.804999998770654 ], [ 332754.655399999581277, 5536783.42820000089705 ], [ 332758.155520152300596, 5536786.975047130137682 ], [ 332751.4425, 5536790.9375 ], [ 332745.512699999904726, 5536796.147199999541044 ], [ 332741.970999999903142, 5536801.549000000581145 ], [ 332741.041799999773502, 5536805.812599999830127 ], [ 332741.041819095553365, 5536805.812612378969789 ], [ 332741.041799999773502, 5536805.812699998728931 ], [ 332744.552199999801815, 5536808.088300000876188 ], [ 332745.738591436936986, 5536812.287469690665603 ], [ 332745.314199999906123, 5536815.741499999538064 ], [ 332741.427699999883771, 5536818.506699999794364 ], [ 332737.549200000299606, 5536821.536399999633431 ], [ 332735.538099999597762, 5536825.038699999451637 ], [ 332735.538117624470033, 5536825.038769305683672 ], [ 332735.538099999481346, 5536825.038799999281764 ], [ 332736.139299999980722, 5536827.402900000102818 ], [ 332739.946300000010524, 5536830.728400000371039 ], [ 332744.241999999678228, 5536832.715400000102818 ], [ 332751.783599999791477, 5536836.986099999397993 ], [ 332757.457899999804795, 5536840.78419999871403 ], [ 332763.180499999783933, 5536846.169099998660386 ], [ 332766.474600000306964, 5536850.039499999023974 ], [ 332774.520999999775086, 5536853.500799999572337 ], [ 332777.670400000177324, 5536852.61089999973774 ], [ 332779.352800000517163, 5536847.000900000333786 ], [ 332779.352783254755195, 5536847.000855838879943 ], [ 332779.352800000517163, 5536847.000799999572337 ], [ 332776.47510000038892, 5536839.411800000816584 ], [ 332774.455000000074506, 5536833.914400001056492 ], [ 332773.172012645052746, 5536826.541772663593292 ], [ 332775.655799999891315, 5536821.172099999152124 ], [ 332778.2281, 5536818.7116 ], [ 332785.616899999906309, 5536817.957499999552965 ], [ 332790.409400000295136, 5536818.870699999853969 ], [ 332793.439100000075996, 5536822.749099999666214 ], [ 332794.369099999777973, 5536827.2209 ], [ 332794.554100000415929, 5536833.303500001318753 ], [ 332794.739000000117812, 5536839.386099999770522 ], [ 332794.931900000316091, 5536845.733200000599027 ], [ 332797.224499999603722, 5536851.486999998800457 ], [ 332799.14809999987483, 5536853.810900000855327 ], [ 332805.046699999889825, 5536856.27860000077635 ], [ 332813.773900000378489, 5536856.013299999758601 ], [ 332822.725399999879301, 5536854.417599999345839 ], [ 332830.378700000175741, 5536853.655600000172853 ], [ 332835.09879999991972, 5536852.188500001095235 ], [ 332838.769100000208709, 5536851.018100000917912 ], [ 332842.207100000290666, 5536850.913599999621511 ], [ 332845.380699999688659, 5536850.817099998705089 ], [ 332848.626600000075996, 5536853.10080000013113 ], [ 332851.119300000427756, 5536856.730900000780821 ], [ 332855.431099999696016, 5536859.246899998746812 ], [ 332861.513700000126846, 5536859.062000000849366 ], [ 332866.290099999925587, 5536859.44620000012219 ], [ 332869.33559999987483, 5536860.439099999144673 ], [ 332880.671000000205822, 5536841.905099999159575 ], [ 332880.670996412576642, 5536841.905005864799023 ], [ 332880.671000000089407, 5536841.904999999329448 ], [ 332876.084800000302494, 5536721.569199998863041 ], [ 332871.168999999819789, 5536592.584900001063943 ], [ 332869.528500000014901, 5536592.146599999628961 ], [ 332868.3295, 5536591.018400001339614 ], [ 332866.425400000123773, 5536591.07630000077188 ], [ 332864.01800000021467, 5536591.996499999426305 ], [ 332861.165099999925587, 5536592.189100001007318 ], [ 332859.331399999617133, 5536591.080199999734759 ], [ 332857.02630000008503, 5536588.397300000302494 ], [ 332854.406999999715481, 5536585.829900001175702 ], [ 332851.909699999785516, 5536583.788200001232326 ], [ 332850.98940209770808, 5536581.380805485881865 ], [ 332851.168100000417326, 5536573.328400000929832 ], [ 332851.621700000076089, 5536570.51039999909699 ], [ 332852.0587, 5536567.795499999076128 ], [ 332852.058688394201454, 5536567.795472101308405 ], [ 332852.0587, 5536567.795399999246001 ], [ 332850.322200000286102, 5536563.621200000867248 ], [ 332848.36149999970803, 5536560.7692 ], [ 332846.527700000500772, 5536556.237599999643862 ], [ 332845.848199999891222, 5536555.066499999724329 ], [ 332844.102900000289083, 5536552.2577 ], [ 332843.062199999578297, 5536550.293600000441074 ], [ 332840.257600000186358, 5536547.1151 ], [ 332839.211900000518654, 5536541.712600000202656 ], [ 332837.731499999819789, 5536537.084699999541044 ], [ 332834.986700000299606, 5536531.885500000789762 ], [ 332833.590200000500772, 5536529.427500000223517 ], [ 332833.006911489239428, 5536526.233462912030518 ], [ 332834.066599999496248, 5536522.812599999830127 ], [ 332835.296299999579787, 5536519.123599999584258 ], [ 332835.296285781252664, 5536519.123542655259371 ], [ 332835.296299999579787, 5536519.123500001616776 ], [ 332834.6261, 5536516.420500000938773 ], [ 332833.614900000509806, 5536513.499199998565018 ], [ 332831.199400000274181, 5536511.284900000318885 ], [ 332826.972199999727309, 5536512.492699998430908 ], [ 332823.952800000086427, 5536511.6875 ], [ 332820.629599999694619, 5536512.996300000697374 ], [ 332817.169900000095367, 5536514.5757 ], [ 332815.901100000424776, 5536513.901800000108778 ], [ 332815.169599999673665, 5536513.316599999554455 ], [ 332812.076500000490341, 5536512.090099999681115 ], [ 332810.365799999795854, 5536510.206899999640882 ], [ 332809.258399999700487, 5536508.466799999587238 ], [ 332805.308199999912176, 5536506.070700001902878 ], [ 332804.58420000039041, 5536505.492499999701977 ], [ 332803.722900000400841, 5536504.239699999801815 ], [ 332802.615700000023935, 5536502.629299999214709 ], [ 332800.286899999715388, 5536500.8827 ], [ 332799.394999999611173, 5536500.2138 ], [ 332797.811099999584258, 5536498.443500000983477 ], [ 332795.973100000119302, 5536496.38920000102371 ], [ 332794.036399999691639, 5536495.098100000992417 ], [ 332792.249200000427663, 5536493.772400001063943 ], [ 332791.055499999783933, 5536492.557199999690056 ], [ 332789.839300000108778, 5536491.036800000816584 ], [ 332788.507399999594782, 5536489.651699999347329 ], [ 332785.908599999791477, 5536487.633099999278784 ], [ 332780.272199999482837, 5536485.318099999800324 ], [ 332778.058000000193715, 5536485.318099999800324 ], [ 332776.650000000372529, 5536483.526200000196695 ], [ 332771.899799999780953, 5536480.876000000163913 ], [ 332768.813400000275578, 5536480.008400000631809 ], [ 332765.482599999697413, 5536478.4156 ], [ 332762.633299999928568, 5536476.685900000855327 ], [ 332761.468999999575317, 5536475.705700000748038 ], [ 332760.395499999576714, 5536474.524800000712276 ], [ 332759.567300000227988, 5536473.937000000849366 ], [ 332757.526100000424776, 5536472.837899999693036 ], [ 332756.096099999675062, 5536471.784299998544157 ], [ 332752.704099999682512, 5536469.06290000025183 ], [ 332749.318400000280235, 5536465.454199999570847 ], [ 332748.870400000421796, 5536464.987500000745058 ], [ 332748.870400000421796, 5536463.779799999669194 ], [ 332748.870400000421796, 5536463.779699999839067 ], [ 332744.039400000183377, 5536457.338300000876188 ], [ 332743.435499999672174, 5536457.036399999633431 ], [ 332742.605800000019372, 5536455.887800000607967 ], [ 332742.026499999687076, 5536453.715099999681115 ], [ 332737.585699999704957, 5536451.468299998901784 ], [ 332734.651499999687076, 5536449.917600001208484 ], [ 332732.968299999774899, 5536445.462000000290573 ], [ 332732.968299999774899, 5536444.053099999204278 ], [ 332732.968299999774899, 5536444.052999998442829 ], [ 332732.243599999696016, 5536440.973000000230968 ], [ 332728.942400000116322, 5536438.41679999884218 ], [ 332726.224200000113342, 5536435.296 ], [ 332724.111399999877904, 5536433.183199999853969 ], [ 332721.301199999696109, 5536428.723399999551475 ], [ 332717.387299999711104, 5536421.207900000736117 ], [ 332716.75239999970654, 5536419.671199998818338 ], [ 332715.92370000021765, 5536415.029699999839067 ], [ 332712.436999999976251, 5536408.391599998809397 ], [ 332710.931800000427756, 5536405.966 ], [ 332707.5318, 5536400.4869 ], [ 332706.72510000038892, 5536395.222299999557436 ], [ 332706.423600000387523, 5536392.116899999789894 ], [ 332702.90199999982724, 5536389.198200000450015 ], [ 332701.767819496919401, 5536387.690925911068916 ], [ 332702.774299999698997, 5536383.866399999707937 ], [ 332702.774286242784001, 5536383.866352275013924 ], [ 332702.774299999698997, 5536383.86629999987781 ] ] ], [ [ [ 332478.121299999824259, 5536666.4637999990955 ], [ 332480.201299999898765, 5536669.577100000344217 ], [ 332485.142500000074506, 5536675.3827 ], [ 332485.359597305534407, 5536682.523111374117434 ], [ 332482.896300000080373, 5536692.921499999240041 ], [ 332482.896302693989128, 5536692.921588627621531 ], [ 332482.896300000196788, 5536692.921599999070168 ], [ 332483.209800000302494, 5536703.235600000247359 ], [ 332483.499297054775525, 5536712.756103130988777 ], [ 332478.883700000180397, 5536717.661199999041855 ], [ 332472.657200000307057, 5536721.821100000292063 ], [ 332472.657202979957219, 5536721.821198009885848 ], [ 332472.657200000307057, 5536721.82120000012219 ], [ 332472.898400000296533, 5536729.755000000819564 ], [ 332477.779299999587238, 5536733.577199998311698 ], [ 332489.885099999606609, 5536739.95920000039041 ], [ 332511.199300000502262, 5536748.840599999763072 ], [ 332524.483099999895785, 5536754.789699998684227 ], [ 332527.825500000326429, 5536760.246899999678135 ], [ 332529.196398927248083, 5536766.1610953733325 ], [ 332529.089200000278652, 5536775.693699999712408 ], [ 332526.565600000321865, 5536784.10869999974966 ], [ 332522.72059999970952, 5536801.299099998548627 ], [ 332522.720614916004706, 5536801.299133311957121 ], [ 332522.72059999970952, 5536801.299200000241399 ], [ 332525.702399999892805, 5536807.958599998615682 ], [ 332528.924200000183191, 5536809.448899999260902 ], [ 332533.684500000497792, 5536809.304100000299513 ], [ 332542.760200000426266, 5536807.440000000409782 ], [ 332554.348699999973178, 5536809.86710000038147 ], [ 332560.083300000114832, 5536815.648600000888109 ], [ 332565.878200000093784, 5536823.41370000038296 ], [ 332568.163188082049601, 5536833.270648585632443 ], [ 332566.396800000278745, 5536840.471300000324845 ], [ 332562.935100000409875, 5536844.150099999271333 ], [ 332559.918300000077579, 5536849.403599999845028 ], [ 332558.596900000295136, 5536858.179099998436868 ], [ 332558.417299999913666, 5536865.331600001081824 ], [ 332558.417302228393964, 5536865.331611252389848 ], [ 332558.417299999913666, 5536865.3317 ], [ 332558.458980241673999, 5536865.542131681926548 ], [ 332554.626699999906123, 5536871.687300001271069 ], [ 332553.701899999810848, 5536880.4507 ], [ 332550.072700000426266, 5536891.6787 ], [ 332545.324000000080559, 5536897.610700001008809 ], [ 332545.025500000396278, 5536897.983599998988211 ], [ 332536.502000000386033, 5536902.414799999445677 ], [ 332533.689000000187661, 5536901.309100000187755 ], [ 332526.16260000038892, 5536888.832100000232458 ], [ 332522.302899999602232, 5536879.419999998994172 ], [ 332514.704199999629054, 5536864.562699998728931 ], [ 332509.484799999685492, 5536851.130300001241267 ], [ 332504.616499999596272, 5536840.833800001069903 ], [ 332495.370900000387337, 5536829.415199999697506 ], [ 332487.075199999904726, 5536817.755599999800324 ], [ 332480.559299999906216, 5536812.394899999722838 ], [ 332466.590699999593198, 5536810.040100000798702 ], [ 332460.291799999773502, 5536811.819899999536574 ], [ 332458.777400000020862, 5536814.248199999332428 ], [ 332458.23730000021169, 5536822.602900001220405 ], [ 332457.661000000312924, 5536829.7675 ], [ 332456.70440000022063, 5536843.951999999582767 ], [ 332456.704405566561036, 5536843.952017461881042 ], [ 332456.70440000022063, 5536843.952099999412894 ], [ 332466.576999999582767, 5536874.923100000247359 ], [ 332498.309999999590218, 5536974.272099999710917 ], [ 332564.353099999891128, 5536970.798800000920892 ], [ 332564.35308663448086, 5536970.798700704239309 ], [ 332564.3531, 5536970.798700001090765 ], [ 332620.858347625879105, 5536967.826902754604816 ], [ 332620.858400000317488, 5536967.826999998651445 ], [ 332634.296299999579787, 5536967.120299999602139 ], [ 332635.829699999711011, 5536967.039599999785423 ], [ 332744.007799999788404, 5536961.350299999117851 ], [ 332752.692699999606702, 5536953.958599998615682 ], [ 332755.449000000080559, 5536948.845399999059737 ], [ 332758.285699999891222, 5536946.376800000667572 ], [ 332760.833900000026915, 5536943.122800000943244 ], [ 332761.266300000308547, 5536939.933199999853969 ], [ 332761.266290097380988, 5536939.933173049241304 ], [ 332761.266300000308547, 5536939.9331 ], [ 332760.400600000284612, 5536937.577099997550249 ], [ 332757.114500000083353, 5536933.971099999733269 ], [ 332751.66440000012517, 5536928.842700000852346 ], [ 332751.503602903394494, 5536923.553495490923524 ], [ 332754.284099999815226, 5536919.23369999974966 ], [ 332757.361100000387523, 5536915.963700001128018 ], [ 332759.941400000010617, 5536913.7676 ], [ 332763.843999999575317, 5536911.531300000846386 ], [ 332768.572200000402518, 5536910.328700001351535 ], [ 332770.687900000310037, 5536910.264399998821318 ], [ 332773.140399999974761, 5536912.572200000286102 ], [ 332774.871899999678135, 5536917.284300000406802 ], [ 332775.200699999928474, 5536919.3918999992311 ], [ 332777.68539999978384, 5536922.75760000012815 ], [ 332782.237499999813735, 5536924.472099999897182 ], [ 332784.393400000408292, 5536925.730100000277162 ], [ 332788.705199999792967, 5536928.246099998243153 ], [ 332792.463899999915157, 5536929.9847999997437 ], [ 332795.942099999578204, 5536931.202600000426173 ], [ 332800.237800000177231, 5536933.189600000157952 ], [ 332803.724100000283215, 5536934.671900000423193 ], [ 332808.572800000198185, 5536937.436200000345707 ], [ 332814.223000000289176, 5536940.440899999812245 ], [ 332817.188299999572337, 5536942.203700000420213 ], [ 332820.906899999827147, 5536942.620100000873208 ], [ 332828.624499999976251, 5536943.9737 ], [ 332832.335000000020955, 5536944.125600000843406 ], [ 332838.361399999819696, 5536942.0894 ], [ 332840.604799999913666, 5536937.521200000308454 ], [ 332842.872399999818299, 5536933.746400001458824 ], [ 332847.070799999928568, 5536923.824599999003112 ], [ 332849.794900000095367, 5536917.653599998913705 ], [ 332851.229000000283122, 5536912.580600000917912 ], [ 332851.572999999916647, 5536906.481899999082088 ], [ 332852.750500000081956, 5536901.68129999935627 ], [ 332855.03419999970356, 5536898.435399998910725 ], [ 332857.037399999797344, 5536894.668700000271201 ], [ 332857.149099999980535, 5536889.635900000110269 ], [ 332857.149097859393805, 5536889.635896451771259 ], [ 332857.149100000096951, 5536889.635800000280142 ], [ 332854.640300000086427, 5536885.476700000464916 ], [ 332848.749699999578297, 5536883.273500001989305 ], [ 332844.173499999626074, 5536880.765499998815358 ], [ 332839.020100000314415, 5536876.686900001019239 ], [ 332832.207499999611173, 5536870.2763 ], [ 332825.547799999825656, 5536868.890599998645484 ], [ 332821.092100000125356, 5536870.349600000306964 ], [ 332821.09211484255502, 5536870.349695139564574 ], [ 332821.0921, 5536870.349700000137091 ], [ 332821.420900000317488, 5536872.457299998961389 ], [ 332823.745594233972952, 5536879.268983104266226 ], [ 332823.377500000409782, 5536884.574200000613928 ], [ 332821.847000000125263, 5536886.4737 ], [ 332818.449199999799021, 5536887.900500000454485 ], [ 332813.696899999922607, 5536888.3097 ], [ 332802.084699999482837, 5536889.456800000742078 ], [ 332793.622000000497792, 5536889.71409999858588 ], [ 332788.82149999961257, 5536888.536499999463558 ], [ 332785.303100000077393, 5536885.996400001458824 ], [ 332779.476900000183377, 5536885.908900000154972 ], [ 332776.608000000123866, 5536887.319600000977516 ], [ 332774.10809999977937, 5536892.160299998708069 ], [ 332771.816399999894202, 5536895.141800000332296 ], [ 332769.195899999816902, 5536896.015499998815358 ], [ 332765.396900000108872, 5536892.954600000753999 ], [ 332762.294900000095367, 5536886.695900000631809 ], [ 332762.25, 5536885.21760000102222 ], [ 332762.053700000105891, 5536878.762100000865757 ], [ 332762.4781, 5536875.308000000193715 ], [ 332764.465200000500772, 5536871.012299999594688 ], [ 332765.3542, 5536865.426400000229478 ], [ 332763.133899999782443, 5536862.052799999713898 ], [ 332755.568199999688659, 5536856.988599999807775 ], [ 332747.000900000275578, 5536853.807899999432266 ], [ 332736.045400000177324, 5536850.43510000128299 ], [ 332718.486399999877904, 5536847.527700000442564 ], [ 332710.288099999597762, 5536847.777000000700355 ], [ 332700.014299999922514, 5536849.412800000980496 ], [ 332693.979899999685585, 5536851.184499998576939 ], [ 332689.21960000047693, 5536851.329299997538328 ], [ 332685.82180000009248, 5536852.756100000813603 ], [ 332685.13300000037998, 5536856.2182 ], [ 332687.337100000120699, 5536859.063000001013279 ], [ 332689.82180000009248, 5536862.428600000217557 ], [ 332692.875599999912083, 5536867.100499999709427 ], [ 332694.326500000490341, 5536871.2917 ], [ 332694.166600000171456, 5536874.737699998542666 ], [ 332692.972900000400841, 5536879.009300000965595 ], [ 332690.1282000002102, 5536881.213400000706315 ], [ 332688.012500000186265, 5536881.277700000442564 ], [ 332684.526200000196695, 5536879.795500000938773 ], [ 332678.87600000022212, 5536876.79079999960959 ], [ 332674.540099999925587, 5536873.4814 ], [ 332671.13300000037998, 5536870.505300000309944 ], [ 332670.733199999725912, 5536870.155999998562038 ], [ 332661.685200000181794, 5536868.578099998645484 ], [ 332655.041500000283122, 5536867.721300000324845 ], [ 332648.69440000038594, 5536867.914200000464916 ], [ 332643.621399999712594, 5536866.480200001038611 ], [ 332643.528500000073109, 5536866.1151 ], [ 332642.418800000101328, 5536861.752100000157952 ], [ 332642.274100000096951, 5536856.991800000891089 ], [ 332641.856900000013411, 5536851.974999999627471 ], [ 332638.049899999983609, 5536848.649600000120699 ], [ 332634.347400000318885, 5536848.762199999764562 ], [ 332632.296099999919534, 5536850.942199998535216 ], [ 332629.523699999786913, 5536855.526499999687076 ], [ 332626.727099999785423, 5536859.317400000989437 ], [ 332622.279500000178814, 5536861.04079999960959 ], [ 332616.760268472367898, 5536860.553314880467951 ], [ 332619.747800000011921, 5536858.3054 ], [ 332621.562500000116415, 5536852.691399999894202 ], [ 332625.660799999721348, 5536843.831499999389052 ], [ 332627.799700000381563, 5536835.825299999676645 ], [ 332628.796799999719951, 5536829.441999998874962 ], [ 332634.878600000403821, 5536820.521800000220537 ], [ 332647.295400000177324, 5536811.012000000104308 ], [ 332649.915400000289083, 5536805.770500000566244 ], [ 332650.203599999716971, 5536802.188299999572337 ], [ 332650.203595157014206, 5536802.188260192982852 ], [ 332650.203599999716971, 5536802.188200000673532 ], [ 332649.674200000299606, 5536797.8366 ], [ 332645.562599999771919, 5536793.196900000795722 ], [ 332641.559500000381377, 5536792.12739999871701 ], [ 332635.188299999572337, 5536791.527000000700355 ], [ 332630.464100000506733, 5536792.8618 ], [ 332627.014499999582767, 5536796.937300001271069 ], [ 332625.224000000394881, 5536803.344599998556077 ], [ 332621.822599999723025, 5536809.006899999454618 ], [ 332617.182900000421796, 5536813.11849999986589 ], [ 332612.025899999774992, 5536813.275299999862909 ], [ 332605.521999999880791, 5536808.311300001107156 ], [ 332602.997200000099838, 5536803.6233000010252 ], [ 332599.258100000210106, 5536798.178100001066923 ], [ 332594.2928, 5536791.57909999974072 ], [ 332588.233799999579787, 5536788.189799999818206 ], [ 332580.624300000315998, 5536786.038799999281764 ], [ 332573.459699999599252, 5536785.462400000542402 ], [ 332568.62710000021616, 5536783.227 ], [ 332563.782300000078976, 5536780.594900000840425 ], [ 332561.593925154418685, 5536773.911476823501289 ], [ 332567.249300000315998, 5536768.700899998657405 ], [ 332567.249275625974406, 5536768.700822456739843 ], [ 332567.249300000315998, 5536768.700799999758601 ], [ 332564.998700000403915, 5536761.540999999269843 ], [ 332562.173100000305567, 5536755.671 ], [ 332559.668200000189245, 5536749.460400000214577 ], [ 332557.844417459913529, 5536743.890853321179748 ], [ 332560.598500000371132, 5536736.527800000272691 ], [ 332566.248300000210293, 5536734.726099998690188 ], [ 332566.9534, 5536730.786800000816584 ], [ 332567.940499999618623, 5536728.427400000393391 ], [ 332568.068400000280235, 5536725.670499999076128 ], [ 332568.068395728885662, 5536725.670492067933083 ], [ 332568.068400000222027, 5536725.670399999246001 ], [ 332566.497399999818299, 5536722.75349999871105 ], [ 332561.804300000017975, 5536721.625600000843406 ], [ 332555.995400000421796, 5536718.625700000673532 ], [ 332548.667000000423286, 5536714.401399999856949 ], [ 332546.454800000414252, 5536711.292200000956655 ], [ 332542.537200000078883, 5536707.811300000175834 ], [ 332541.575213130097836, 5536704.02885162550956 ], [ 332542.90820000047097, 5536699.117799998261034 ], [ 332542.908184722356964, 5536699.11775628849864 ], [ 332542.908200000412762, 5536699.117700000293553 ], [ 332541.516608880774584, 5536695.136425407603383 ], [ 332542.022699999681208, 5536690.885800001211464 ], [ 332544.439299999678042, 5536686.788799999281764 ], [ 332545.176199999696109, 5536683.166400000452995 ], [ 332545.868099999672268, 5536678.062999999150634 ], [ 332545.868086915870663, 5536678.062996503897011 ], [ 332545.86809999961406, 5536678.062899999320507 ], [ 332543.733199999725912, 5536677.492600000463426 ], [ 332541.168600000382867, 5536676.723500000312924 ], [ 332539.456699999980628, 5536676.1402000002563 ], [ 332538.757717428845353, 5536674.043852272443473 ], [ 332539.53969999961555, 5536671.902499999850988 ], [ 332539.539678236993495, 5536671.902459594421089 ], [ 332539.539699999673758, 5536671.9024 ], [ 332537.968600000313018, 5536668.985399999655783 ], [ 332533.70440000022063, 5536661.068 ], [ 332532.582200000120793, 5536658.98450000025332 ], [ 332529.357200000376906, 5536657.388399998657405 ], [ 332526.792700000223704, 5536656.619299999438226 ], [ 332524.2281, 5536655.850199999287724 ], [ 332522.669900000095367, 5536653.3564 ], [ 332520.848799999803305, 5536649.1765 ], [ 332517.950400000379886, 5536644.39399999845773 ], [ 332517.883899999782443, 5536642.206500000320375 ], [ 332513.400299999921117, 5536638.391199998557568 ], [ 332502.09989999991376, 5536632.381799999624491 ], [ 332493.576399999728892, 5536626.287900001741946 ], [ 332485.269999999611173, 5536627.334599998779595 ], [ 332477.203499999828637, 5536623.212200000882149 ], [ 332467.42960000038147, 5536615.1711 ], [ 332461.144799999892712, 5536612.356499999761581 ], [ 332460.634700000286102, 5536616.0131 ], [ 332460.460400000214577, 5536629.515700000338256 ], [ 332460.460401281481609, 5536629.515700748190284 ], [ 332460.460400000272784, 5536629.515799999237061 ], [ 332467.19099999970058, 5536633.443099998869002 ], [ 332476.688799999596085, 5536645.463200000114739 ], [ 332477.976599999819882, 5536661.703499999828637 ], [ 332478.121299999824259, 5536666.4637999990955 ] ] ] ] } }
]
}
