{
"type": "FeatureCollection",
"name": "LOTS_5",
"crs": { "type": "name", "properties": { "name": "urn:ogc:def:crs:EPSG::2955" } },
"features": [
{ "type": "Feature", "properties": { "fid": 1, "Text": "Lot 6", "LOT_ID": 6, "area_m2": 40028.37305026273, "ESA4_pct": 0.0, "ESA3_pct": 29.15, "ESA2_pct": 70.36, "ESA1_pct": 0.0, "pct_BNDRY": 9.2915615420335449, "area_lots": 40028.37305026273, "area": 40028.37305026273, "pct_parcel": 9.2915615420335449, "mean_slp": 9.62, "max_slp": 44.32, "p95_slp": 22.91, "slp_count": 40049, "LOTS": null, "auxiliary_storage_labeling_show": null, "auxiliary_storage_labeling_positionx": 332586.35996821756, "auxiliary_storage_labeling_positiony": 5536912.0730955033, "auxiliary_storage_labeling_lineanchorpercent": null, "auxiliary_storage_labeling_lineanchorclipping": null, "auxiliary_storage_labeling_lineanchortype": null, "auxiliary_storage_labeling_lineanchortextpoint": null, "auxiliary_storage_labeling_labelrotation": null, "Layer": "LOTS" }, "geometry": { "type": "MultiPolygon", "coordinates": [ [ [ [ 332727.372647902520839, 5536788.404029250144958 ], [ 332727.372647902520839, 5536788.404029250144958 ], [ 332726.815560461604036, 5536787.841724250465631 ], [ 332726.263880190090276, 5536787.27411328535527 ], [ 332725.717657622182742, 5536786.701248347759247 ], [ 332725.176942792080808, 5536786.123181914910674 ], [ 332724.641785229672678, 5536785.539966936223209 ], [ 332724.112233955413103, 5536784.951656832359731 ], [ 332723.588337476481684, 5536784.358305495232344 ], [ 332723.070143782300875, 5536783.759967275895178 ], [ 332722.557700339297298, 5536783.156696982681751 ], [ 332722.051054087816738, 5536782.548549873754382 ], [ 332721.550251436827239, 5536781.935581658035517 ], [ 332721.055338259902783, 5536781.317848482169211 ], [ 332720.566359891497996, 5536780.695406929589808 ], [ 332720.08336112217512, 5536780.068314019590616 ], [ 332719.606386195111554, 5536779.436627192422748 ], [ 332719.13547880097758, 5536778.80040431022644 ], [ 332718.670682075608056, 5536778.159703652374446 ], [ 332718.212038594181649, 5536777.514583907090127 ], [ 332717.759590369008947, 5536776.865104166790843 ], [ 332717.313378844119143, 5536776.211323924362659 ], [ 332716.873444893222768, 5536775.553303066641092 ], [ 332716.439828814007342, 5536774.891101870685816 ], [ 332716.062554384930991, 5536774.269668842665851 ], [ 332716.056543813960161, 5536774.259651224128902 ], [ 332489.886270915798377, 5536949.704962494783103 ], [ 332497.751847655978054, 5536974.782712592743337 ], [ 332831.731137509515975, 5536957.303423441946507 ], [ 332825.487678057979792, 5536955.135360704734921 ], [ 332825.142075860407203, 5536955.011270936578512 ], [ 332824.799153392086737, 5536954.879957077093422 ], [ 332824.459061638801359, 5536954.741476939991117 ], [ 332824.121950339875184, 5536954.595891495235264 ], [ 332823.787967922515236, 5536954.443264844827354 ], [ 332823.457261436094996, 5536954.283664191141725 ], [ 332823.129976487718523, 5536954.117159800603986 ], [ 332822.806257178075612, 5536953.943824986927211 ], [ 332822.486246037879027, 5536953.763736066408455 ], [ 332822.170083965174854, 5536953.576972330920398 ], [ 332821.857910163525958, 5536953.383616008795798 ], [ 332821.549862079904415, 5536953.183752236887813 ], [ 332821.246075345377903, 5536952.977469012141228 ], [ 332820.94668371451553, 5536952.764857158064842 ], [ 332820.651819006714504, 5536952.546010285615921 ], [ 332820.361611048283521, 5536952.321024752222002 ], [ 332820.076187615282834, 5536952.08999961707741 ], [ 332819.795674377179239, 5536951.853036598302424 ], [ 332819.52019484131597, 5536951.610240028239787 ], [ 332819.24987029877957, 5536951.361716807819903 ], [ 332818.984819771314505, 5536951.107576359994709 ], [ 332818.725159958121367, 5536950.847930580377579 ], [ 332818.4710051852162, 5536950.582893788814545 ], [ 332818.222467354615219, 5536950.312582680024207 ], [ 332817.979655895323958, 5536950.037116267718375 ], [ 332817.742677715083119, 5536949.756615837104619 ], [ 332817.511637153394986, 5536949.471204890869558 ], [ 332817.286635935073718, 5536949.181009093299508 ], [ 332817.067773126414977, 5536948.886156214401126 ], [ 332816.855145090725273, 5536948.5867760758847 ], [ 332816.648845446004998, 5536948.28300048969686 ], [ 332816.448965024377685, 5536947.974963209591806 ], [ 332816.255591831577476, 5536947.662799859419465 ], [ 332816.068811007717159, 5536947.346647881902754 ], [ 332815.888704790908378, 5536947.026646475307643 ], [ 332815.715352480416186, 5536946.702936534769833 ], [ 332815.548830401385203, 5536946.375660586170852 ], [ 332815.389211872417945, 5536946.04496272560209 ], [ 332815.236567171814386, 5536945.710988558828831 ], [ 332815.090963507886045, 5536945.373885129578412 ], [ 332814.952464988571592, 5536945.033800860866904 ], [ 332814.821132593497168, 5536944.690885490737855 ], [ 332814.697024147317279, 5536944.345290000550449 ], [ 332814.580194293521345, 5536943.997166554443538 ], [ 332814.470694471499883, 5536943.646668424829841 ], [ 332814.368572893028613, 5536943.29394993558526 ], [ 332814.273874521371908, 5536942.939166385680437 ], [ 332814.186641051317565, 5536942.582473981194198 ], [ 332814.106910890783183, 5536942.224029772914946 ], [ 332814.034719144692644, 5536941.863991579040885 ], [ 332813.97009759809589, 5536941.502517921850085 ], [ 332813.913074703305028, 5536941.139767954126 ], [ 332813.863675567205064, 5536940.775901393964887 ], [ 332813.821921939612366, 5536940.411078443750739 ], [ 332813.787832204194274, 5536940.045459736138582 ], [ 332813.761421370727476, 5536939.679206248372793 ], [ 332813.742701067298185, 5536939.312479239888489 ], [ 332813.731679536402225, 5536938.945440175943077 ], [ 332813.283730226627085, 5536916.008891422301531 ], [ 332813.283730226277839, 5536916.008891422301531 ], [ 332813.279917441192083, 5536915.614858865737915 ], [ 332813.283868465514388, 5536915.220827671699226 ], [ 332813.295581765472889, 5536914.826950797811151 ], [ 332813.315052794408984, 5536914.433381145820022 ], [ 332813.342273993475828, 5536914.040271491743624 ], [ 332813.377234795887489, 5536913.647774443030357 ], [ 332813.419921630178578, 5536913.256042355671525 ], [ 332813.470317925675772, 5536912.865227301605046 ], [ 332813.528404119075276, 5536912.475480992347002 ], [ 332813.59415766177699, 5536912.086954719386995 ], [ 332813.667553028906696, 5536911.699799308553338 ], [ 332813.74856172921136, 5536911.314165047369897 ], [ 332813.837152315711137, 5536910.930201635695994 ], [ 332813.933290398505051, 5536910.548058127053082 ], [ 332814.036938657518476, 5536910.167882863432169 ], [ 332814.148056857578922, 5536909.789823425002396 ], [ 332814.266601863899268, 5536909.414026574231684 ], [ 332814.392527658084873, 5536909.040638187900186 ], [ 332814.525785357109271, 5536908.669803214259446 ], [ 332814.666323231591377, 5536908.301665605045855 ], [ 332814.814086726109963, 5536907.936368271708488 ], [ 332814.969018480216619, 5536907.574053015559912 ], [ 332815.131058350903913, 5536907.214860485866666 ], [ 332815.300143435713835, 5536906.858930118381977 ], [ 332815.476208097592462, 5536906.506400080397725 ], [ 332815.659183989919256, 5536906.157407222315669 ], [ 332815.849000083107967, 5536905.812087018042803 ], [ 332816.045582692313474, 5536905.470573518425226 ], [ 332816.248855506186374, 5536905.132999295368791 ], [ 332816.45873961597681, 5536904.799495393410325 ], [ 332816.675153546791989, 5536904.470191272906959 ], [ 332816.898013289028313, 5536904.145214768126607 ], [ 332817.127232330094557, 5536903.824692034162581 ], [ 332817.362721689802129, 5536903.508747491054237 ], [ 332817.604389953194186, 5536903.197503788396716 ], [ 332817.852143306983635, 5536902.891081743873656 ], [ 332818.105885575874709, 5536902.589600313454866 ], [ 332818.365518259408418, 5536902.293176524341106 ], [ 332818.365518259699456, 5536902.293176524341106 ], [ 332818.706618415017147, 5536901.905681344680488 ], [ 332819.041966199525632, 5536901.513197340071201 ], [ 332819.37148865731433, 5536901.115809896960855 ], [ 332819.695114100002684, 5536900.713605468161404 ], [ 332820.012772122106981, 5536900.306671551428735 ], [ 332820.324393616174348, 5536899.895096680149436 ], [ 332820.629910788324196, 5536899.47897039167583 ], [ 332820.929257172509097, 5536899.058383215218782 ], [ 332821.222367645124905, 5536898.633426651358604 ], [ 332821.509178439213429, 5536898.204193148761988 ], [ 332821.789627158490475, 5536897.770776091143489 ], [ 332822.063652790500782, 5536897.333269767463207 ], [ 332822.331195720296819, 5536896.891769357956946 ], [ 332822.592197743302677, 5536896.446370913647115 ], [ 332822.84660207782872, 5536895.997171330265701 ], [ 332823.094353377586231, 5536895.544268335215747 ], [ 332823.335397743678186, 5536895.087760455906391 ], [ 332823.569682736299001, 5536894.627747007645667 ], [ 332823.797157386085019, 5536894.164328066632152 ], [ 332824.0177722054068, 5536893.697604454122484 ], [ 332824.231479199021123, 5536893.227677701972425 ], [ 332824.438231874315534, 5536892.754650047980249 ], [ 332824.637985251785722, 5536892.278624398633838 ], [ 332824.830695874581579, 5536891.799704314209521 ], [ 332825.016321817995049, 5536891.317993987351656 ], [ 332825.194822698715143, 5536890.833598213270307 ], [ 332825.366159683326259, 5536890.346622373908758 ], [ 332825.530295496981125, 5536889.857172411866486 ], [ 332825.6871944317827, 5536889.365354808978736 ], [ 332825.836822353710886, 5536888.871276561170816 ], [ 332825.979146711004432, 5536888.37504515517503 ], [ 332826.114136540505569, 5536887.876768548041582 ], [ 332826.24176247487776, 5536887.37655514292419 ], [ 332826.361996748892125, 5536886.874513761140406 ], [ 332826.474813205190003, 5536886.370753620751202 ], [ 332826.580187300220132, 5536885.865384320728481 ], [ 332826.678096109593753, 5536885.35851580183953 ], [ 332826.768518333090469, 5536884.850258334539831 ], [ 332826.851434299023822, 5536884.340722494758666 ], [ 332826.926825968897901, 5536883.830019130371511 ], [ 332826.994676941016223, 5536883.318259347230196 ], [ 332827.054972454323433, 5536882.805554478429258 ], [ 332827.107699391315691, 5536882.292016065679491 ], [ 332827.152846280892845, 5536881.777755833230913 ], [ 332827.190403301618062, 5536881.262885655276477 ], [ 332827.220362282707356, 5536880.747517542913556 ], [ 332827.242716706416104, 5536880.23176361899823 ], [ 332827.257461709610652, 5536879.715736085548997 ], [ 332827.264594084525015, 5536879.199547205120325 ], [ 332827.264112279284745, 5536878.683309278450906 ], [ 332827.256016398780048, 5536878.167134610004723 ], [ 332827.240308204491157, 5536877.6511354977265 ], [ 332827.216991113498807, 5536877.135424198582768 ], [ 332827.186070198717061, 5536876.62011290807277 ], [ 332827.147552186797839, 5536876.105313730426133 ], [ 332827.101445457781665, 5536875.591138662770391 ], [ 332827.047760042012669, 5536875.07769956625998 ], [ 332826.986507619090844, 5536874.565108138136566 ], [ 332826.917701514379587, 5536874.053475895896554 ], [ 332826.841356697201263, 5536873.542914149351418 ], [ 332826.757489776180591, 5536873.033533965237439 ], [ 332826.666118996974546, 5536872.525446167215705 ], [ 332826.567264237615746, 5536872.018761288374662 ], [ 332826.460947003797628, 5536871.513589558191597 ], [ 332826.347190425614826, 5536871.010040880180895 ], [ 332826.226019250811078, 5536870.50822480302304 ], [ 332826.097459840471856, 5536870.008250493556261 ], [ 332825.961540163203608, 5536869.510226728394628 ], [ 332825.818289788498078, 5536869.014261849224567 ], [ 332825.818289788614493, 5536869.014261849224567 ], [ 332825.726435847987887, 5536868.691641189157963 ], [ 332825.641819122305606, 5536868.367047218605876 ], [ 332825.56448192789685, 5536868.040642263367772 ], [ 332825.494462940609083, 5536867.712589558213949 ], [ 332825.431797176599503, 5536867.383053159341216 ], [ 332825.376515974581707, 5536867.052197867073119 ], [ 332825.328646980517078, 5536866.720189139246941 ], [ 332825.288214133179281, 5536866.387193011119962 ], [ 332825.25523765309481, 5536866.053376014344394 ], [ 332825.229734031483531, 5536865.718905086629093 ], [ 332825.211716022517066, 5536865.383947496302426 ], [ 332825.201192636974156, 5536865.048670752905309 ], [ 332825.198169137409423, 5536864.713242526166141 ], [ 332825.202647035999689, 5536864.377830564044416 ], [ 332825.214624093379825, 5536864.042602602392435 ], [ 332825.2340943198069, 5536863.707726287655532 ], [ 332825.261047978419811, 5536863.37336908839643 ], [ 332825.295471589721274, 5536863.03969821613282 ], [ 332825.337347938679159, 5536862.706880536861718 ], [ 332825.38665608339943, 5536862.375082490965724 ], [ 332825.443371364788618, 5536862.044470010325313 ], [ 332825.507465420116205, 5536861.715208429843187 ], [ 332825.578906196227763, 5536861.387462412938476 ], [ 332825.657657966017723, 5536861.061395862139761 ], [ 332825.743681346124504, 5536860.737171844579279 ], [ 332825.836933316721115, 5536860.41495249979198 ], [ 332825.976744054176379, 5536859.937961763702333 ], [ 332826.109129013202619, 5536859.458856945857406 ], [ 332826.234056252404116, 5536858.977753642015159 ], [ 332826.35149563010782, 5536858.494767931289971 ], [ 332826.461418810707983, 5536858.010016348212957 ], [ 332826.563799272524193, 5536857.523615848273039 ], [ 332826.658612313505728, 5536857.035683793015778 ], [ 332826.745835057401564, 5536856.546337905339897 ], [ 332826.825446459522936, 5536856.055696253664792 ], [ 332826.897427311283536, 5536855.563877223059535 ], [ 332826.96176024567103, 5536855.070999470539391 ], [ 332827.01842974050669, 5536854.577181921340525 ], [ 332827.067422122694552, 5536854.082543718628585 ], [ 332827.108725571772084, 5536853.587204210460186 ], [ 332827.142330121889245, 5536853.091282907873392 ], [ 332827.168227665300947, 5536852.59489946719259 ], [ 332827.18641195341479, 5536852.098173650912941 ], [ 332827.196878598828334, 5536851.601225309073925 ], [ 332827.199625076085795, 5536851.104174344800413 ], [ 332827.194650722609367, 5536850.607140685431659 ], [ 332827.181956738582812, 5536850.110244248993695 ], [ 332827.161546186893247, 5536849.613604930229485 ], [ 332827.13342399179237, 5536849.117342554032803 ], [ 332827.097596939012874, 5536848.621576856821775 ], [ 332827.05407367227599, 5536848.126427455805242 ], [ 332827.002864693000447, 5536847.632013818249106 ], [ 332826.943982356693596, 5536847.138455236330628 ], [ 332826.877440870215651, 5536846.645870791748166 ], [ 332826.803256288403645, 5536846.154379335232079 ], [ 332826.721446510520764, 5536845.66409945115447 ], [ 332826.63203127507586, 5536845.1751494333148 ], [ 332826.535032155923545, 5536844.687647255137563 ], [ 332826.430472556792665, 5536844.201710535213351 ], [ 332826.318377705523744, 5536843.71745652332902 ], [ 332826.198774647607934, 5536843.235002056695521 ], [ 332826.071692240890115, 5536842.754463539458811 ], [ 332825.937161147128791, 5536842.275956915691495 ], [ 332825.795213825593237, 5536841.799597636796534 ], [ 332825.645884524914436, 5536841.325500639155507 ], [ 332825.489209274586756, 5536840.853780308738351 ], [ 332825.325225876818877, 5536840.384550461545587 ], [ 332825.153973896813113, 5536839.917924311943352 ], [ 332824.975494653917849, 5536839.454014445655048 ], [ 332824.789831210684497, 5536838.992932793684304 ], [ 332824.59702836361248, 5536838.534790604375303 ], [ 332824.397132631391287, 5536838.079698414541781 ], [ 332824.190192244073842, 5536837.627766028977931 ], [ 332823.976257131784223, 5536837.179102490656078 ], [ 332823.755378911911976, 5536836.733816048130393 ], [ 332823.527610877121333, 5536836.292014137841761 ], [ 332823.293007982487325, 5536835.853803360834718 ], [ 332823.051626832515467, 5536835.419289443641901 ], [ 332822.80352566629881, 5536834.988577225245535 ], [ 332822.54876434529433, 5536834.561770623549819 ], [ 332822.287404337199405, 5536834.13897262327373 ], [ 332822.019508701981977, 5536833.720285231247544 ], [ 332821.745142076979391, 5536833.305809466168284 ], [ 332821.464370660018176, 5536832.895645334385335 ], [ 332821.177262194803916, 5536832.489891795441508 ], [ 332820.883885953982826, 5536832.088646750897169 ], [ 332820.584312722203322, 5536831.692007010802627 ], [ 332820.278614779585041, 5536831.300068276934326 ], [ 332819.966865883674473, 5536830.912925112061203 ], [ 332819.649141252506524, 5536830.530670925974846 ], [ 332819.325517545395996, 5536830.153397946618497 ], [ 332818.996072845126037, 5536829.781197204254568 ], [ 332818.660886638972443, 5536829.414158497005701 ], [ 332818.32003979961155, 5536829.052370388060808 ], [ 332817.973614565387834, 5536828.695920164696872 ], [ 332817.621694520523306, 5536828.344893832691014 ], [ 332817.264364575210493, 5536827.999376084655523 ], [ 332816.901710944599472, 5536827.659450286068022 ], [ 332816.533821128716227, 5536827.325198454782367 ], [ 332816.160783890576568, 5536826.996701234020293 ], [ 332815.782689235405996, 5536826.674037886783481 ], [ 332815.399628388579004, 5536826.357286263257265 ], [ 332815.011693773674779, 5536826.046522785909474 ], [ 332814.618978990183678, 5536825.741822436451912 ], [ 332814.221578791213688, 5536825.443258731625974 ], [ 332813.81958905979991, 5536825.150903707370162 ], [ 332813.413106786785647, 5536824.864827902056277 ], [ 332813.002230047073681, 5536824.585100339725614 ], [ 332812.587057975120842, 5536824.311788514256477 ], [ 332812.167690742528066, 5536824.044958365149796 ], [ 332811.744229532720055, 5536823.78467427380383 ], [ 332811.31677651690552, 5536823.530999043025076 ], [ 332810.885434829513542, 5536823.283993874676526 ], [ 332810.450308543222491, 5536823.043718367815018 ], [ 332810.011502643697895, 5536822.810230495408177 ], [ 332809.56912300462136, 5536822.583586591295898 ], [ 332809.123276361788157, 5536822.363841339945793 ], [ 332808.674070287728682, 5536822.151047761552036 ], [ 332808.22161316499114, 5536821.945257198065519 ], [ 332807.766014161112253, 5536821.746519300155342 ], [ 332807.307383201492485, 5536821.554882019758224 ], [ 332806.845830942911562, 5536821.370391597039998 ], [ 332806.38146874710219, 5536821.193092539906502 ], [ 332805.914408653974533, 5536821.023027629591525 ], [ 332805.444763353909366, 5536820.860237900167704 ], [ 332804.972646161390003, 5536820.704762626439333 ], [ 332796.584017328103073, 5536818.014295347034931 ], [ 332795.76730895601213, 5536817.756206345744431 ], [ 332794.948419984080829, 5536817.505122002214193 ], [ 332794.127410488028545, 5536817.261060729622841 ], [ 332793.304340698581655, 5536817.024040438234806 ], [ 332792.479270998504944, 5536816.794078512117267 ], [ 332791.652261916315183, 5536816.571191826835275 ], [ 332790.823374123487156, 5536816.35539672896266 ], [ 332789.992668429098558, 5536816.146709052845836 ], [ 332789.160205775406212, 5536815.945144106633961 ], [ 332788.326047233887948, 5536815.750716679729521 ], [ 332787.490254000294954, 5536815.563441032543778 ], [ 332786.652887390286196, 5536815.383330907672644 ], [ 332785.814008834888227, 5536815.210399515926838 ], [ 332784.973679876187816, 5536815.044659543782473 ], [ 332784.131962162617128, 5536814.886123152449727 ], [ 332783.288917444471736, 5536814.734801968559623 ], [ 332782.444607569428626, 5536814.590707098133862 ], [ 332781.599094477889594, 5536814.453849109821022 ], [ 332780.752440198615659, 5536814.324238044209778 ], [ 332779.904706844012253, 5536814.201883409172297 ], [ 332779.055956605880056, 5536814.086794182658195 ], [ 332778.206251750409137, 5536813.978978805243969 ], [ 332777.355654613580555, 5536813.878445189446211 ], [ 332776.504227597615682, 5536813.785200706683099 ], [ 332775.652033164689783, 5536813.69925220310688 ], [ 332769.378136676328722, 5536813.093625514768064 ], [ 332768.942088338022586, 5536813.05538307595998 ], [ 332768.505437280517071, 5536813.024780927225947 ], [ 332768.068317364202812, 5536813.001828446984291 ], [ 332767.630862593010534, 5536812.986532673239708 ], [ 332767.193207073316444, 5536812.978898296132684 ], [ 332766.755484973371495, 5536812.978927655145526 ], [ 332766.317830481915735, 5536812.986620741896331 ], [ 332765.880377766385209, 5536813.001975198276341 ], [ 332765.443260932981502, 5536813.024986313655972 ], [ 332765.006613984704018, 5536813.055647038854659 ], [ 332764.570570780313574, 5536813.093947972171009 ], [ 332764.135264993703458, 5536813.139877372421324 ], [ 332763.724656711099669, 5536813.183026366867125 ], [ 332763.313325817522127, 5536813.218633860349655 ], [ 332762.901410813210532, 5536813.246687860228121 ], [ 332762.489050395495724, 5536813.267178920097649 ], [ 332762.076383411476854, 5536813.280100138857961 ], [ 332761.663548811571673, 5536813.285447170957923 ], [ 332761.250685602601152, 5536813.283218210563064 ], [ 332760.837932800990529, 5536813.273414012044668 ], [ 332760.425429385912139, 5536813.256037873215973 ], [ 332760.013314252719283, 5536813.231095647439361 ], [ 332759.601726166089065, 5536813.198595732450485 ], [ 332759.190803712874185, 5536813.158549071289599 ], [ 332758.780685256293509, 5536813.110969146713614 ], [ 332758.371508888376411, 5536813.055871983058751 ], [ 332757.963412384327967, 5536812.993276127614081 ], [ 332757.556533155497164, 5536812.923202660866082 ], [ 332757.151008203509264, 5536812.845675176009536 ], [ 332756.746974073816091, 5536812.76071977801621 ], [ 332756.344566810119431, 5536812.668365072458982 ], [ 332755.943921908095945, 5536812.568642155267298 ], [ 332755.545174270111602, 5536812.46158460713923 ], [ 332755.148458159819711, 5536812.34722847212106 ], [ 332754.753907156584319, 5536812.225612257607281 ], [ 332754.36165411118418, 5536812.096776912920177 ], [ 332753.971831100003328, 5536811.960765819996595 ], [ 332753.584569381724577, 5536811.817624773830175 ], [ 332753.199999352393206, 5536811.667401972226799 ], [ 332752.818250501703005, 5536811.510147997178137 ], [ 332752.439451369689777, 5536811.345915798097849 ], [ 332752.063729502784554, 5536811.174760674126446 ], [ 332751.691211411496624, 5536810.996740256436169 ], [ 332751.322022527572699, 5536810.811914484016597 ], [ 332750.956287161796354, 5536810.620345595292747 ], [ 332750.594128461903892, 5536810.422098088078201 ], [ 332750.235668371606153, 5536810.217238718643785 ], [ 332749.881027589028236, 5536810.005836465395987 ], [ 332749.530325526313391, 5536809.787962510250509 ], [ 332749.183680269517936, 5536809.563690210692585 ], [ 332748.841208538680803, 5536809.333095086738467 ], [ 332748.503025648475159, 5536809.096254780888557 ], [ 332748.169245469325688, 5536808.853249040432274 ], [ 332747.839980389573611, 5536808.604159690439701 ], [ 332747.515341277176049, 5536808.349070601165295 ], [ 332747.195437442103866, 5536808.088067661039531 ], [ 332746.880376600427553, 5536807.821238758042455 ], [ 332746.570264836889692, 5536807.548673734068871 ], [ 332746.265206570620649, 5536807.270464367233217 ], [ 332745.965304518409539, 5536806.986704333685338 ], [ 332745.67065966129303, 5536806.697489179670811 ], [ 332727.372647902520839, 5536788.404029250144958 ] ] ] ] } },
{ "type": "Feature", "properties": { "fid": 2, "Text": "Lot 1", "LOT_ID": 1, "area_m2": 40074.509242024222, "ESA4_pct": 4.97, "ESA3_pct": 82.84, "ESA2_pct": 0.05, "ESA1_pct": 12.13, "pct_BNDRY": 9.3022876676188275, "area_lots": 40074.509242024222, "area": 40074.509242024222, "pct_parcel": 9.3022876676188275, "mean_slp": 10.75, "max_slp": 67.03, "p95_slp": 22.24, "slp_count": 40102, "LOTS": null, "auxiliary_storage_labeling_show": null, "auxiliary_storage_labeling_positionx": 332425.4820896833, "auxiliary_storage_labeling_positiony": 5536177.498915351, "auxiliary_storage_labeling_lineanchorpercent": null, "auxiliary_storage_labeling_lineanchorclipping": null, "auxiliary_storage_labeling_lineanchortype": null, "auxiliary_storage_labeling_lineanchortextpoint": null, "auxiliary_storage_labeling_labelrotation": null, "Layer": "LOTS" }, "geometry": { "type": "MultiPolygon", "coordinates": [ [ [ [ 332563.398292227182537, 5536164.45644900854677 ], [ 332562.536482835712377, 5536155.366489879786968 ], [ 332408.871346209198236, 5536162.847581857815385 ], [ 332389.451314621604979, 5536196.866632501594722 ], [ 332372.58649978559697, 5536436.168164326809347 ], [ 332537.90872904000571, 5536360.757274045608938 ], [ 332537.515014335804153, 5536360.165788425132632 ], [ 332537.127788811223581, 5536359.570034364238381 ], [ 332536.747098738211207, 5536358.970083053223789 ], [ 332536.372989607218187, 5536358.366006181575358 ], [ 332536.005506122426596, 5536357.757875935174525 ], [ 332535.644692196394317, 5536357.145764983259141 ], [ 332535.290590944583528, 5536356.529746468178928 ], [ 332534.943244680180214, 5536355.909894000738859 ], [ 332534.602694909612183, 5536355.286281651817262 ], [ 332534.268982326611876, 5536354.658983940258622 ], [ 332533.942146808316465, 5536354.028075823560357 ], [ 332533.622227409796324, 5536353.393632692284882 ], [ 332533.309262359980494, 5536352.755730359815061 ], [ 332533.003289056825452, 5536352.114445053040981 ], [ 332532.704344062076416, 5536351.469853401184082 ], [ 332532.412463098706212, 5536350.822032430209219 ], [ 332532.127681044687051, 5536350.171059550717473 ], [ 332531.85003193031298, 5536349.517012551426888 ], [ 332531.579548933077604, 5536348.859969587065279 ], [ 332531.316264374589082, 5536348.200009172782302 ], [ 332531.060209715680685, 5536347.53721016831696 ], [ 332530.811415554024279, 5536346.87165177706629 ], [ 332530.569911619008053, 5536346.203413527458906 ], [ 332530.335726769117173, 5536345.532575272023678 ], [ 332530.10888898849953, 5536344.859217174351215 ], [ 332529.889425383124035, 5536344.183419694192708 ], [ 332529.677362177579198, 5536343.505263588391244 ], [ 332529.472724712628406, 5536342.824829891324043 ], [ 332529.275537441077176, 5536342.142199912108481 ], [ 332529.085823926201556, 5536341.457455221563578 ], [ 332528.903606837615371, 5536340.770677645690739 ], [ 332528.728907949524, 5536340.081949247047305 ], [ 332528.561748137290124, 5536339.391352327540517 ], [ 332528.402147375978529, 5536338.698969408869743 ], [ 332528.250124736921862, 5536338.004883230663836 ], [ 332528.105698386207223, 5536337.309176729060709 ], [ 332527.968885581882205, 5536336.611933036707342 ], [ 332527.839702672383282, 5536335.913235475309193 ], [ 332527.71816509461496, 5536335.21316753141582 ], [ 332527.604287371679675, 5536334.511812862940133 ], [ 332527.498083111306187, 5536333.80925527587533 ], [ 332527.399565004510805, 5536333.105578724294901 ], [ 332527.308744823501911, 5536332.400867290794849 ], [ 332527.225633420981467, 5536331.695205189287663 ], [ 332527.15024072828237, 5536330.988676738925278 ], [ 332527.082575754611753, 5536330.281366368755698 ], [ 332527.022646585479379, 5536329.573358599096537 ], [ 332526.970460381999146, 5536328.864738033153117 ], [ 332526.926023380481638, 5536328.155589344911277 ], [ 332526.889340890571475, 5536327.445997277274728 ], [ 332526.860417295887601, 5536326.736046620644629 ], [ 332526.839256052626297, 5536326.025822213850915 ], [ 332526.825859689386562, 5536325.315408920869231 ], [ 332526.82022980687907, 5536324.604891636408865 ], [ 332526.822367078100797, 5536323.894355261698365 ], [ 332526.832271247520112, 5536323.183884701691568 ], [ 332526.849941131484229, 5536322.473564855754375 ], [ 332526.875374618917704, 5536321.763480604626238 ], [ 332526.908568670216482, 5536321.053716797381639 ], [ 332526.94951931911055, 5536320.344358246773481 ], [ 332526.998221672081854, 5536319.635489720851183 ], [ 332527.054669909528457, 5536318.92719592154026 ], [ 332527.118857286171988, 5536318.219561490230262 ], [ 332527.190776131872553, 5536317.512670985423028 ], [ 332527.270417852676474, 5536316.806608873419464 ], [ 332527.357772931922227, 5536316.10145952925086 ], [ 332527.452830930880737, 5536315.397307213395834 ], [ 332527.555580490792636, 5536314.694236067123711 ], [ 332527.66600933362497, 5536313.992330105043948 ], [ 332527.784104263526388, 5536313.291673202998936 ], [ 332527.909851168806199, 5536312.592349084094167 ], [ 332528.043235023273155, 5536311.894441314041615 ], [ 332528.184239888272714, 5536311.198033289983869 ], [ 332528.332848914607894, 5536310.503208230249584 ], [ 332528.489044343878049, 5536309.810049159452319 ], [ 332528.652807511796709, 5536309.118638910353184 ], [ 332528.824118849413935, 5536308.429060102440417 ], [ 332529.002957885619253, 5536307.74139513541013 ], [ 332529.189303250517696, 5536307.055726181715727 ], [ 332529.383132676302921, 5536306.372135177254677 ], [ 332529.584423001622781, 5536305.690703807398677 ], [ 332529.793150172976311, 5536305.011513497680426 ], [ 332530.009289248904679, 5536304.334645410068333 ], [ 332530.232814401620999, 5536303.660180426202714 ], [ 332530.463698921026662, 5536302.988199141807854 ], [ 332530.701915217388887, 5536302.318781856447458 ], [ 332530.947434825415257, 5536301.65200855769217 ], [ 332531.200228406582028, 5536300.987958925776184 ], [ 332531.460265753092244, 5536300.326712311245501 ], [ 332531.727515792008489, 5536299.66834772657603 ], [ 332532.001946588279679, 5536299.01294384803623 ], [ 332532.283525348699186, 5536298.360578987747431 ], [ 332532.572218425979372, 5536297.711331103928387 ], [ 332532.867991322826128, 5536297.065277777612209 ], [ 332533.170808695722371, 5536296.42249620705843 ], [ 332533.480634359701071, 5536295.783063204027712 ], [ 332533.797431291895919, 5536295.147055176086724 ], [ 332534.121161636896431, 5536294.514548122882843 ], [ 332534.45178671029862, 5536293.885617626830935 ], [ 332534.789267004176509, 5536293.260338842868805 ], [ 332535.133562191389501, 5536292.63878648635 ], [ 332535.48463113012258, 5536292.021034831181169 ], [ 332535.84243186970707, 5536291.407157693058252 ], [ 332536.206921654404141, 5536290.797228432260454 ], [ 332536.578056929691229, 5536290.191319927573204 ], [ 332536.955793346685823, 5536289.589504583738744 ], [ 332537.340085767791606, 5536288.991854315623641 ], [ 332537.730888271995354, 5536288.398440538905561 ], [ 332538.128154160280246, 5536287.809334163554013 ], [ 332538.531835961388424, 5536287.224605585448444 ], [ 332538.941885437292513, 5536286.644324674271047 ], [ 332539.358253589191008, 5536286.068560772575438 ], [ 332539.780890663212631, 5536285.497382681816816 ], [ 332540.209746156120673, 5536284.930858654901385 ], [ 332540.644768822006881, 5536284.369056386873126 ], [ 332541.08590667770477, 5536283.812043011188507 ], [ 332541.533107009483501, 5536283.259885090403259 ], [ 332541.986316379217897, 5536282.71264860033989 ], [ 332542.445480630383827, 5536282.170398934744298 ], [ 332542.910544895392377, 5536281.633200893178582 ], [ 332543.381453601294197, 5536281.101118665188551 ], [ 332543.85815047682263, 5536280.574215830303729 ], [ 332544.340578558971174, 5536280.05255535338074 ], [ 332544.828680200211238, 5536279.536199567839503 ], [ 332545.322397074720357, 5536279.025210180319846 ], [ 332551.312859702913556, 5536272.892607841640711 ], [ 332551.312859702913556, 5536272.892607841640711 ], [ 332551.74534228281118, 5536272.455277260392904 ], [ 332552.183171733107883, 5536272.023299724794924 ], [ 332552.626281801785808, 5536271.596740600652993 ], [ 332553.074605437694117, 5536271.175664436072111 ], [ 332553.528074800502509, 5536270.760134946554899 ], [ 332553.986621271295007, 5536270.350215012207627 ], [ 332554.450175462989137, 5536269.945966660045087 ], [ 332554.918667230813298, 5536269.547451061196625 ], [ 332555.392025682609528, 5536269.15472851973027 ], [ 332555.870179190125782, 5536268.76785846054554 ], [ 332556.353055399027653, 5536268.386899425648153 ], [ 332556.840581240772735, 5536268.011909062974155 ], [ 332557.332682943204418, 5536267.64294411521405 ], [ 332557.82928604161134, 5536267.280060411430895 ], [ 332558.330315390077885, 5536266.923312866128981 ], [ 332558.835695173009299, 5536266.5727554615587 ], [ 332559.345348916598596, 5536266.228441243991256 ], [ 332559.859199500118848, 5536265.890422311611474 ], [ 332560.377169167797547, 5536265.558749821037054 ], [ 332560.899179540923797, 5536265.233473954722285 ], [ 332561.425151628616732, 5536264.914643933996558 ], [ 332561.955005841213278, 5536264.602308005094528 ], [ 332562.488662001211196, 5536264.296513429842889 ], [ 332579.558058681024704, 5536254.654414629563689 ], [ 332579.558058680675458, 5536254.654414629563689 ], [ 332579.887030220590532, 5536254.464102801866829 ], [ 332580.212022887484636, 5536254.267073281109333 ], [ 332580.532899523386732, 5536254.06340921856463 ], [ 332580.849524708115496, 5536253.853196567855775 ], [ 332581.161764814925846, 5536253.636524047702551 ], [ 332581.469488068309147, 5536253.413483097217977 ], [ 332581.772564598824829, 5536253.184167850762606 ], [ 332582.07086649799021, 5536252.948675085790455 ], [ 332582.364267872704659, 5536252.707104188390076 ], [ 332582.652644897811115, 5536252.459557106718421 ], [ 332582.935875868482981, 5536252.206138315610588 ], [ 332583.213841252028942, 5536251.946954769082367 ], [ 332583.486423737485893, 5536251.682115849107504 ], [ 332583.753508286492433, 5536251.411733322776854 ], [ 332584.014982180087827, 5536251.135921306908131 ], [ 332584.270735067897476, 5536250.854796199128032 ], [ 332584.520659013418481, 5536250.568476646207273 ], [ 332584.764648540702183, 5536250.27708347979933 ], [ 332585.002600677893497, 5536249.980739681981504 ], [ 332585.234415001410525, 5536249.679570320062339 ], [ 332585.45999367791228, 5536249.373702495358884 ], [ 332585.679241505626123, 5536249.063265293836594 ], [ 332585.892065954511054, 5536248.748389732092619 ], [ 332586.098377205897123, 5536248.429208695888519 ], [ 332586.298088189621922, 5536248.10585689265281 ], [ 332586.49111462070141, 5536247.778470787219703 ], [ 332586.677375035709701, 5536247.447188545949757 ], [ 332586.856790826714132, 5536247.112149980850518 ], [ 332587.029286274104379, 5536246.773496490903199 ], [ 332587.194788579072338, 5536246.431370998732746 ], [ 332587.353227894403972, 5536246.085917891003191 ], [ 332587.504537353117485, 5536245.737282961606979 ], [ 332587.648653097799979, 5536245.385613348335028 ], [ 332587.78551430668449, 5536245.031057463958859 ], [ 332587.91506321990164, 5536244.673764944076538 ], [ 332588.037245163519401, 5536244.313886577263474 ], [ 332588.152008572593331, 5536243.951574247330427 ], [ 332588.259305013285484, 5536243.586980856955051 ], [ 332588.359089202771429, 5536243.220260280184448 ], [ 332588.451319028972648, 5536242.851567285135388 ], [ 332588.535955567786004, 5536242.481057470664382 ], [ 332588.61296309978934, 5536242.108887205831707 ], [ 332588.682309125200845, 5536241.735213559120893 ], [ 332588.743964377674274, 5536241.360194233246148 ], [ 332588.797902836697176, 5536240.983987496234477 ], [ 332588.844101738475729, 5536240.606752121821046 ], [ 332588.882541585480794, 5536240.228647316806018 ], [ 332588.91320615488803, 5536239.849832653068006 ], [ 332588.936082505213562, 5536239.47046800237149 ], [ 332588.951160981785506, 5536239.090713469311595 ], [ 332588.958435220993124, 5536238.710729324258864 ], [ 332588.957902153080795, 5536238.330675928853452 ], [ 332588.949562002671883, 5536237.950713683851063 ], [ 332588.933418289991096, 5536237.57100294623524 ], [ 332588.909477827895898, 5536237.191703960299492 ], [ 332588.877750720072072, 5536236.812976807355881 ], [ 332588.838250356726348, 5536236.434981320984662 ], [ 332588.790993408008944, 5536236.057877029292285 ], [ 332588.735999818018172, 5536235.681823082268238 ], [ 332588.673292795778252, 5536235.306978189386427 ], [ 332588.602898805984296, 5536234.933500543236732 ], [ 332588.524847557127941, 5536234.561547766439617 ], [ 332588.439171989215538, 5536234.191276833415031 ], [ 332588.345908260496799, 5536233.822844015434384 ], [ 332588.245095731108449, 5536233.456404796801507 ], [ 332588.136776947474573, 5536233.092113833874464 ], [ 332588.020997623680159, 5536232.730124862864614 ], [ 332587.897806622320786, 5536232.370590661652386 ], [ 332587.767255934188142, 5536232.013662960380316 ], [ 332587.629400656092912, 5536231.659492397680879 ], [ 332587.48429896729067, 5536231.30822844337672 ], [ 332587.332012105791364, 5536230.960019341669977 ], [ 332587.172604341525584, 5536230.615012051537633 ], [ 332587.006142949976493, 5536230.273352176882327 ], [ 332586.832698183308821, 5536229.935183905996382 ], [ 332586.652343240915798, 5536229.600649961270392 ], [ 332586.4651542386855, 5536229.269891523756087 ], [ 332586.271210176520981, 5536228.943048188462853 ], [ 332586.070592905278318, 5536228.62025789078325 ], [ 332585.863387092307676, 5536228.301656859926879 ], [ 332585.649680185015313, 5536227.987379557453096 ], [ 332585.429562374891248, 5536227.677558614872396 ], [ 332585.203126559092198, 5536227.372324791736901 ], [ 332584.97046830097679, 5536227.071806904859841 ], [ 332584.731685790116899, 5536226.776131781749427 ], [ 332584.486879800504539, 5536226.48542420938611 ], [ 332584.23615364858415, 5536226.199806873686612 ], [ 332583.979613149014767, 5536225.919400314800441 ], [ 332583.717366570315789, 5536225.644322874955833 ], [ 332583.449524589523207, 5536225.374690647237003 ], [ 332583.176200244575739, 5536225.110617420636117 ], [ 332580.094676256703679, 5536222.193993278779089 ], [ 332580.094676256529056, 5536222.193993278779089 ], [ 332579.81825369852595, 5536221.927283977158368 ], [ 332579.547004218620714, 5536221.655315224081278 ], [ 332579.281027869496029, 5536221.37818733882159 ], [ 332579.020422758592758, 5536221.096002543345094 ], [ 332578.765285012428649, 5536220.808864921331406 ], [ 332578.515708740509581, 5536220.516880389302969 ], [ 332578.271786001103465, 5536220.220156645402312 ], [ 332578.033606767188758, 5536219.918803139589727 ], [ 332577.801258892985061, 5536219.612931028939784 ], [ 332577.574828082171734, 5536219.302653135731816 ], [ 332577.354397855408024, 5536218.988083909265697 ], [ 332577.140049520297907, 5536218.669339381158352 ], [ 332576.931862140772864, 5536218.346537124365568 ], [ 332576.729912508686539, 5536218.019796201959252 ], [ 332576.534275114827324, 5536217.689237141050398 ], [ 332576.345022121502552, 5536217.354981869459152 ], [ 332576.162223336286843, 5536217.017153676599264 ], [ 332575.985946186003275, 5536216.675877177156508 ], [ 332575.816255691926926, 5536216.331278252415359 ], [ 332575.653214445803314, 5536215.983484010212123 ], [ 332575.49688258691458, 5536215.632622737437487 ], [ 332575.347317779087462, 5536215.27882385160774 ], [ 332575.204575191019103, 5536214.922217856161296 ], [ 332575.068707474216353, 5536214.562936286441982 ], [ 332574.939764744718559, 5536214.201111665926874 ], [ 332574.817794564005453, 5536213.83687745872885 ], [ 332574.702841921825893, 5536213.470368013717234 ], [ 332574.594949219375849, 5536213.10171852260828 ], [ 332568.369581468403339, 5536191.047336850315332 ], [ 332568.369581468519755, 5536191.047336850315332 ], [ 332568.090035673987586, 5536190.043681163340807 ], [ 332567.817467700107954, 5536189.038108047097921 ], [ 332567.551890696107876, 5536188.030666017904878 ], [ 332567.293317474308424, 5536187.021403674036264 ], [ 332567.041760509193409, 5536186.010369705967605 ], [ 332566.797231936594471, 5536184.9976128898561 ], [ 332566.559743553283624, 5536183.983182086609304 ], [ 332566.329306816624012, 5536182.967126230709255 ], [ 332566.105932843522169, 5536181.949494345113635 ], [ 332565.889632410078775, 5536180.930335517972708 ], [ 332565.680415951472241, 5536179.90969892218709 ], [ 332565.478293561027385, 5536178.887633792124689 ], [ 332565.28327498951694, 5536177.864189436659217 ], [ 332565.0953696455108, 5536176.839415231719613 ], [ 332564.914586593979038, 5536175.813360613770783 ], [ 332564.740934556524735, 5536174.78607508353889 ], [ 332564.574421910627279, 5536173.757608202286065 ], [ 332564.415056689409539, 5536172.728009583428502 ], [ 332564.262846581172198, 5536171.697328899055719 ], [ 332564.117798928986304, 5536170.66561587434262 ], [ 332563.979920730402227, 5536169.63292027823627 ], [ 332563.849218637100421, 5536168.599291934631765 ], [ 332563.725698954600375, 5536167.564780708402395 ], [ 332563.609367641911376, 5536166.529436506330967 ], [ 332563.500230311008636, 5536165.493309278041124 ], [ 332563.398292227182537, 5536164.45644900854677 ] ] ] ] } },
{ "type": "Feature", "properties": { "fid": 3, "Text": "Lot 2", "LOT_ID": 2, "area_m2": 61211.417932539713, "ESA4_pct": 0.0, "ESA3_pct": 54.14, "ESA2_pct": 45.66, "ESA1_pct": 0.0, "pct_BNDRY": 14.208702238082861, "area_lots": 61211.417932539713, "area": 61211.417932539713, "pct_parcel": 14.208702238082861, "mean_slp": 14.4, "max_slp": 64.77, "p95_slp": 27.05, "slp_count": 61248, "LOTS": null, "auxiliary_storage_labeling_show": null, "auxiliary_storage_labeling_positionx": 332294.89117775206, "auxiliary_storage_labeling_positiony": 5536325.9277188042, "auxiliary_storage_labeling_lineanchorpercent": null, "auxiliary_storage_labeling_lineanchorclipping": null, "auxiliary_storage_labeling_lineanchortype": null, "auxiliary_storage_labeling_lineanchortextpoint": null, "auxiliary_storage_labeling_labelrotation": null, "Layer": "LOTS" }, "geometry": { "type": "MultiPolygon", "coordinates": [ [ [ [ 332543.884602094010916, 5536369.543668575584888 ], [ 332537.90872904000571, 5536360.757274045608938 ], [ 332372.58649978559697, 5536436.168164326809347 ], [ 332389.451314621604979, 5536196.866632501594722 ], [ 332408.871346209198236, 5536162.847581857815385 ], [ 332236.06500192778185, 5536171.031035719439387 ], [ 332252.48331178817898, 5536558.387604873627424 ], [ 332320.53359111782629, 5536584.810303184203804 ], [ 332366.054297536204103, 5536528.856167110614479 ], [ 332370.0448901123018, 5536472.23206980060786 ], [ 332581.58070637617493, 5536392.866587760858238 ], [ 332581.58070637617493, 5536392.866587760858238 ], [ 332581.018323622411117, 5536392.507140727713704 ], [ 332580.452073078602552, 5536392.153818137943745 ], [ 332579.88202143838862, 5536391.806661604903638 ], [ 332579.308235842909198, 5536391.465712017379701 ], [ 332578.730783872888424, 5536391.131009533070028 ], [ 332578.14973354130052, 5536390.802593571133912 ], [ 332577.565153284696862, 5536390.480502814985812 ], [ 332576.977111955406144, 5536390.164775201119483 ], [ 332576.385678813385312, 5536389.855447915382683 ], [ 332575.790923518186901, 5536389.552557389251888 ], [ 332575.192916120577138, 5536389.256139300763607 ], [ 332574.591727054328658, 5536388.96622856054455 ], [ 332573.987427128013223, 5536388.682859311811626 ], [ 332573.380087516386993, 5536388.406064935028553 ], [ 332572.769779752707109, 5536388.135878028348088 ], [ 332572.15657571941847, 5536387.872330414131284 ], [ 332571.540547640121076, 5536387.615453134290874 ], [ 332570.92176807107171, 5536387.365276444703341 ], [ 332570.300309892918449, 5536387.121829808689654 ], [ 332569.676246301271021, 5536386.885141902603209 ], [ 332569.049650798900984, 5536386.655240602791309 ], [ 332568.420597186777741, 5536386.432152989320457 ], [ 332563.794718041608576, 5536384.819835665635765 ], [ 332563.794718041608576, 5536384.819835665635765 ], [ 332563.271999827004038, 5536384.633569728583097 ], [ 332562.751915888627991, 5536384.440070301294327 ], [ 332562.234566320083104, 5536384.239374621771276 ], [ 332561.720050687901676, 5536384.031521316617727 ], [ 332561.208468014025129, 5536383.816550389863551 ], [ 332560.699916755198501, 5536383.594503213651478 ], [ 332560.194494785217103, 5536383.365422520786524 ], [ 332559.692299375426956, 5536383.12935240007937 ], [ 332559.193427176272962, 5536382.886338284239173 ], [ 332558.697974198672455, 5536382.636426942422986 ], [ 332558.206035795388743, 5536382.379666471853852 ], [ 332557.717706642986741, 5536382.116106287576258 ], [ 332557.233080722973682, 5536381.845797115005553 ], [ 332556.752251304686069, 5536381.568790974095464 ], [ 332556.275310926372185, 5536381.28514117654413 ], [ 332555.802351378195453, 5536380.99490231461823 ], [ 332555.333463683899026, 5536380.698130244389176 ], [ 332554.868738083401695, 5536380.394882082007825 ], [ 332554.408264016208705, 5536380.085216188803315 ], [ 332553.952130103192758, 5536379.769192161969841 ], [ 332553.500424129713792, 5536379.446870825253427 ], [ 332553.053233029495459, 5536379.118314205668867 ], [ 332552.610642866871785, 5536378.783585540018976 ], [ 332552.172738821187522, 5536378.442749246954918 ], [ 332551.739605169277638, 5536378.095870925113559 ], [ 332551.311325270624366, 5536377.743017327971756 ], [ 332550.88798154972028, 5536377.38425637036562 ], [ 332550.469655481982045, 5536377.01965709310025 ], [ 332550.056427576404531, 5536376.649289667606354 ], [ 332549.64837736118352, 5536376.27322537265718 ], [ 332549.245583368116058, 5536375.891536585986614 ], [ 332548.848123117117211, 5536375.504296762868762 ], [ 332548.456073101726361, 5536375.111580431461334 ], [ 332548.069508774322458, 5536374.713463173247874 ], [ 332547.688504531281069, 5536374.310021605342627 ], [ 332547.313133699179161, 5536373.901333373039961 ], [ 332546.943468520592432, 5536373.487477133050561 ], [ 332546.57958013942698, 5536373.068532533943653 ], [ 332546.22153858828824, 5536372.644580202177167 ], [ 332545.869412774103694, 5536372.215701731853187 ], [ 332545.523270465782844, 5536371.781979661434889 ], [ 332545.183178280596621, 5536371.343497465364635 ], [ 332544.849201670789625, 5536370.900339528918266 ], [ 332544.521404912520666, 5536370.452591142617166 ], [ 332544.199851092009339, 5536370.000338478945196 ], [ 332543.884602094010916, 5536369.543668575584888 ] ] ] ] } },
{ "type": "Feature", "properties": { "fid": 4, "Text": "Lot 4", "LOT_ID": 4, "area_m2": 40142.592711292906, "ESA4_pct": 24.11, "ESA3_pct": 44.52, "ESA2_pct": 31.2, "ESA1_pct": 0.0, "pct_BNDRY": 9.3180878273537058, "area_lots": 40142.592711292906, "area": 40142.592711292906, "pct_parcel": 9.3180878273537058, "mean_slp": 12.31, "max_slp": 62.72, "p95_slp": 26.08, "slp_count": 40162, "LOTS": null, "auxiliary_storage_labeling_show": null, "auxiliary_storage_labeling_positionx": 332438.99960842927, "auxiliary_storage_labeling_positiony": 5536683.7172775446, "auxiliary_storage_labeling_lineanchorpercent": null, "auxiliary_storage_labeling_lineanchorclipping": null, "auxiliary_storage_labeling_lineanchortype": null, "auxiliary_storage_labeling_lineanchortextpoint": null, "auxiliary_storage_labeling_labelrotation": null, "Layer": "LOTS" }, "geometry": { "type": "MultiPolygon", "coordinates": [ [ [ [ 332672.328314631304238, 5536636.039801037870347 ], [ 332635.563549584709108, 5536568.640912834554911 ], [ 332635.301716785528697, 5536568.152902585454285 ], [ 332635.046665598172694, 5536567.661314027383924 ], [ 332634.79844491451513, 5536567.166241396218538 ], [ 332634.557102316874079, 5536566.66777959279716 ], [ 332634.322684069396928, 5536566.166024169884622 ], [ 332634.095235108397901, 5536565.661071313545108 ], [ 332633.874799034674652, 5536565.15301781706512 ], [ 332633.661418104311451, 5536564.641961071640253 ], [ 332633.45513322140323, 5536564.127999043092132 ], [ 332633.255983929324429, 5536563.611230258829892 ], [ 332633.064008403918706, 5536563.091753776185215 ], [ 332632.879243445582688, 5536562.569669177755713 ], [ 332632.701724472921342, 5536562.045076541602612 ], [ 332632.531485515006352, 5536561.518076433800161 ], [ 332632.368559205671772, 5536560.98876987118274 ], [ 332632.21297677711118, 5536560.457258323207498 ], [ 332632.064768053300213, 5536559.923643674701452 ], [ 332631.923961445107125, 5536559.388028218410909 ], [ 332631.790583944297396, 5536558.850514627061784 ], [ 332631.664661118411459, 5536558.311205940321088 ], [ 332631.546217106282711, 5536557.77020553778857 ], [ 332622.125415688904468, 5536513.267696663737297 ], [ 332393.278233399556484, 5536645.843341251835227 ], [ 332445.886612604022957, 5536811.482936530373991 ], [ 332672.328314631304238, 5536636.039801037870347 ] ] ] ] } },
{ "type": "Feature", "properties": { "fid": 5, "Text": "Lot 3", "LOT_ID": 3, "area_m2": 40069.192822229576, "ESA4_pct": 0.0, "ESA3_pct": 84.33, "ESA2_pct": 15.56, "ESA1_pct": 0.0, "pct_BNDRY": 9.3010539170955298, "area_lots": 40069.192822229576, "area": 40069.192822229576, "pct_parcel": 9.3010539170955298, "mean_slp": 12.21, "max_slp": 45.01, "p95_slp": 23.53, "slp_count": 40093, "LOTS": null, "auxiliary_storage_labeling_show": 1, "auxiliary_storage_labeling_positionx": 332372.13187881233, "auxiliary_storage_labeling_positiony": 5536556.1544903321, "auxiliary_storage_labeling_lineanchorpercent": null, "auxiliary_storage_labeling_lineanchorclipping": null, "auxiliary_storage_labeling_lineanchortype": null, "auxiliary_storage_labeling_lineanchortextpoint": null, "auxiliary_storage_labeling_labelrotation": null, "Layer": "LOTS" }, "geometry": { "type": "MultiPolygon", "coordinates": [ [ [ [ 332612.306084773619659, 5536466.882591851055622 ], [ 332612.306084773503244, 5536466.882591851055622 ], [ 332612.113737703999504, 5536465.955952322110534 ], [ 332611.928704596473835, 5536465.027824658900499 ], [ 332611.750996959686745, 5536464.098266587592661 ], [ 332611.580625846923795, 5536463.167335925623775 ], [ 332611.417601854598615, 5536462.235090578906238 ], [ 332611.261935122893192, 5536461.301588526926935 ], [ 332611.113635334011633, 5536460.366887834854424 ], [ 332610.972711711889133, 5536459.431046638637781 ], [ 332610.839173021784518, 5536458.494123146869242 ], [ 332610.71302756969817, 5536457.556175634264946 ], [ 332610.594283201498911, 5536456.617262439802289 ], [ 332610.482947303098626, 5536455.677441963925958 ], [ 332610.379026799288113, 5536454.736772659234703 ], [ 332610.282528153795283, 5536453.795313036069274 ], [ 332610.193457368703093, 5536452.853121650405228 ], [ 332610.111819984100293, 5536451.910257105715573 ], [ 332610.037621077790391, 5536450.966778049245477 ], [ 332609.970865264593158, 5536450.022743158973753 ], [ 332609.911556696926709, 5536449.078211154788733 ], [ 332609.859699063294102, 5536448.133240788243711 ], [ 332609.815295589505695, 5536447.187890828587115 ], [ 332609.778349037282169, 5536446.24222008138895 ], [ 332609.641554460395128, 5536442.347203318029642 ], [ 332609.613578549702652, 5536441.66015338525176 ], [ 332609.577922738681082, 5536440.973459186032414 ], [ 332609.534591485105921, 5536440.287206562235951 ], [ 332609.483590205491055, 5536439.601481303572655 ], [ 332609.424925276020076, 5536438.91636913176626 ], [ 332609.358604029985145, 5536438.231955694966018 ], [ 332609.284634758485481, 5536437.548326549120247 ], [ 332609.203026708390098, 5536436.865567157976329 ], [ 332609.113790081522893, 5536436.18376287072897 ], [ 332609.016936033323873, 5536435.502998922020197 ], [ 332608.912476671626791, 5536434.823360413312912 ], [ 332608.800425054912921, 5536434.144932306371629 ], [ 332608.680795190681238, 5536433.467799411155283 ], [ 332608.553602034109645, 5536432.792046379297972 ], [ 332608.418861485493835, 5536432.117757681757212 ], [ 332608.276590388908517, 5536431.445017616264522 ], [ 332608.126806529588066, 5536430.773910280317068 ], [ 332607.969528632122092, 5536430.104519569315016 ], [ 332607.804776357777882, 5536429.436929162591696 ], [ 332607.632570302521344, 5536428.771222519688308 ], [ 332607.452931993582752, 5536428.107482858002186 ], [ 332607.265883887826931, 5536427.445793151855469 ], [ 332607.071449368202593, 5536426.786236120387912 ], [ 332606.869652740773745, 5536426.128894212655723 ], [ 332606.660519232507795, 5536425.473849606700242 ], [ 332606.44407498720102, 5536424.821184188127518 ], [ 332606.220347062393557, 5536424.170979545451701 ], [ 332605.989363426575437, 5536423.523316961713135 ], [ 332605.751152954995632, 5536422.878277403302491 ], [ 332605.505745426518843, 5536422.2359415050596 ], [ 332605.253171519609168, 5536421.596389564685524 ], [ 332604.993462808371987, 5536420.959701537154615 ], [ 332604.726651759410743, 5536420.32595700956881 ], [ 332604.452771726704668, 5536419.695235211402178 ], [ 332604.171856948116329, 5536419.067614984698594 ], [ 332603.883942540793214, 5536418.443174790591002 ], [ 332603.589064497093204, 5536417.821992690674961 ], [ 332603.287259679811541, 5536417.204146339558065 ], [ 332602.978565817582421, 5536416.589712975546718 ], [ 332602.663021500513423, 5536415.97876940574497 ], [ 332602.340666174713988, 5536415.371392006985843 ], [ 332602.011540137871634, 5536414.767656706273556 ], [ 332601.675684534420725, 5536414.167638977989554 ], [ 332601.333141349488869, 5536413.571413828991354 ], [ 332600.983953404705971, 5536412.979055794887245 ], [ 332600.628164351976011, 5536412.390638926997781 ], [ 332600.26581866882043, 5536411.806236782111228 ], [ 332599.896961651975289, 5536411.225922415964305 ], [ 332599.521639412501827, 5536410.649768376722932 ], [ 332599.139898869616445, 5536410.077846689149737 ], [ 332598.751787744578905, 5536409.51022884529084 ], [ 332598.357354555511847, 5536408.946985805407166 ], [ 332597.956648610474076, 5536408.388187984004617 ], [ 332597.549720001989044, 5536407.833905232138932 ], [ 332597.136619600292761, 5536407.284206843003631 ], [ 332596.717399046989158, 5536406.739161533303559 ], [ 332596.292110749403946, 5536406.198837442323565 ], [ 332595.860807872493751, 5536405.663302112370729 ], [ 332595.423544333898462, 5536405.132622490637004 ], [ 332594.980374795908574, 5536404.606864921748638 ], [ 332594.531354659295175, 5536404.086095130071044 ], [ 332594.076540056208614, 5536403.57037821225822 ], [ 332593.615987843309995, 5536403.059778641909361 ], [ 332593.14975559420418, 5536402.554360250011086 ], [ 332592.677901592804119, 5536402.054186218418181 ], [ 332592.200484825589228, 5536401.559319073334336 ], [ 332591.717564974795096, 5536401.069820677861571 ], [ 332591.229202410322614, 5536400.585752224549651 ], [ 332590.735458182520233, 5536400.107174228876829 ], [ 332590.236394014325924, 5536399.634146516211331 ], [ 332589.732072294224054, 5536399.166728219948709 ], [ 332589.222556067397818, 5536398.70497777312994 ], [ 332588.707909028686117, 5536398.248952898196876 ], [ 332588.188195514376275, 5536397.798710603266954 ], [ 332587.663480493880343, 5536397.354307173751295 ], [ 332587.133829562109895, 5536396.915798163041472 ], [ 332586.599308930686675, 5536396.483238393440843 ], [ 332586.059985420492012, 5536396.056681933812797 ], [ 332585.515926452411804, 5536395.636182111687958 ], [ 332584.967200039303862, 5536395.221791492775083 ], [ 332584.413874777790625, 5536394.813561881892383 ], [ 332583.856019839120563, 5536394.411544308066368 ], [ 332583.293704961019102, 5536394.015789031982422 ], [ 332582.727000438491814, 5536393.626345524564385 ], [ 332582.155977115617134, 5536393.243262471631169 ], [ 332581.58070637617493, 5536392.866587760858238 ], [ 332370.0448901123018, 5536472.23206980060786 ], [ 332366.054297536204103, 5536528.856167110614479 ], [ 332320.53359111782629, 5536584.810303184203804 ], [ 332381.399774653022178, 5536608.443536713719368 ], [ 332393.278233399556484, 5536645.843341251835227 ], [ 332622.125415688904468, 5536513.267696663737297 ], [ 332612.306084773619659, 5536466.882591851055622 ] ] ] ] } },
{ "type": "Feature", "properties": { "fid": 6, "Text": "Lot 9", "LOT_ID": 9, "area_m2": 40566.190488320055, "ESA4_pct": 0.0, "ESA3_pct": 60.39, "ESA2_pct": 24.67, "ESA1_pct": 14.93, "pct_BNDRY": 9.4163989467528122, "area_lots": 40566.190488320055, "area": 40566.190488320055, "pct_parcel": 9.4163989467528122, "mean_slp": 13.21, "max_slp": 54.96, "p95_slp": 25.63, "slp_count": 40603, "LOTS": null, "auxiliary_storage_labeling_show": null, "auxiliary_storage_labeling_positionx": 332783.24472984998, "auxiliary_storage_labeling_positiony": 5536236.4776415322, "auxiliary_storage_labeling_lineanchorpercent": null, "auxiliary_storage_labeling_lineanchorclipping": null, "auxiliary_storage_labeling_lineanchortype": null, "auxiliary_storage_labeling_lineanchortextpoint": null, "auxiliary_storage_labeling_labelrotation": null, "Layer": "LOTS" }, "geometry": { "type": "MultiPolygon", "coordinates": [ [ [ [ 332610.976407418085728, 5536179.96905929595232 ], [ 332629.34681862272555, 5536197.032440821640193 ], [ 332629.346818623074796, 5536197.032440821640193 ], [ 332629.834714760712814, 5536197.490943902172148 ], [ 332630.317239120020531, 5536197.955096847377717 ], [ 332630.794326279486995, 5536198.424836728721857 ], [ 332631.265911554917693, 5536198.900099859572947 ], [ 332631.731931007700041, 5536199.380821799859405 ], [ 332632.192321454000194, 5536199.866937374696136 ], [ 332632.647020473319571, 5536200.358380674384534 ], [ 332633.095966416527517, 5536200.855085068382323 ], [ 332633.539098414825276, 5536201.356983211822808 ], [ 332633.976356387604028, 5536201.864007056690753 ], [ 332634.407681050302926, 5536202.376087861135602 ], [ 332634.833013923373073, 5536202.893156195059419 ], [ 332635.252297339204233, 5536203.415141954086721 ], [ 332635.665474450506736, 5536203.941974364221096 ], [ 332636.072489238111302, 5536204.473581998609006 ], [ 332636.473286518186796, 5536205.00989278126508 ], [ 332636.867811949574389, 5536205.550833996385336 ], [ 332637.256012042111252, 5536206.096332303248346 ], [ 332637.637834162684157, 5536206.646313741803169 ], [ 332638.013226543087512, 5536207.200703744776547 ], [ 332638.38213828712469, 5536207.759427146986127 ], [ 332638.744519376719836, 5536208.322408195585012 ], [ 332639.100320679775905, 5536208.889570560306311 ], [ 332639.449493955995422, 5536209.460837343707681 ], [ 332639.791991863807198, 5536210.036131092347205 ], [ 332640.127767966827378, 5536210.615373807959259 ], [ 332640.456776739622001, 5536211.198486954905093 ], [ 332640.778973574691918, 5536211.785391474142671 ], [ 332641.094314787886105, 5536212.376007790677249 ], [ 332641.402757624804508, 5536212.970255830325186 ], [ 332641.704260266094934, 5536213.568055019713938 ], [ 332641.998781833506655, 5536214.169324312359095 ], [ 332642.286282395012677, 5536214.773982183076441 ], [ 332642.566722970979754, 5536215.381946654058993 ], [ 332642.840065538708586, 5536215.993135294876993 ], [ 332643.106273037672509, 5536216.607465242035687 ], [ 332643.365309375280049, 5536217.224853198044002 ], [ 332643.617139430716634, 5536217.84521546214819 ], [ 332643.861729060299695, 5536218.4684679210186 ], [ 332644.099045102193486, 5536219.094526073895395 ], [ 332644.329055380716454, 5536219.723305038176477 ], [ 332644.551728710415773, 5536220.354719564318657 ], [ 332644.767034901014995, 5536220.988684042356908 ], [ 332644.974944760790095, 5536221.62511251680553 ], [ 332645.175430100876838, 5536222.263918704353273 ], [ 332645.368463739228901, 5536222.905015989206731 ], [ 332645.554019503877498, 5536223.548317451961339 ], [ 332645.732072236889508, 5536224.193735875189304 ], [ 332645.90259779751068, 5536224.841183747164905 ], [ 332646.065573065425269, 5536225.490573288872838 ], [ 332646.220975944306701, 5536226.141816454008222 ], [ 332646.368785364204086, 5536226.794824944809079 ], [ 332646.508981284976471, 5536227.4495102269575 ], [ 332646.641544698621146, 5536228.105783536098897 ], [ 332646.766457631601952, 5536228.76355589274317 ], [ 332646.88370314828353, 5536229.422738116234541 ], [ 332646.993265352328308, 5536230.083240833133459 ], [ 332647.09512938890839, 5536230.744974489323795 ], [ 332647.189281447092071, 5536231.40784936863929 ], [ 332647.275708761822898, 5536232.071775594726205 ], [ 332647.354399614792783, 5536232.736663152463734 ], [ 332647.425343337119557, 5536233.402421893551946 ], [ 332647.48853031010367, 5536234.068961557000875 ], [ 332647.54395196668338, 5536234.736191768199205 ], [ 332647.591600792773534, 5536235.404022064059973 ], [ 332647.63147032802226, 5536236.072361897677183 ], [ 332647.663555166800506, 5536236.741120657883584 ], [ 332647.687850959016941, 5536237.410207669250667 ], [ 332647.704354410525411, 5536238.079532218165696 ], [ 332647.713063283823431, 5536238.749003553763032 ], [ 332647.713976398226805, 5536239.418530910275877 ], [ 332647.707093629811425, 5536240.088023510761559 ], [ 332647.692415911820717, 5536240.757390584796667 ], [ 332647.669945234083571, 5536241.426541375927627 ], [ 332647.639684643596411, 5536242.095385164022446 ], [ 332647.601638242893387, 5536242.76383126154542 ], [ 332647.555811190395616, 5536243.431789042428136 ], [ 332647.502209699479863, 5536244.099167941138148 ], [ 332647.440841037489008, 5536244.76587747503072 ], [ 332647.371713524975348, 5536245.431827248074114 ], [ 332647.294836534303613, 5536246.096926974132657 ], [ 332647.210220488719642, 5536246.761086471378803 ], [ 332647.11787686048774, 5536247.424215696752071 ], [ 332647.017818169726525, 5536248.086224739439785 ], [ 332646.910057982779108, 5536248.74702384416014 ], [ 332646.794610909826588, 5536249.406523418612778 ], [ 332646.671492603316437, 5536250.064634044654667 ], [ 332646.540719756099861, 5536250.721266496926546 ], [ 332646.402310098404996, 5536251.376331746578217 ], [ 332646.256282396090683, 5536252.029740978963673 ], [ 332646.102656448201742, 5536252.681405603885651 ], [ 332645.941453083185479, 5536253.331237266771495 ], [ 332645.772694157494698, 5536253.979147860780358 ], [ 332645.596402551920619, 5536254.625049545429647 ], [ 332645.41260216810042, 5536255.268854743801057 ], [ 332645.221317926421762, 5536255.910476169548929 ], [ 332645.022575761307962, 5536256.549826829694211 ], [ 332644.816402618598659, 5536257.186820038594306 ], [ 332644.602826451824512, 5536257.821369435638189 ], [ 332644.381876217783429, 5536258.453388983383775 ], [ 332644.153581873571966, 5536259.082792992703617 ], [ 332643.917974371812306, 5536259.709496128372848 ], [ 332643.675085656403098, 5536260.333413419313729 ], [ 332643.424948658677749, 5536260.954460275359452 ], [ 332643.167597292980645, 5536261.572552492842078 ], [ 332642.903066451195627, 5536262.187606268562376 ], [ 332642.631391999020707, 5536262.799538214690983 ], [ 332642.35261077049654, 5536263.408265364356339 ], [ 332642.066760563582648, 5536264.013705182820559 ], [ 332641.773880134220235, 5536264.615775584243238 ], [ 332641.474009191675577, 5536265.214394940063357 ], [ 332641.167188393126708, 5536265.809482086449862 ], [ 332640.853459337784443, 5536266.400956341996789 ], [ 332640.532864561828319, 5536266.988737512379885 ], [ 332640.20544753188733, 5536267.572745905257761 ], [ 332639.871252639975864, 5536268.152902339585125 ], [ 332639.530325196683407, 5536268.729128156788647 ], [ 332639.182711425877642, 5536269.301345232874155 ], [ 332638.828458457486704, 5536269.869475983083248 ], [ 332638.467614321911242, 5536270.433443378657103 ], [ 332638.100227942981292, 5536270.993170958943665 ], [ 332637.726349131786264, 5536271.548582833260298 ], [ 332637.346028579515405, 5536272.099603696726263 ], [ 332636.959317850589287, 5536272.646158842369914 ], [ 332636.566269376198761, 5536273.188174165785313 ], [ 332636.166936446505133, 5536273.725576180964708 ], [ 332635.76137320388807, 5536274.258292024955153 ], [ 332635.349634635203984, 5536274.786249472759664 ], [ 332634.93177656509215, 5536275.309376939199865 ], [ 332634.507855647185352, 5536275.827603503130376 ], [ 332634.07792935782345, 5536276.340858899056911 ], [ 332633.642055986972991, 5536276.849073535762727 ], [ 332633.200294631300494, 5536277.352178515866399 ], [ 332632.752705185674131, 5536277.850105621851981 ], [ 332632.299348335189279, 5536278.342787344940007 ], [ 332631.840285546611995, 5536278.830156886950135 ], [ 332631.37557906092843, 5536279.312148169614375 ], [ 332630.905291883391328, 5536279.788695844821632 ], [ 332630.429487776884343, 5536280.259735298343003 ], [ 332629.948231251793914, 5536280.725202665664256 ], [ 332629.461587557627354, 5536281.185034843161702 ], [ 332628.969622674572747, 5536281.639169478788972 ], [ 332628.472403304185718, 5536282.087545005604625 ], [ 332627.969996860309038, 5536282.530100627802312 ], [ 332627.462471460283268, 5536282.96677634678781 ], [ 332626.949895915517118, 5536283.39751295465976 ], [ 332626.432339721592143, 5536283.82225205283612 ], [ 332625.909873049997259, 5536284.240936052985489 ], [ 332625.38256673788419, 5536284.6535081891343 ], [ 332624.850492278288584, 5536285.059912525117397 ], [ 332624.313721810874995, 5536285.460093958303332 ], [ 332623.772328112216201, 5536285.853998232632875 ], [ 332623.226384585199412, 5536286.241571944206953 ], [ 332622.675965250120498, 5536286.622762537561357 ], [ 332622.121144733799156, 5536286.997518338263035 ], [ 332621.561998259974644, 5536287.365788532420993 ], [ 332620.998601638595574, 5536287.727523188106716 ], [ 332620.431031256215647, 5536288.082673262804747 ], [ 332619.859364065108821, 5536288.431190605275333 ], [ 332619.28367757279193, 5536288.773027960211039 ], [ 332618.704049832420424, 5536289.108138983137906 ], [ 332618.120559430622961, 5536289.436478234827518 ], [ 332617.533285478071775, 5536289.758001204580069 ], [ 332616.942307598888874, 5536290.072664296254516 ], [ 332616.34770591877168, 5536290.380424846895039 ], [ 332615.749561054923106, 5536290.681241130456328 ], [ 332615.147954104992095, 5536290.975072362460196 ], [ 332614.542966636014171, 5536291.261878702789545 ], [ 332613.934680673410185, 5536291.541621267795563 ], [ 332613.323178689810447, 5536291.81426212657243 ], [ 332612.708543593471404, 5536292.079764318652451 ], [ 332612.090858718322124, 5536292.338091841898859 ], [ 332611.47020781080937, 5536292.589209673926234 ], [ 332610.846675020176917, 5536292.83308376930654 ], [ 332610.220344886416569, 5536293.069681058637798 ], [ 332609.591302328102756, 5536293.298969469033182 ], [ 332608.959632632322609, 5536293.520917909219861 ], [ 332608.325421441928484, 5536293.735496289096773 ], [ 332607.688754744594917, 5536293.94267551228404 ], [ 332607.049718860711437, 5536294.142427492886782 ], [ 332606.40840043220669, 5536294.334725148044527 ], [ 332605.764886409975588, 5536294.519542402587831 ], [ 332593.308694083185401, 5536298.018589664250612 ], [ 332593.308694083185401, 5536298.018589664250612 ], [ 332592.862759883981198, 5536298.147586905397475 ], [ 332592.418875103874598, 5536298.283468839712441 ], [ 332591.977146027376875, 5536298.426202933304012 ], [ 332591.537678422988392, 5536298.575755006633699 ], [ 332591.100577517529018, 5536298.732089254073799 ], [ 332590.665947971283458, 5536298.895168242044747 ], [ 332590.233893852797337, 5536299.06495292019099 ], [ 332589.804518613615073, 5536299.241402636282146 ], [ 332589.37792506441474, 5536299.424475139938295 ], [ 332588.954215349222068, 5536299.614126598462462 ], [ 332588.533490922127385, 5536299.810311597771943 ], [ 332588.115852521907073, 5536300.012983167544007 ], [ 332587.701400148682296, 5536300.222092776559293 ], [ 332668.818227722775191, 5536323.388344120234251 ], [ 332860.816993764601648, 5536324.076703324913979 ], [ 332854.008297917491291, 5536141.176365148276091 ], [ 332597.101096888480242, 5536153.683733061887324 ], [ 332597.19137078919448, 5536154.259219217114151 ], [ 332597.289086619683076, 5536154.833488585427403 ], [ 332597.39422800578177, 5536155.40644493792206 ], [ 332597.506777328671888, 5536155.977992258965969 ], [ 332597.626715728314593, 5536156.548034775070846 ], [ 332597.754023106186651, 5536157.116476966068149 ], [ 332597.888678129180335, 5536157.683223571628332 ], [ 332598.030658233095892, 5536158.248179624788463 ], [ 332598.179939625610132, 5536158.811250451952219 ], [ 332598.336497291573323, 5536159.372341699898243 ], [ 332598.500304996210616, 5536159.931359344162047 ], [ 332598.671335290011484, 5536160.488209710456431 ], [ 332598.849559512804262, 5536161.042799484916031 ], [ 332599.034947799402289, 5536161.59503573179245 ], [ 332599.227469083678443, 5536162.144825915805995 ], [ 332599.427091104676947, 5536162.692077906802297 ], [ 332599.633780411211774, 5536163.236699998378754 ], [ 332599.847502367570996, 5536163.778600925579667 ], [ 332600.068221160385292, 5536164.317689885385334 ], [ 332600.295899803109933, 5536164.853876537643373 ], [ 332600.530500143009704, 5536165.387071034871042 ], [ 332600.771982867794577, 5536165.917184026911855 ], [ 332601.020307511615101, 5536166.444126684218645 ], [ 332601.275432462105528, 5536166.967810701578856 ], [ 332601.537314967485145, 5536167.488148326054215 ], [ 332601.805911143484991, 5536168.005052366293967 ], [ 332602.08117598091485, 5536168.518436198122799 ], [ 332602.363063352997415, 5536169.028213798068464 ], [ 332602.651526023226324, 5536169.534299738705158 ], [ 332602.946515653282404, 5536170.036609213799238 ], [ 332603.247982811182737, 5536170.535058053210378 ], [ 332603.555876979313325, 5536171.029562724754214 ], [ 332603.870146563276649, 5536171.520040369592607 ], [ 332604.19073890009895, 5536172.006408794783056 ], [ 332604.517600267601665, 5536172.488586498424411 ], [ 332604.850675892608706, 5536172.966492680832744 ], [ 332605.189909961307421, 5536173.440047257579863 ], [ 332605.535245627223048, 5536173.909170877188444 ], [ 332605.886625021812506, 5536174.373784922994673 ], [ 332606.243989263486583, 5536174.833811542019248 ], [ 332606.607278468203731, 5536175.289173644967377 ], [ 332606.976431758608669, 5536175.739794925786555 ], [ 332607.3513872748008, 5536176.185599874705076 ], [ 332607.732082184928004, 5536176.626513784751296 ], [ 332608.118452695023734, 5536177.062462773174047 ], [ 332608.51043405989185, 5536177.493373786099255 ], [ 332608.907960594573524, 5536177.919174614362419 ], [ 332609.310965684708208, 5536178.339793905615807 ], [ 332609.719381797825918, 5536178.755161178298295 ], [ 332610.133140494581312, 5536179.165206822566688 ], [ 332610.552172440686263, 5536179.569862133823335 ], [ 332610.976407418085728, 5536179.96905929595232 ] ] ] ] } },
{ "type": "Feature", "properties": { "fid": 7, "Text": "Lot 7", "LOT_ID": 7, "area_m2": 43486.757009720495, "ESA4_pct": 0.0, "ESA3_pct": 0.0, "ESA2_pct": 92.49, "ESA1_pct": 7.5, "pct_BNDRY": 10.094330786634762, "area_lots": 43486.757009720495, "area": 43486.757009720495, "pct_parcel": 10.094330786634762, "mean_slp": 12.9, "max_slp": 49.71, "p95_slp": 26.58, "slp_count": 43517, "LOTS": null, "auxiliary_storage_labeling_show": null, "auxiliary_storage_labeling_positionx": 332739.48742596019, "auxiliary_storage_labeling_positiony": 5536518.3038538061, "auxiliary_storage_labeling_lineanchorpercent": null, "auxiliary_storage_labeling_lineanchorclipping": null, "auxiliary_storage_labeling_lineanchortype": null, "auxiliary_storage_labeling_lineanchortextpoint": null, "auxiliary_storage_labeling_labelrotation": null, "Layer": "LOTS" }, "geometry": { "type": "MultiPolygon", "coordinates": [ [ [ [ 332743.605070238001645, 5536683.370581402443349 ], [ 332738.456628404615913, 5536699.472784643061459 ], [ 332736.241359725128859, 5536706.4012316679582 ], [ 332736.046245490026195, 5536707.024189246818423 ], [ 332735.858538790082093, 5536707.649418731220067 ], [ 332735.678266068105586, 5536708.276832038536668 ], [ 332735.50545271980809, 5536708.906340783461928 ], [ 332735.340123090427369, 5536709.537856282666326 ], [ 332735.182300470478367, 5536710.171289571560919 ], [ 332735.032007093424909, 5536710.806551419198513 ], [ 332734.889264131605159, 5536711.443552328273654 ], [ 332734.75409169390332, 5536712.082202564924955 ], [ 332734.626508822606411, 5536712.722412158735096 ], [ 332734.506533491017763, 5536713.364090918563306 ], [ 332734.394182600604836, 5536714.007148451171815 ], [ 332734.289471978670917, 5536714.651494165882468 ], [ 332734.192416376492474, 5536715.297037285752594 ], [ 332734.103029466525186, 5536715.943686878308654 ], [ 332734.021323841297999, 5536716.59135183878243 ], [ 332733.947311010793783, 5536717.23994093388319 ], [ 332733.881001401809044, 5536717.889362789690495 ], [ 332733.822404355392791, 5536718.539525923319161 ], [ 332733.771528126788326, 5536719.190338739193976 ], [ 332733.728379882872105, 5536719.841709556058049 ], [ 332733.69296570221195, 5536720.493546611629426 ], [ 332733.665290573728271, 5536721.145758081227541 ], [ 332733.645358396228403, 5536721.798252082429826 ], [ 332733.633171977475286, 5536722.45093669462949 ], [ 332733.628733034420293, 5536723.103719972074032 ], [ 332733.632042192388326, 5536723.756509955041111 ], [ 332733.643098985077813, 5536724.409214682877064 ], [ 332733.661901854909956, 5536725.061742202378809 ], [ 332733.68844815302873, 5536725.71400059107691 ], [ 332733.722734139882959, 5536726.36589796282351 ], [ 332733.764754985226318, 5536727.017342481762171 ], [ 332733.814504769572522, 5536727.668242376297712 ], [ 332733.871976484195329, 5536728.318505948409438 ], [ 332733.937162033224013, 5536728.968041595071554 ], [ 332734.010052233177703, 5536729.616757812909782 ], [ 332734.090636815992184, 5536730.264563214033842 ], [ 332734.178904429194517, 5536730.911366539075971 ], [ 332734.274842638173141, 5536731.55707666836679 ], [ 332734.378437927691266, 5536732.201602640561759 ], [ 332734.489675703807734, 5536732.84485365729779 ], [ 332734.608540295914281, 5536733.486739099025726 ], [ 332734.735014958889224, 5536734.127168541774154 ], [ 332734.869081875891425, 5536734.766051766462624 ], [ 332735.01072216022294, 5536735.403298769146204 ], [ 332735.159915858297609, 5536736.038819776847959 ], [ 332735.316641952609643, 5536736.672525264322758 ], [ 332735.480878364178352, 5536737.304325955919921 ], [ 332735.652601956622675, 5536737.934132847003639 ], [ 332735.831788538082037, 5536738.561857214197516 ], [ 332736.018412866105791, 5536739.18741062656045 ], [ 332736.212448649690486, 5536739.810704962350428 ], [ 332736.413868554518558, 5536740.431652409955859 ], [ 332736.622644205228426, 5536741.050165498629212 ], [ 332736.838746190827806, 5536741.666157092899084 ], [ 332737.062144068011548, 5536742.279540414921939 ], [ 332737.292806365701836, 5536742.890229056589305 ], [ 332737.530700589471962, 5536743.498136987909675 ], [ 332737.775793226086535, 5536744.103178565390408 ], [ 332738.028049747983459, 5536744.705268558114767 ], [ 332738.287434618920088, 5536745.304322144947946 ], [ 332738.553911297989544, 5536745.900254936888814 ], [ 332738.827442245383281, 5536746.492982979863882 ], [ 332739.107988927571569, 5536747.082422776147723 ], [ 332739.395511822716799, 5536747.668491284362972 ], [ 332739.689970426028594, 5536748.251105945557356 ], [ 332739.991323255992029, 5536748.830184683203697 ], [ 332740.299527859198861, 5536749.405645919032395 ], [ 332740.614540817798115, 5536749.977408587932587 ], [ 332740.936317754385527, 5536750.545392138883471 ], [ 332741.264813338813838, 5536751.109516561962664 ], [ 332741.599981294188183, 5536751.669702381826937 ], [ 332741.941774404083844, 5536752.225870685651898 ], [ 332742.290144518425222, 5536752.777943124063313 ], [ 332742.645042560703587, 5536753.325841921381652 ], [ 332743.006418534670956, 5536753.869489894248545 ], [ 332743.374221531907097, 5536754.408810454420745 ], [ 332743.748399738222361, 5536754.943727627396584 ], [ 332744.128900441282894, 5536755.474166056141257 ], [ 332744.515670038119424, 5536756.000051016919315 ], [ 332744.90865404298529, 5536756.521308423951268 ], [ 332745.307797094224952, 5536757.037864846177399 ], [ 332745.713042962772306, 5536757.549647511914372 ], [ 332746.124334559775889, 5536758.056584329344332 ], [ 332746.541613944689743, 5536758.558603877201676 ], [ 332746.964822333480697, 5536759.055635437369347 ], [ 332747.393900106719229, 5536759.547608990222216 ], [ 332747.828786818310618, 5536760.034455228596926 ], [ 332748.269421203702223, 5536760.516105570830405 ], [ 332748.715741188789252, 5536760.992492160759866 ], [ 332749.167683898180258, 5536761.463547889143229 ], [ 332749.625185665092431, 5536761.929206398315728 ], [ 332750.088182038685773, 5536762.389402084052563 ], [ 332750.556607794715092, 5536762.844070119783282 ], [ 332751.030396943795495, 5536763.293146455660462 ], [ 332751.509482741181273, 5536763.736567826010287 ], [ 332751.993797695671674, 5536764.174271763302386 ], [ 332752.483273579913657, 5536764.606196608394384 ], [ 332752.977841438900214, 5536765.032281512394547 ], [ 332753.477431600505952, 5536765.452466449700296 ], [ 332753.9819736853824, 5536765.8666922301054 ], [ 332754.491396616271231, 5536766.274900496937335 ], [ 332755.005628628423437, 5536766.677033746615052 ], [ 332755.524597279494628, 5536767.073035327717662 ], [ 332756.048229460197035, 5536767.462849452160299 ], [ 332756.57645140378736, 5536767.846421206369996 ], [ 332757.109188697300851, 5536768.223696554079652 ], [ 332757.646366291795857, 5536768.594622349366546 ], [ 332758.187908512307331, 5536768.959146333858371 ], [ 332758.733739069313742, 5536769.317217158153653 ], [ 332759.283781069272663, 5536769.668784379027784 ], [ 332759.837957025214564, 5536770.013798468746245 ], [ 332760.396188867685851, 5536770.352210825309157 ], [ 332760.958397955982946, 5536770.683973773382604 ], [ 332761.524505089328159, 5536771.009040574543178 ], [ 332762.094430517405272, 5536771.327365438453853 ], [ 332762.668093952175695, 5536771.638903519138694 ], [ 332763.245414579287171, 5536771.943610929884017 ], [ 332763.826311068609357, 5536772.241444744169712 ], [ 332764.410701586690266, 5536772.532363006845117 ], [ 332764.998503807815723, 5536772.816324730403721 ], [ 332765.589634925418068, 5536773.093289916403592 ], [ 332766.184011664183345, 5536773.363219545222819 ], [ 332766.781550291809253, 5536773.626075591892004 ], [ 332767.382166629715357, 5536773.881821026094258 ], [ 332767.985776066721883, 5536774.130419818684459 ], [ 332768.592293569410685, 5536774.371836949139833 ], [ 332769.201633694814518, 5536774.60603841021657 ], [ 332769.813710602582432, 5536774.832991206087172 ], [ 332770.428438066504896, 5536775.052663364447653 ], [ 332771.045729487086646, 5536775.26502394117415 ], [ 332771.665497903595679, 5536775.470043019391596 ], [ 332772.287656006519683, 5536775.667691715992987 ], [ 332772.9121161493822, 5536775.857942188158631 ], [ 332773.538790361781139, 5536776.040767636150122 ], [ 332774.167590361088514, 5536776.21614230144769 ], [ 332774.798427565372549, 5536776.384041479788721 ], [ 332775.43121310591232, 5536776.544441517442465 ], [ 332776.065857839013916, 5536776.697319817729294 ], [ 332776.702272359281778, 5536776.842654846608639 ], [ 332777.340367012424394, 5536776.980426129885018 ], [ 332777.980051906721201, 5536777.110614256002009 ], [ 332778.621236927108839, 5536777.233200886286795 ], [ 332779.263831746706273, 5536777.348168754018843 ], [ 332779.907745840202551, 5536777.455501657910645 ], [ 332780.552888496720698, 5536777.555184481665492 ], [ 332781.199168831575662, 5536777.647203180938959 ], [ 332878.193989939521998, 5536790.870719137601554 ], [ 332867.064372395223472, 5536491.89851382933557 ], [ 332664.126812782196794, 5536499.631935584358871 ], [ 332664.126812782196794, 5536499.631935584358871 ], [ 332664.512544998608064, 5536500.278896840289235 ], [ 332664.904351394274272, 5536500.922197666950524 ], [ 332665.302197236393113, 5536501.561781041324139 ], [ 332665.706047256593592, 5536502.197590265423059 ], [ 332666.115865654312074, 5536502.829568972811103 ], [ 332666.531616099993698, 5536503.457661141641438 ], [ 332666.953261738002766, 5536504.081811093725264 ], [ 332667.380765190173406, 5536504.701963499188423 ], [ 332667.814088559302036, 5536505.318063382059336 ], [ 332668.253193431883119, 5536505.930056124925613 ], [ 332668.69804088230012, 5536506.53788747638464 ], [ 332669.148591475386638, 5536507.14150355476886 ], [ 332669.6048052709084, 5536507.740850850008428 ], [ 332670.066641826182604, 5536508.335876231081784 ], [ 332670.595986507309135, 5536509.017324996180832 ], [ 332671.119431386818178, 5536509.703316007740796 ], [ 332671.636937489907723, 5536510.393798192031682 ], [ 332672.148466284386814, 5536511.088720132596791 ], [ 332672.653979682887439, 5536511.788030089810491 ], [ 332673.15344004589133, 5536512.491675993427634 ], [ 332673.646810184814967, 5536513.199605450965464 ], [ 332674.13405336427968, 5536513.911765752360225 ], [ 332674.615133305313066, 5536514.62810387276113 ], [ 332675.090014187502675, 5536515.348566473461688 ], [ 332675.558660652604885, 5536516.073099911212921 ], [ 332676.021037806000095, 5536516.801650239154696 ], [ 332676.477111220185179, 5536517.534163208678365 ], [ 332676.926846936927177, 5536518.270584282465279 ], [ 332677.370211469708011, 5536519.010858626104891 ], [ 332677.807171806925908, 5536519.754931119270623 ], [ 332678.237695413117763, 5536520.502746362239122 ], [ 332678.661750232509803, 5536521.254248671233654 ], [ 332679.079304691171274, 5536522.009382093325257 ], [ 332679.490327698586043, 5536522.768090401776135 ], [ 332679.894788651028648, 5536523.530317108146846 ], [ 332680.292657433077693, 5536524.296005453914404 ], [ 332680.683904420526233, 5536525.065098430030048 ], [ 332681.068500481778756, 5536525.837538772262633 ], [ 332681.446416980819777, 5536526.613268963992596 ], [ 332681.817625778494403, 5536527.392231249250472 ], [ 332682.182099235826172, 5536528.174367625266314 ], [ 332682.539810214599129, 5536528.959619857370853 ], [ 332682.890732080675662, 5536529.747929477132857 ], [ 332683.234838704927824, 5536530.539237787015736 ], [ 332683.572104465973098, 5536531.333485868759453 ], [ 332683.902504251920618, 5536532.130614587105811 ], [ 332684.226013461826369, 5536532.930564587935805 ], [ 332684.542608007788658, 5536533.733276306651533 ], [ 332684.852264317101799, 5536534.53868998028338 ], [ 332685.154959333187435, 5536535.346745631657541 ], [ 332703.16490945732221, 5536584.063791601918638 ], [ 332703.471419106179383, 5536584.881896709091961 ], [ 332703.785064270428848, 5536585.697292832657695 ], [ 332704.105821011296939, 5536586.509917741641402 ], [ 332704.433664847281761, 5536587.319709411822259 ], [ 332704.768570755899418, 5536588.126606036908925 ], [ 332705.11051317548845, 5536588.930546030402184 ], [ 332705.459466007712763, 5536589.73146802932024 ], [ 332705.815402618900407, 5536590.529310907237232 ], [ 332706.178295842313673, 5536591.324013768695295 ], [ 332706.548117980419192, 5536592.115515957586467 ], [ 332706.924840806575958, 5536592.903757064603269 ], [ 332707.308435568003915, 5536593.68867692630738 ], [ 332707.698872986715287, 5536594.470215632580221 ], [ 332708.09612326300703, 5536595.248313535936177 ], [ 332708.500156076916028, 5536596.022911248728633 ], [ 332708.910940590722021, 5536596.793949646875262 ], [ 332709.32844545179978, 5536597.561369883827865 ], [ 332709.752638794190716, 5536598.325113386847079 ], [ 332710.183488241571467, 5536599.085121862590313 ], [ 332710.620960909815039, 5536599.84133730456233 ], [ 332711.065023408795241, 5536600.593701994977891 ], [ 332711.515641845879145, 5536601.342158509418368 ], [ 332711.972781827789731, 5536602.086649723351002 ], [ 332712.43640846357448, 5536602.827118811197579 ], [ 332712.906486367282923, 5536603.563509260304272 ], [ 332713.382979660527781, 5536604.295764865353703 ], [ 332713.865851974987891, 5536605.02382973767817 ], [ 332714.355066456075292, 5536605.74764830712229 ], [ 332714.850585764623247, 5536606.467165327630937 ], [ 332715.352372080320492, 5536607.182325885631144 ], [ 332715.86038710467983, 5536607.89307539537549 ], [ 332716.374592063773889, 5536608.599359607324004 ], [ 332716.894947711320128, 5536609.301124618388712 ], [ 332717.421414331183769, 5536609.998316862620413 ], [ 332717.953951741394121, 5536610.690883130766451 ], [ 332718.492519296298269, 5536611.378770562820137 ], [ 332719.037075889878906, 5536612.061926654540002 ], [ 332719.587579959305003, 5536612.740299265831709 ], [ 332720.143989487725776, 5536613.41383661981672 ], [ 332720.706262007297482, 5536614.082487308420241 ], [ 332721.274354603083339, 5536614.746200297027826 ], [ 332721.848223915905692, 5536615.404924929141998 ], [ 332722.427826145081781, 5536616.058610928244889 ], [ 332723.013117053196765, 5536616.707208402454853 ], [ 332723.604051968082786, 5536617.350667845457792 ], [ 332724.200585787126329, 5536617.988940148614347 ], [ 332724.80267298000399, 5536618.621976595371962 ], [ 332725.410267592873424, 5536619.249728865921497 ], [ 332726.023323251516558, 5536619.872149053029716 ], [ 332726.641793164599221, 5536620.489189649000764 ], [ 332727.265630128211342, 5536621.10080355592072 ], [ 332727.894786527787801, 5536621.706944096833467 ], [ 332728.387026949378196, 5536622.182446193881333 ], [ 332728.873811544908676, 5536622.663532084785402 ], [ 332729.355076977808494, 5536623.15013917721808 ], [ 332729.830760629789438, 5536623.642204152420163 ], [ 332730.300800608703867, 5536624.139662991277874 ], [ 332730.765135756810196, 5536624.642450965940952 ], [ 332731.223705658572726, 5536625.150502658449113 ], [ 332731.676450648519676, 5536625.663751967251301 ], [ 332732.123311819275841, 5536626.182132108137012 ], [ 332732.564231028722133, 5536626.705575636588037 ], [ 332732.999150908028241, 5536627.234014447778463 ], [ 332733.428014868986793, 5536627.767379782162607 ], [ 332733.850767111289315, 5536628.305602245032787 ], [ 332734.267352629918605, 5536628.848611805588007 ], [ 332734.677717221900821, 5536629.396337812766433 ], [ 332735.081807494221721, 5536629.948709 ], [ 332735.479570869589224, 5536630.505653499625623 ], [ 332735.870955594582483, 5536631.067098843865097 ], [ 332736.255910745123401, 5536631.63297198433429 ], [ 332736.634386234218255, 5536632.203199290670455 ], [ 332737.006332817371003, 5536632.777706571854651 ], [ 332737.371702100208495, 5536633.356419078074396 ], [ 332737.730446543719154, 5536633.939261510968208 ], [ 332738.082519470888656, 5536634.526158036664128 ], [ 332738.427875072928146, 5536635.117032292298973 ], [ 332738.766468414920382, 5536635.711807397194207 ], [ 332739.098255441873334, 5536636.310405965894461 ], [ 332739.423192984424531, 5536636.912750111892819 ], [ 332739.741238764196169, 5536637.518761465325952 ], [ 332740.052351399615873, 5536638.128361173905432 ], [ 332740.356490411271807, 5536638.741469925269485 ], [ 332740.653616227325983, 5536639.358007942326367 ], [ 332740.943690187705215, 5536639.977895008400083 ], [ 332741.226674550620373, 5536640.601050468161702 ], [ 332741.502532496291678, 5536641.22739324439317 ], [ 332741.771228132478427, 5536641.856841837055981 ], [ 332742.032726498611737, 5536642.489314353093505 ], [ 332742.286993570625782, 5536643.124728495255113 ], [ 332742.533996265206952, 5536643.763001592829823 ], [ 332742.773702444625087, 5536644.404050596058369 ], [ 332743.00608091999311, 5536645.047792099416256 ], [ 332743.231101456272881, 5536645.694142339751124 ], [ 332743.448734775593039, 5536646.343017225153744 ], [ 332743.658952561323531, 5536646.994332324713469 ], [ 332743.861727461393457, 5536647.648002898320556 ], [ 332744.057033092714846, 5536648.303943892009556 ], [ 332744.244844043278135, 5536648.962069961242378 ], [ 332744.425135876983404, 5536649.622295478358865 ], [ 332744.597885135619435, 5536650.284534537233412 ], [ 332744.763069342472591, 5536650.948700972832739 ], [ 332744.920667005004361, 5536651.61470837239176 ], [ 332745.070657617994584, 5536652.282470076344907 ], [ 332745.213021665811539, 5536652.951899201609194 ], [ 332745.347740625322331, 5536653.622908650897443 ], [ 332745.474796967813745, 5536654.295411114580929 ], [ 332745.594174161728006, 5536654.969319092109799 ], [ 332745.705856674874667, 5536655.644544902257621 ], [ 332745.809829975885805, 5536656.321000687777996 ], [ 332745.906080536602531, 5536656.99859843403101 ], [ 332745.994595833704807, 5536657.677249981090426 ], [ 332746.075364350283053, 5536658.356867022812366 ], [ 332746.148375577293336, 5536659.037361134774983 ], [ 332746.21362001542002, 5536659.718643779866397 ], [ 332746.271089175192174, 5536660.40062631200999 ], [ 332746.320775579486508, 5536661.083219994790852 ], [ 332746.362672763410956, 5536661.766336021013558 ], [ 332746.396775275527034, 5536662.449885504320264 ], [ 332746.423078678897582, 5536663.133779508061707 ], [ 332746.441579550912138, 5536663.817929049022496 ], [ 332746.452275484625716, 5536664.502245113253593 ], [ 332746.45516508811852, 5536665.186638660728931 ], [ 332746.450247985718306, 5536665.87102064397186 ], [ 332746.437524816894438, 5536666.555302018299699 ], [ 332746.416997237305623, 5536667.239393748342991 ], [ 332746.388667917693965, 5536667.923206826671958 ], [ 332746.352540544117801, 5536668.606652283109725 ], [ 332746.308619817078579, 5536669.289641190320253 ], [ 332746.256911451404449, 5536669.972084685228765 ], [ 332746.197422174795065, 5536670.65389396995306 ], [ 332746.130159727414139, 5536671.334980337880552 ], [ 332746.055132861074526, 5536672.015255170874298 ], [ 332745.972351337783039, 5536672.694629954174161 ], [ 332745.881825928227045, 5536673.373016295023263 ], [ 332745.783568410784937, 5536674.050325927324593 ], [ 332745.677591569896322, 5536674.72647072467953 ], [ 332745.563909194723237, 5536675.401362713426352 ], [ 332745.442536076472607, 5536676.074914079159498 ], [ 332745.313488007173873, 5536676.747037188149989 ], [ 332745.176781777583528, 5536677.417644588276744 ], [ 332745.032435174973216, 5536678.086649023927748 ], [ 332744.880466980277561, 5536678.75396345090121 ], [ 332744.72089696652256, 5536679.419501043856144 ], [ 332744.553745895624161, 5536680.083175209350884 ], [ 332744.37903551600175, 5536680.744899594224989 ], [ 332744.196788559376728, 5536681.40458809863776 ], [ 332744.007028738618828, 5536682.062154892832041 ], [ 332743.809780743380543, 5536682.717514416202903 ], [ 332743.605070238001645, 5536683.370581402443349 ] ] ] ] } },
{ "type": "Feature", "properties": { "fid": 8, "Text": "Lot 8", "LOT_ID": 8, "area_m2": 40624.120919433139, "ESA4_pct": 0.0, "ESA3_pct": 12.07, "ESA2_pct": 49.28, "ESA1_pct": 38.64, "pct_BNDRY": 9.4298461063145744, "area_lots": 40624.120919433139, "area": 40624.120919433139, "pct_parcel": 9.4298461063145744, "mean_slp": 16.02, "max_slp": 50.39, "p95_slp": 30.03, "slp_count": 40628, "LOTS": null, "auxiliary_storage_labeling_show": null, "auxiliary_storage_labeling_positionx": 332798.34756313224, "auxiliary_storage_labeling_positiony": 5536335.9087649491, "auxiliary_storage_labeling_lineanchorpercent": null, "auxiliary_storage_labeling_lineanchorclipping": null, "auxiliary_storage_labeling_lineanchortype": null, "auxiliary_storage_labeling_lineanchortextpoint": null, "auxiliary_storage_labeling_labelrotation": null, "Layer": "LOTS" }, "geometry": { "type": "MultiPolygon", "coordinates": [ [ [ [ 332656.799126615806017, 5536434.729227997362614 ], [ 332656.565553044900298, 5536435.475872943177819 ], [ 332656.339292060001753, 5536436.224766297265887 ], [ 332656.120365298411343, 5536436.975836441852152 ], [ 332655.908793696202338, 5536437.729011550545692 ], [ 332655.70459748612484, 5536438.484219600446522 ], [ 332655.507796195626725, 5536439.241388366557658 ], [ 332655.318408644816373, 5536440.000445443205535 ], [ 332655.136452944891062, 5536440.761318239383399 ], [ 332654.961946496507153, 5536441.52393399272114 ], [ 332654.794905987684615, 5536442.288219776935875 ], [ 332654.635347392701078, 5536443.054102497175336 ], [ 332654.483285970170982, 5536443.821508917026222 ], [ 332654.338736261823215, 5536444.590365647338331 ], [ 332654.201712090871297, 5536445.36059916112572 ], [ 332654.072226561314892, 5536446.132135799154639 ], [ 332653.950292055727914, 5536446.904901783913374 ], [ 332653.835920234618243, 5536447.678823211230338 ], [ 332653.729122035787441, 5536448.453826070763171 ], [ 332653.629907672118861, 5536449.229836250655353 ], [ 332653.538286631519441, 5536450.006779540330172 ], [ 332653.454267675988376, 5536450.784581637941301 ], [ 332653.377858840220142, 5536451.563168165273964 ], [ 332653.309067431022413, 5536452.342464662156999 ], [ 332653.247900027199648, 5536453.122396606020629 ], [ 332653.194362478097901, 5536453.902889411896467 ], [ 332653.148459903604817, 5536454.683868439868093 ], [ 332653.110196693392936, 5536455.465259006246924 ], [ 332653.079576506628655, 5536456.246986382640898 ], [ 332653.056602271273732, 5536457.028975816443563 ], [ 332653.041276184725575, 5536457.811152522452176 ], [ 332653.033599712478463, 5536458.59344170242548 ], [ 332653.033573588589206, 5536459.375768544152379 ], [ 332653.041197815677151, 5536460.158058235421777 ], [ 332653.056471664516721, 5536460.940235963091254 ], [ 332653.079393674619496, 5536461.722226928919554 ], [ 332653.109961653710343, 5536462.503956349566579 ], [ 332653.148172678716946, 5536463.285349468700588 ], [ 332653.194023095304146, 5536464.066331561654806 ], [ 332653.2475085190963, 5536464.846827941015363 ], [ 332653.308623835095204, 5536465.626763968728483 ], [ 332653.377363198727835, 5536466.40606505703181 ], [ 332653.453720036486629, 5536467.184656686149538 ], [ 332653.537687046278734, 5536467.962464392185211 ], [ 332653.62925619847374, 5536468.739413799718022 ], [ 332653.728418736078311, 5536469.515430603176355 ], [ 332653.835165176307783, 5536470.290440594777465 ], [ 332653.949485310586169, 5536471.064369658008218 ], [ 332654.07136820681626, 5536471.837143783457577 ], [ 332654.200802209088579, 5536472.60868906788528 ], [ 332654.337774939485826, 5536473.378931731916964 ], [ 332654.482273299479857, 5536474.147798112593591 ], [ 332654.634283470513765, 5536474.915214686654508 ], [ 332654.793790915689897, 5536475.681108063086867 ], [ 332654.960780381283257, 5536476.445404998958111 ], [ 332655.135235897905659, 5536477.20803240686655 ], [ 332655.317140782484785, 5536477.968917353078723 ], [ 332655.506477639311925, 5536478.727987076155841 ], [ 332655.703228361904621, 5536479.485168984159827 ], [ 332655.907374134927522, 5536480.240390667691827 ], [ 332656.118895435822196, 5536480.993579906411469 ], [ 332656.337772036727984, 5536481.744664669968188 ], [ 332656.563983006286435, 5536482.493573131971061 ], [ 332656.79750671191141, 5536483.240233677439392 ], [ 332657.038320821593516, 5536483.984574898146093 ], [ 332657.28640230622841, 5536484.726525614969432 ], [ 332657.541727441479452, 5536485.466014873236418 ], [ 332657.804271810571663, 5536486.202971956692636 ], [ 332658.074010306212585, 5536486.937326389364898 ], [ 332658.350917133328039, 5536487.669007945805788 ], [ 332658.634965810982976, 5536488.397946652024984 ], [ 332658.926129175524693, 5536489.124072800390422 ], [ 332659.224379382794723, 5536489.847316952422261 ], [ 332659.529687911097426, 5536490.567609943449497 ], [ 332659.842025563528296, 5536491.284882889129221 ], [ 332660.161362471117172, 5536491.999067199416459 ], [ 332660.487668095389381, 5536492.710094573907554 ], [ 332660.820911231799982, 5536493.417897018603981 ], [ 332661.161060012003873, 5536494.122406844981015 ], [ 332661.508081907406449, 5536494.823556682094932 ], [ 332661.861943732073996, 5536495.521279475651681 ], [ 332662.222611646109726, 5536496.215508504770696 ], [ 332662.590051158680581, 5536496.906177380122244 ], [ 332662.964227131218649, 5536497.593220050446689 ], [ 332663.345103781204671, 5536498.276570812799037 ], [ 332663.732644685194828, 5536498.956164320930839 ], [ 332664.126812782196794, 5536499.631935584358871 ], [ 332867.064372395223472, 5536491.89851382933557 ], [ 332860.816993764601648, 5536324.076703324913979 ], [ 332668.818227722775191, 5536323.388344120234251 ], [ 332587.701400148682296, 5536300.222092776559293 ], [ 332587.274992806196678, 5536300.4457345046103 ], [ 332586.852229692507535, 5536300.676190996542573 ], [ 332586.433219710714184, 5536300.913402885198593 ], [ 332586.018070797494147, 5536301.157309064641595 ], [ 332585.6068898945814, 5536301.407846705056727 ], [ 332585.199782921583392, 5536301.664951268583536 ], [ 332584.796854748681653, 5536301.928556527942419 ], [ 332584.39820916991448, 5536302.198594575747848 ], [ 332584.003948875702918, 5536302.474995849654078 ], [ 332583.614175426890142, 5536302.75768915284425 ], [ 332583.228989228780847, 5536303.046601659618318 ], [ 332582.848489504889585, 5536303.341658950783312 ], [ 332582.472774271271192, 5536303.642785018309951 ], [ 332582.101940311782528, 5536303.949902288615704 ], [ 332581.736083152820356, 5536304.262931655161083 ], [ 332581.375297038583085, 5536304.581792478449643 ], [ 332581.019674907322042, 5536304.906402619555593 ], [ 332580.669308366486803, 5536305.236678463406861 ], [ 332580.324287670489866, 5536305.572534926235676 ], [ 332579.984701695910189, 5536305.913885492831469 ], [ 332579.650637919723522, 5536306.260642235167325 ], [ 332579.322182396426797, 5536306.612715826369822 ], [ 332578.99941973562818, 5536306.970015573315322 ], [ 332578.682433080684859, 5536307.332449437119067 ], [ 332578.371304086816963, 5536307.69992405269295 ], [ 332578.066112900502048, 5536308.072344763204455 ], [ 332577.766938138811383, 5536308.44961562845856 ], [ 332577.473856868280564, 5536308.831639465875924 ], [ 332577.186944586806931, 5536309.218317870050669 ], [ 332576.906275202287361, 5536309.609551228582859 ], [ 332576.631921014981344, 5536310.005238763056695 ], [ 332576.363952698127832, 5536310.405278543010354 ], [ 332576.102439279900864, 5536310.809567519463599 ], [ 332575.847448126005474, 5536311.218001547269523 ], [ 332575.599044921575114, 5536311.630475417710841 ], [ 332575.357293655280955, 5536312.046882873401046 ], [ 332575.122256601811387, 5536312.46711665019393 ], [ 332574.893994306272361, 5536312.891068497672677 ], [ 332574.672565568878781, 5536313.318629208020866 ], [ 332574.458027429296635, 5536313.749688635580242 ], [ 332574.250435152382124, 5536314.184135745279491 ], [ 332574.049842213571537, 5536314.62185862287879 ], [ 332573.856300285377074, 5536315.062744511291385 ], [ 332573.669859223999083, 5536315.506679839454591 ], [ 332573.490567056287546, 5536315.953550248406827 ], [ 332573.318469967925921, 5536316.403240626677871 ], [ 332573.153612290509045, 5536316.855635135434568 ], [ 332572.996036491414998, 5536317.310617236420512 ], [ 332572.845783161872532, 5536317.768069726414979 ], [ 332572.702891007182188, 5536318.227874768897891 ], [ 332572.567396835889667, 5536318.689913916401565 ], [ 332572.439335551171098, 5536319.154068149626255 ], [ 332572.318740141578019, 5536319.620217900723219 ], [ 332572.205641672306228, 5536320.088243094272912 ], [ 332572.100069277221337, 5536320.558023164048791 ], [ 332572.002050151815638, 5536321.029437096789479 ], [ 332571.911609545582905, 5536321.502363454550505 ], [ 332571.828770756081212, 5536321.976680416613817 ], [ 332571.753555122180842, 5536322.452265797182918 ], [ 332571.685982019582298, 5536322.928997083567083 ], [ 332571.626068854995538, 5536323.406751473434269 ], [ 332571.573831061774399, 5536323.885405898094177 ], [ 332571.529282096598763, 5536324.364837054163218 ], [ 332571.492433434992563, 5536324.844921443611383 ], [ 332571.46329456922831, 5536325.325535395182669 ], [ 332571.44187300541671, 5536325.806555105373263 ], [ 332571.428174261702225, 5536326.287856661714613 ], [ 332571.422201866982505, 5536326.769316083751619 ], [ 332571.423957359627821, 5536327.250809348188341 ], [ 332571.433440287306439, 5536327.732212420552969 ], [ 332571.450648207508493, 5536328.213401294313371 ], [ 332571.475576687313151, 5536328.694252015091479 ], [ 332571.508219305309467, 5536329.174640716053545 ], [ 332571.548567652527709, 5536329.654443649575114 ], [ 332571.596611335582566, 5536330.133537219837308 ], [ 332571.652337978419382, 5536330.611798012629151 ], [ 332571.715733225690201, 5536331.089102827943861 ], [ 332571.78678074729396, 5536331.565328715369105 ], [ 332571.865462241112255, 5536332.040352994576097 ], [ 332571.951757439004723, 5536332.514053304679692 ], [ 332572.045644111407455, 5536332.98630761820823 ], [ 332572.147098073386587, 5536333.456994284875691 ], [ 332572.256093190284446, 5536333.925992055796087 ], [ 332572.372601385402959, 5536334.393180117942393 ], [ 332572.49659264611546, 5536334.85843812301755 ], [ 332572.628035032597836, 5536335.32164622284472 ], [ 332572.766894685220905, 5536335.782685093581676 ], [ 332572.913135834212881, 5536336.241435974836349 ], [ 332573.066720807924867, 5536336.697780692018569 ], [ 332573.227610043017194, 5536337.151601690798998 ], [ 332573.395762094587553, 5536337.602782066911459 ], [ 332573.571133646997623, 5536338.051205597817898 ], [ 332573.753679524874315, 5536338.49675676971674 ], [ 332573.943352704402059, 5536338.939320810139179 ], [ 332574.140104326128494, 5536339.378783714026213 ], [ 332574.343883707013447, 5536339.815032278187573 ], [ 332574.554638353700284, 5536340.247954121790826 ], [ 332574.772313976311125, 5536340.677437728270888 ], [ 332574.99685450171819, 5536341.103372461162508 ], [ 332575.228202088503167, 5536341.525648602284491 ], [ 332575.466297141916584, 5536341.944157370366156 ], [ 332575.711078328895383, 5536342.358790961094201 ], [ 332575.962482594419271, 5536342.769442564807832 ], [ 332576.220445176702924, 5536343.176006400026381 ], [ 332576.484899625123944, 5536343.578377731144428 ], [ 332576.755777816404589, 5536343.976452912203968 ], [ 332577.033009972714353, 5536344.370129399001598 ], [ 332577.316524679597933, 5536344.759305780753493 ], [ 332577.606248903728556, 5536345.143881805241108 ], [ 332577.902108012698591, 5536345.523758405819535 ], [ 332578.204025793587789, 5536345.89883772842586 ], [ 332578.511924472695682, 5536346.26902315299958 ], [ 332578.825724735797849, 5536346.634219316765666 ], [ 332579.145345748227555, 5536346.994332150556147 ], [ 332579.470705176179763, 5536347.349268888123333 ], [ 332579.801719207374845, 5536347.69893809594214 ], [ 332580.138302573002875, 5536348.043249703943729 ], [ 332580.480368569784332, 5536348.382115013897419 ], [ 332580.827829081681557, 5536348.71544673666358 ], [ 332581.18059460358927, 5536349.043159005232155 ], [ 332581.538574263395276, 5536349.365167401731014 ], [ 332581.901675846020225, 5536349.681388976983726 ], [ 332582.26980581699172, 5536349.99174227565527 ], [ 332582.642869346600492, 5536350.296147345565259 ], [ 332583.020770333998371, 5536350.594525777734816 ], [ 332583.403411432402208, 5536350.886800708249211 ], [ 332583.790694074006751, 5536351.172896845266223 ], [ 332584.182518495304976, 5536351.452740493230522 ], [ 332584.578783762699459, 5536351.726259565912187 ], [ 332584.979387799103279, 5536351.993383600376546 ], [ 332585.384227409027517, 5536352.254043789580464 ], [ 332585.793198306520935, 5536352.508172987960279 ], [ 332586.206195141072385, 5536352.755705732852221 ], [ 332586.623111525492277, 5536352.996578256599605 ], [ 332587.043840062397067, 5536353.230728513561189 ], [ 332587.4682723726728, 5536353.458096185699105 ], [ 332587.896299123298377, 5536353.678622704930604 ], [ 332588.32781005470315, 5536353.892251262441278 ], [ 332630.976693755015731, 5536374.582010496407747 ], [ 332631.533294068125542, 5536374.856307149864733 ], [ 332632.086447463720106, 5536375.137490159831941 ], [ 332632.636068746680394, 5536375.425516215153039 ], [ 332633.182073266012594, 5536375.720340956933796 ], [ 332633.724376927712001, 5536376.021918974816799 ], [ 332634.262896207801532, 5536376.330203823745251 ], [ 332634.797548165195622, 5536376.645148022100329 ], [ 332635.328250454273075, 5536376.966703061945736 ], [ 332635.854921337973792, 5536377.294819419272244 ], [ 332636.377479700022377, 5536377.629446557722986 ], [ 332636.895845057326369, 5536377.970532937906682 ], [ 332637.409937573014759, 5536378.318026030436158 ], [ 332637.919678067904897, 5536378.67187231220305 ], [ 332638.424988033424597, 5536379.032017284072936 ], [ 332638.925789643195458, 5536379.398405482061207 ], [ 332639.42200576531468, 5536379.770980471745133 ], [ 332639.913559973996598, 5536380.149684873409569 ], [ 332640.400376561388839, 5536380.534460358321667 ], [ 332640.88238054967951, 5536380.925247664563358 ], [ 332641.359497701923829, 5536381.321986603550613 ], [ 332641.831654533918481, 5536381.724616074003279 ], [ 332642.298778325493913, 5536382.133074059151113 ], [ 332642.760797131690197, 5536382.547297653742135 ], [ 332643.217639793816488, 5536382.967223058454692 ], [ 332643.66923595010303, 5536383.39278559666127 ], [ 332644.11551604710985, 5536383.823919726535678 ], [ 332644.556411350378767, 5536384.260559046640992 ], [ 332644.991853954095859, 5536384.702636304311454 ], [ 332645.421776793082245, 5536385.150083414278924 ], [ 332645.846113651699852, 5536385.602831459604204 ], [ 332646.264799174794462, 5536386.060810713097453 ], [ 332646.677768877882045, 5536386.523950636386871 ], [ 332647.084959156403784, 5536386.992179896682501 ], [ 332647.486307296203449, 5536387.465426379814744 ], [ 332647.881751482724212, 5536387.943617197684944 ], [ 332648.271230810903944, 5536388.426678700372577 ], [ 332648.65468529437203, 5536388.914536490105093 ], [ 332649.032055874587968, 5536389.407115425914526 ], [ 332649.403284429979976, 5536389.904339645057917 ], [ 332649.768313785083592, 5536390.406132563017309 ], [ 332650.127087719214614, 5536390.912416897714138 ], [ 332650.479550974909216, 5536391.4231146723032 ], [ 332650.825649266887922, 5536391.938147231005132 ], [ 332651.165329290379304, 5536392.457435246556997 ], [ 332651.498538728512358, 5536392.980898746289313 ], [ 332651.825226261513308, 5536393.508457100950181 ], [ 332652.145341573923361, 5536394.040029062889516 ], [ 332652.458835362514947, 5536394.575532756745815 ], [ 332652.76565934397513, 5536395.114885711111128 ], [ 332653.065766262297984, 5536395.658004851080477 ], [ 332653.359109895594884, 5536396.2048065289855 ], [ 332653.645645064127166, 5536396.755206529982388 ], [ 332653.925327636592556, 5536397.309120082296431 ], [ 332654.198114537110087, 5536397.866461872123182 ], [ 332654.46396375191398, 5536398.427146057598293 ], [ 332654.722834335523658, 5536398.991086289286613 ], [ 332654.974686417728662, 5536399.558195707388222 ], [ 332655.219481208710931, 5536400.128386968746781 ], [ 332655.457181006320752, 5536400.701572252437472 ], [ 332655.68774920020951, 5536401.277663278393447 ], [ 332655.911150279280264, 5536401.856571321375668 ], [ 332656.127349835995119, 5536402.438207216560841 ], [ 332656.336314571788535, 5536403.022481382824481 ], [ 332656.538012302713469, 5536403.609303833916783 ], [ 332656.732411963690538, 5536404.19858418777585 ], [ 332656.919483613921329, 5536404.790231684222817 ], [ 332657.099198441195767, 5536405.384155200794339 ], [ 332657.271528766374104, 5536405.980263264849782 ], [ 332657.4364480478107, 5536406.578464061953127 ], [ 332657.593930884788278, 5536407.178665460087359 ], [ 332657.743953022581991, 5536407.780775019899011 ], [ 332657.886491355078761, 5536408.384700004011393 ], [ 332658.021523929026444, 5536408.990347401238978 ], [ 332658.149029947002418, 5536409.59762392565608 ], [ 332658.268989770906046, 5536410.206436051055789 ], [ 332658.381384924985468, 5536410.816690009087324 ], [ 332658.48619809851516, 5536411.42829180881381 ], [ 332658.583413148415275, 5536412.041147254407406 ], [ 332658.673015101696365, 5536412.655161955393851 ], [ 332658.75499015848618, 5536413.270241344347596 ], [ 332658.829325693077408, 5536413.886290684342384 ], [ 332658.896010256372392, 5536414.503215097822249 ], [ 332658.955033578211442, 5536415.120919566601515 ], [ 332659.006386567605659, 5536415.73930895421654 ], [ 332659.050061315472703, 5536416.358288017101586 ], [ 332659.086051095218863, 5536416.977761421352625 ], [ 332659.11435036372859, 5536417.5976337576285 ], [ 332659.134954762412235, 5536418.217809558846056 ], [ 332659.14786111790454, 5536418.838193302042782 ], [ 332659.153067442413885, 5536419.45868944004178 ], [ 332659.150572934013326, 5536420.079202405177057 ], [ 332659.140377976873424, 5536420.699636629782617 ], [ 332659.122484141320456, 5536421.319896552711725 ], [ 332659.096894183196127, 5536421.939886649139225 ], [ 332659.063612043799367, 5536422.559511423110962 ], [ 332659.022642849187832, 5536423.178675446659327 ], [ 332658.973992909421213, 5536423.797283357940614 ], [ 332658.917669717222452, 5536424.415239878930151 ], [ 332658.853681947395671, 5536425.032449833117425 ], [ 332658.782039455079939, 5536425.648818163201213 ], [ 332658.70275327458512, 5536426.264249932020903 ], [ 332658.615835617179982, 5536426.878650359809399 ], [ 332658.521299869986251, 5536427.491924813948572 ], [ 332658.419160592602566, 5536428.103978838771582 ], [ 332658.309433516697027, 5536428.714718172326684 ], [ 332658.192135541816242, 5536429.32404874637723 ], [ 332658.067284733871929, 5536429.931876714341342 ], [ 332657.934900322114117, 5536430.538108460605145 ], [ 332657.795002695871517, 5536431.14265061635524 ], [ 332657.647613401873969, 5536431.745410069823265 ], [ 332657.492755140701775, 5536432.346293986774981 ], [ 332657.330451762885787, 5536432.945209821686149 ], [ 332657.160728265997022, 5536433.542065330781043 ], [ 332656.983610790513922, 5536434.136768586933613 ], [ 332656.799126615282148, 5536434.729227997362614 ], [ 332656.799126615806017, 5536434.729227997362614 ] ] ] ] } },
{ "type": "Feature", "properties": { "fid": 9, "Text": "Lot 5", "LOT_ID": 5, "area_m2": 40140.870149053793, "ESA4_pct": 0.81, "ESA3_pct": 56.83, "ESA2_pct": 42.18, "ESA1_pct": 0.0, "pct_BNDRY": 9.3176833315433036, "area_lots": 40140.870149053793, "area": 40140.870149053793, "pct_parcel": 9.3176833315433036, "mean_slp": 10.09, "max_slp": 64.13, "p95_slp": 25.63, "slp_count": 40154, "LOTS": null, "auxiliary_storage_labeling_show": null, "auxiliary_storage_labeling_positionx": null, "auxiliary_storage_labeling_positiony": null, "auxiliary_storage_labeling_lineanchorpercent": null, "auxiliary_storage_labeling_lineanchorclipping": null, "auxiliary_storage_labeling_lineanchortype": null, "auxiliary_storage_labeling_lineanchortextpoint": null, "auxiliary_storage_labeling_labelrotation": null, "Layer": "LOTS" }, "geometry": { "type": "MultiPolygon", "coordinates": [ [ [ [ 332716.056543813960161, 5536774.259651224128902 ], [ 332716.038828079414088, 5536774.233307703398168 ], [ 332715.612400493526366, 5536773.553460337221622 ], [ 332715.192589841783047, 5536772.869507163763046 ], [ 332714.779435653472319, 5536772.181512581184506 ], [ 332714.372976830520201, 5536771.489541374146938 ], [ 332713.97325164481299, 5536770.793658693321049 ], [ 332713.580297733889893, 5536770.093930065631866 ], [ 332713.194152098323684, 5536769.390421376563609 ], [ 332712.814851096482016, 5536768.683198867365718 ], [ 332712.44243044371251, 5536767.972329130396247 ], [ 332712.076925206114538, 5536767.257879097014666 ], [ 332711.718369799724314, 5536766.539916041307151 ], [ 332711.366797985509038, 5536765.818507568910718 ], [ 332711.022242867213208, 5536765.093721599318087 ], [ 332710.684736887691543, 5536764.365626385435462 ], [ 332710.354311826289631, 5536763.634290480986238 ], [ 332710.03099879558431, 5536762.899782747030258 ], [ 332709.714828238182236, 5536762.162172343581915 ], [ 332709.405829924391583, 5536761.421528724953532 ], [ 332709.104032949078828, 5536760.677921628579497 ], [ 332708.809465729573276, 5536759.931421072222292 ], [ 332708.522156001592521, 5536759.182097344659269 ], [ 332708.242130818078294, 5536758.430021003820002 ], [ 332707.969416546111461, 5536757.675262860022485 ], [ 332707.704038863710593, 5536756.917893985286355 ], [ 332707.446022758784238, 5536756.157985690049827 ], [ 332707.19539252622053, 5536755.395609525963664 ], [ 332706.952171764627565, 5536754.63083728030324 ], [ 332706.716383375576697, 5536753.863740959204733 ], [ 332706.488049560692161, 5536753.094392796978354 ], [ 332706.267191819613799, 5536752.322865230962634 ], [ 332706.053830948076211, 5536751.549230908043683 ], [ 332705.847987035987899, 5536750.773562671616673 ], [ 332705.649679465277586, 5536749.995933559723198 ], [ 332705.458926908671856, 5536749.216416793875396 ], [ 332705.275747327017598, 5536748.435085769742727 ], [ 332705.100157968117855, 5536747.652014059014618 ], [ 332704.932175365509465, 5536746.867275392636657 ], [ 332704.771815336309373, 5536746.080943663604558 ], [ 332704.619092979584821, 5536745.293092910200357 ], [ 332704.474022675887682, 5536744.503797316923738 ], [ 332704.336618084926158, 5536743.713131201453507 ], [ 332704.206892144109588, 5536742.921169011853635 ], [ 332704.084857068490237, 5536742.12798532191664 ], [ 332703.970524349075276, 5536741.333654812537134 ], [ 332703.863904751022346, 5536740.538252278231084 ], [ 332703.765008313290309, 5536739.741852617822587 ], [ 332703.673844348290004, 5536738.944530813023448 ], [ 332703.590421440021601, 5536738.146361942403018 ], [ 332703.514747443085071, 5536737.347421159036458 ], [ 332703.446829482913017, 5536736.547783692367375 ], [ 332703.386673954781145, 5536735.74752483330667 ], [ 332703.334286522993352, 5536734.946719935163856 ], [ 332703.289672119892202, 5536734.145444401539862 ], [ 332703.252834946673829, 5536733.343773677013814 ], [ 332703.223778471583501, 5536732.54178324714303 ], [ 332703.202505431021564, 5536731.739548627287149 ], [ 332703.189017827389762, 5536730.937145353294909 ], [ 332703.18331693141954, 5536730.134648982435465 ], [ 332703.185403279087041, 5536729.332135073840618 ], [ 332703.195276674581692, 5536728.52967919036746 ], [ 332703.212936187977903, 5536727.727356891147792 ], [ 332703.238380156573839, 5536726.92524372600019 ], [ 332703.271606184425764, 5536726.123415215872228 ], [ 332703.312611143221147, 5536725.321946864016354 ], [ 332703.361391171580181, 5536724.520914131775498 ], [ 332703.417941676976625, 5536723.720392446964979 ], [ 332703.482257334282622, 5536722.920457184314728 ], [ 332703.554332087689545, 5536722.121183664537966 ], [ 332703.634159150824416, 5536721.322647148743272 ], [ 332703.721731007215567, 5536720.524922824464738 ], [ 332703.817039410991129, 5536719.728085805661976 ], [ 332703.920075388217811, 5536718.932211119681597 ], [ 332703.92007538798498, 5536718.932211119681597 ], [ 332704.014256730326451, 5536718.204502734355628 ], [ 332704.101313968189061, 5536717.475907747633755 ], [ 332704.181238768971525, 5536716.746495898813009 ], [ 332704.254023481684271, 5536716.01633700914681 ], [ 332704.319661139685195, 5536715.285500970669091 ], [ 332704.378145459690131, 5536714.5540577378124 ], [ 332704.429470843984745, 5536713.822077323682606 ], [ 332704.473632379318587, 5536713.089629800990224 ], [ 332704.510625838709529, 5536712.356785271316767 ], [ 332704.540447680919897, 5536711.623613889329135 ], [ 332704.563095051387791, 5536710.890185832045972 ], [ 332704.578565782692749, 5536710.156571304425597 ], [ 332704.586858393391594, 5536709.422840527258813 ], [ 332704.587972090172116, 5536708.689063737168908 ], [ 332704.581906766281463, 5536707.955311170779169 ], [ 332704.568663002108224, 5536707.221653060987592 ], [ 332704.548242065589875, 5536706.488159636966884 ], [ 332704.520645911223255, 5536705.754901107400656 ], [ 332704.125285154092126, 5536696.459883908741176 ], [ 332704.09709953708807, 5536695.708552774041891 ], [ 332704.076447182684205, 5536694.956976836547256 ], [ 332704.063330166216474, 5536694.205231633968651 ], [ 332704.057749805622734, 5536693.453392710536718 ], [ 332704.059706662024837, 5536692.701535625383258 ], [ 332704.069200538622681, 5536691.949735936708748 ], [ 332704.086230481276289, 5536691.198069197125733 ], [ 332704.110794778680429, 5536690.446610946208239 ], [ 332704.142890962189995, 5536689.695436705835164 ], [ 332704.182515806111041, 5536688.944621960632503 ], [ 332704.229665328282863, 5536688.194242171943188 ], [ 332704.284334790485445, 5536687.444372746162117 ], [ 332704.346518698672298, 5536686.695089042186737 ], [ 332704.416210803377908, 5536685.946466363035142 ], [ 332704.49340410111472, 5536685.19857994094491 ], [ 332704.578090833674651, 5536684.451504933647811 ], [ 332704.67026249069022, 5536683.705316424369812 ], [ 332704.769909809285309, 5536682.960089400410652 ], [ 332704.877022775413934, 5536682.215898752212524 ], [ 332704.991590623976663, 5536681.472819273360074 ], [ 332705.069340595393442, 5536680.960403465665877 ], [ 332705.139494384988211, 5536680.44689254835248 ], [ 332705.202036609582137, 5536679.932399120181799 ], [ 332705.256953554984648, 5536679.417035999707878 ], [ 332705.304233179485891, 5536678.900916194543242 ], [ 332705.343865115486551, 5536678.384152879007161 ], [ 332705.375840672524646, 5536677.866859362460673 ], [ 332705.400152839079965, 5536677.349149081856012 ], [ 332705.416796284087468, 5536676.831135557964444 ], [ 332705.425767358217854, 5536676.312932375818491 ], [ 332705.427064094110392, 5536675.794653170742095 ], [ 332705.420686207420658, 5536675.2764115864411 ], [ 332705.406635096587706, 5536674.758321262896061 ], [ 332705.38491384300869, 5536674.240495805628598 ], [ 332705.35552720958367, 5536673.723048763349652 ], [ 332705.318481639784295, 5536673.206093598157167 ], [ 332705.273785257188138, 5536672.68974366877228 ], [ 332705.221447862684727, 5536672.174112197943032 ], [ 332705.161480932671111, 5536671.659312252886593 ], [ 332705.093897616490722, 5536671.145456714555621 ], [ 332705.018712733872235, 5536670.632658266462386 ], [ 332704.935942770913243, 5536670.12102934718132 ], [ 332704.845605877228081, 5536669.610682150349021 ], [ 332704.747721861582249, 5536669.101728580892086 ], [ 332704.642312188108917, 5536668.594280241988599 ], [ 332704.529399970488157, 5536668.088448404334486 ], [ 332704.409009967988823, 5536667.584343985654414 ], [ 332704.281168579414953, 5536667.082077527418733 ], [ 332704.145903837285005, 5536666.581759162247181 ], [ 332704.00324540247675, 5536666.083498600870371 ], [ 332703.853224556485657, 5536665.587405098602176 ], [ 332703.695874195778742, 5536665.093587440438569 ], [ 332703.531228823587298, 5536664.602153905667365 ], [ 332703.359324542980175, 5536664.113212257623672 ], [ 332703.18019904877292, 5536663.626869710162282 ], [ 332702.993891618971247, 5536663.143232906237245 ], [ 332702.800443106680177, 5536662.662407895550132 ], [ 332702.599895931081846, 5536662.184500115923584 ], [ 332702.392294067481998, 5536661.70961435791105 ], [ 332702.177683038287796, 5536661.237854754552245 ], [ 332701.956109902879689, 5536660.769324753433466 ], [ 332701.727623247308657, 5536660.304127090610564 ], [ 332701.492273173586, 5536659.842363776639104 ], [ 332701.250111288682092, 5536659.384136061184108 ], [ 332701.001190693175886, 5536658.92954442743212 ], [ 332700.745565970020834, 5536658.478688556700945 ], [ 332700.483293171680998, 5536658.031667307950556 ], [ 332700.214429809013382, 5536657.588578706607223 ], [ 332699.93903483718168, 5536657.149519911967218 ], [ 332699.657168644887861, 5536656.714587195776403 ], [ 332699.368893038481474, 5536656.283875933848321 ], [ 332699.074271230609156, 5536655.85748056974262 ], [ 332698.773367825080641, 5536655.435494601726532 ], [ 332698.466248803189956, 5536655.018010562285781 ], [ 332698.152981509687379, 5536654.605119996704161 ], [ 332697.833634636481293, 5536654.196913441643119 ], [ 332697.508278209483251, 5536653.793480407446623 ], [ 332697.176983572193421, 5536653.394909361377358 ], [ 332696.839823369809892, 5536653.001287696883082 ], [ 332696.496871533978265, 5536652.612701728008687 ], [ 332696.148203266726341, 5536652.229236662387848 ], [ 332695.793895022827201, 5536651.850976588204503 ], [ 332695.434024494083133, 5536651.478004444390535 ], [ 332695.068670592387207, 5536651.110402019694448 ], [ 332694.697913431271445, 5536650.74824991915375 ], [ 332694.321834309783299, 5536650.391627553850412 ], [ 332693.940515693393536, 5536650.040613124147058 ], [ 332693.554041196824983, 5536649.695283600129187 ], [ 332693.162495565309655, 5536649.355714705772698 ], [ 332692.765964655787684, 5536649.021980898454785 ], [ 332692.364535418979358, 5536648.694155357778072 ], [ 332691.958295879012439, 5536648.372309970669448 ], [ 332691.547335115319584, 5536648.056515311822295 ], [ 332691.131743241974618, 5536647.746840624138713 ], [ 332690.711611389473546, 5536647.443353815935552 ], [ 332690.287031683023088, 5536647.146121433004737 ], [ 332689.858097223273944, 5536646.855208651162684 ], [ 332689.424902066180948, 5536646.570679266005754 ], [ 332688.987541201815475, 5536646.292595659382641 ], [ 332688.546110533177853, 5536646.021018818020821 ], [ 332688.100706856581382, 5536645.756008286960423 ], [ 332687.651427839009557, 5536645.497622178867459 ], [ 332687.198371996812057, 5536645.245917152613401 ], [ 332686.741638675390277, 5536645.000948398374021 ], [ 332686.281328025972471, 5536644.76276963762939 ], [ 332685.817540984484367, 5536644.531433093361557 ], [ 332685.350379248789977, 5536644.306989493779838 ], [ 332684.879945257212967, 5536644.089488053694367 ], [ 332684.406342165078968, 5536643.878976468928158 ], [ 332683.929673823411576, 5536643.675500896759331 ], [ 332683.929673823411576, 5536643.675500896759331 ], [ 332677.566379757889081, 5536641.014724410139024 ], [ 332677.332475271890871, 5536640.930095230229199 ], [ 332677.101174439419992, 5536640.838589319959283 ], [ 332676.87267938349396, 5536640.740286643616855 ], [ 332676.647189776122104, 5536640.635273103602231 ], [ 332676.424902662285604, 5536640.523640465922654 ], [ 332676.206012289214414, 5536640.40548628102988 ], [ 332675.990709935314953, 5536640.280913800001144 ], [ 332675.779183743521571, 5536640.150031879544258 ], [ 332675.571618557325564, 5536640.012954894453287 ], [ 332675.368195758725051, 5536639.869802626781166 ], [ 332675.169093109783716, 5536639.720700171776116 ], [ 332674.974484597623814, 5536639.565777823328972 ], [ 332674.784540281514637, 5536639.405170965008438 ], [ 332674.599426145781763, 5536639.239019937813282 ], [ 332674.419303953181952, 5536639.067469937726855 ], [ 332674.244331104913726, 5536638.890670873224735 ], [ 332674.074660501384642, 5536638.708777241408825 ], [ 332673.910440410487354, 5536638.521947992965579 ], [ 332673.751814336923417, 5536638.330346387811005 ], [ 332673.598920896591153, 5536638.1341398563236 ], [ 332673.451893696677871, 5536637.933499857783318 ], [ 332673.310861217381898, 5536637.728601719252765 ], [ 332673.175946701085195, 5536637.519624496810138 ], [ 332673.047268043272197, 5536637.306750802323222 ], [ 332672.924937690491788, 5536637.090166657231748 ], [ 332672.328314631304238, 5536636.039801037870347 ], [ 332445.886612604022957, 5536811.482936530373991 ], [ 332489.886270915798377, 5536949.704962494783103 ], [ 332716.056543813960161, 5536774.259651224128902 ] ] ] ] } }
]
}
