{
"type": "FeatureCollection",
"name": "WELLS_19",
"crs": { "type": "name", "properties": { "name": "urn:ogc:def:crs:EPSG::2955" } },
"features": [
{ "type": "Feature", "properties": { "fid": 1, "WELL_ID": "6", "Layer": null }, "geometry": { "type": "MultiPolygon", "coordinates": [ [ [ [ 332765.417975929565728, 5536915.636 ], [ 332765.418262114282697, 5536915.668793499469757 ], [ 332765.419120580423623, 5536915.701576992869377 ], [ 332765.420551066286862, 5536915.734340526163578 ], [ 332765.422553137876093, 5536915.767074093222618 ], [ 332765.425126183312386, 5536915.79976774007082 ], [ 332765.428269419819117, 5536915.832411505281925 ], [ 332765.431981889996678, 5536915.864995427429676 ], [ 332765.436262462288141, 5536915.897509604692459 ], [ 332765.441109833773226, 5536915.9299441203475 ], [ 332765.446522527374327, 5536915.962289109826088 ], [ 332765.452498893719167, 5536915.994534701108932 ], [ 332765.459037113934755, 5536916.026671066880226 ], [ 332765.466135194525123, 5536916.058688446879387 ], [ 332765.473790974821895, 5536916.090577058494091 ], [ 332765.482002121862024, 5536916.122327215969563 ], [ 332765.490766135044396, 5536916.153929226100445 ], [ 332765.500080344732851, 5536916.185373477637768 ], [ 332765.509941913187504, 5536916.216650366783142 ], [ 332765.520347836893052, 5536916.247750394046307 ], [ 332765.531294946093112, 5536916.278664082288742 ], [ 332765.542779907118529, 5536916.309381999075413 ], [ 332765.554799219593406, 5536916.33989480137825 ], [ 332765.567349222954363, 5536916.37019319832325 ], [ 332765.580426095519215, 5536916.400267943739891 ], [ 332765.594025852624327, 5536916.43010988086462 ], [ 332765.60814435267821, 5536916.45970993489027 ], [ 332765.622777293901891, 5536916.489059075713158 ], [ 332765.63792021991685, 5536916.518148370087147 ], [ 332765.653568517882377, 5536916.546968944370747 ], [ 332765.669717420358211, 5536916.575512036681175 ], [ 332765.686362009029835, 5536916.603768937289715 ], [ 332765.703497214242816, 5536916.631731055676937 ], [ 332765.72111781546846, 5536916.659389860928059 ], [ 332765.739218445494771, 5536916.686736926436424 ], [ 332765.757793590892106, 5536916.713763929903507 ], [ 332765.776837593410164, 5536916.740462638437748 ], [ 332765.796344652306288, 5536916.766824908554554 ], [ 332765.816308825276792, 5536916.792842738330364 ], [ 332765.836724031250924, 5536916.818508163094521 ], [ 332765.857584051787853, 5536916.843813389539719 ], [ 332765.878882531542331, 5536916.868750706315041 ], [ 332765.900612984318286, 5536916.893312513828278 ], [ 332765.922768789809197, 5536916.91749133169651 ], [ 332765.945343199651688, 5536916.941279798746109 ], [ 332765.968329336959869, 5536916.964670658111572 ], [ 332765.991720200516284, 5536916.98765679448843 ], [ 332766.015508664771914, 5536917.010231211781502 ], [ 332766.039687483105808, 5536917.032387010753155 ], [ 332766.064249292016029, 5536917.054117470979691 ], [ 332766.08918660832569, 5536917.075415946543217 ], [ 332766.114491836167872, 5536917.096275970339775 ], [ 332766.140157267451286, 5536917.116691172122955 ], [ 332766.166175084654242, 5536917.136655353009701 ], [ 332766.192537361290306, 5536917.156162403523922 ], [ 332766.219236068893224, 5536917.175206400454044 ], [ 332766.246263072825968, 5536917.193781554698944 ], [ 332766.273610142525285, 5536917.211882181465626 ], [ 332766.301268945448101, 5536917.229502789676189 ], [ 332766.329231058713049, 5536917.246637992560863 ], [ 332766.35748796351254, 5536917.26328257471323 ], [ 332766.386031052563339, 5536917.279431477189064 ], [ 332766.414851631503552, 5536917.295079782605171 ], [ 332766.443940922152251, 5536917.310222707688808 ], [ 332766.473290061578155, 5536917.324855647981167 ], [ 332766.502890112344176, 5536917.338974148035049 ], [ 332766.532732055522501, 5536917.352573908865452 ], [ 332766.562806802801788, 5536917.365650773048401 ], [ 332766.593105192761868, 5536917.378200776875019 ], [ 332766.623617995064706, 5536917.39022009074688 ], [ 332766.654335916042328, 5536917.401705048978329 ], [ 332766.685249599162489, 5536917.412652157247066 ], [ 332766.716349627822638, 5536917.423058085143566 ], [ 332766.74762652721256, 5536917.432919658720493 ], [ 332766.779070771764964, 5536917.442233867943287 ], [ 332766.810672782361507, 5536917.45099788159132 ], [ 332766.84242293285206, 5536917.459209017455578 ], [ 332766.874311551917344, 5536917.466864801943302 ], [ 332766.90632892632857, 5536917.473962880671024 ], [ 332766.938465302810073, 5536917.480501107871532 ], [ 332766.970710891764611, 5536917.486477464437485 ], [ 332767.003055872395635, 5536917.491890162229538 ], [ 332767.035490390844643, 5536917.496737532317638 ], [ 332767.068004567641765, 5536917.501018106937408 ], [ 332767.100588499102741, 5536917.504730574786663 ], [ 332767.133232258725911, 5536917.507873810827732 ], [ 332767.165925904177129, 5536917.510446861386299 ], [ 332767.198659475892782, 5536917.512448936700821 ], [ 332767.231423003133386, 5536917.513879418373108 ], [ 332767.264206505380571, 5536917.514737881720066 ], [ 332767.296999996993691, 5536917.515024065971375 ], [ 332767.329793489072472, 5536917.514737881720066 ], [ 332767.362576991319656, 5536917.513879418373108 ], [ 332767.395340518560261, 5536917.512448936700821 ], [ 332767.428074090275913, 5536917.510446861386299 ], [ 332767.460767735727131, 5536917.507873810827732 ], [ 332767.493411495350301, 5536917.504730574786663 ], [ 332767.525995426811278, 5536917.501018106937408 ], [ 332767.5585096036084, 5536917.496737532317638 ], [ 332767.590944122057408, 5536917.491890162229538 ], [ 332767.623289102688432, 5536917.486477464437485 ], [ 332767.65553469164297, 5536917.480501107871532 ], [ 332767.687671068590134, 5536917.473962880671024 ], [ 332767.719688442070037, 5536917.466864801943302 ], [ 332767.751577061600983, 5536917.459209017455578 ], [ 332767.783327212091535, 5536917.45099788159132 ], [ 332767.814929222688079, 5536917.442233867943287 ], [ 332767.846373467240483, 5536917.432919658720493 ], [ 332767.877650366630405, 5536917.423058085143566 ], [ 332767.908750395290554, 5536917.412652157247066 ], [ 332767.939664078410715, 5536917.401705048978329 ], [ 332767.970381999388337, 5536917.39022009074688 ], [ 332768.000894801691175, 5536917.378200776875019 ], [ 332768.031193191651255, 5536917.365650773048401 ], [ 332768.061267938930541, 5536917.352573908865452 ], [ 332768.091109882108867, 5536917.338974148035049 ], [ 332768.120709932874888, 5536917.324855647981167 ], [ 332768.150059072300792, 5536917.310222707688808 ], [ 332768.179148362949491, 5536917.295079782605171 ], [ 332768.207968941889703, 5536917.279431477189064 ], [ 332768.236512031406164, 5536917.26328257471323 ], [ 332768.264768935739994, 5536917.246637992560863 ], [ 332768.292731049004942, 5536917.229502789676189 ], [ 332768.320389852393419, 5536917.211882181465626 ], [ 332768.347736921627074, 5536917.193781554698944 ], [ 332768.374763925559819, 5536917.175206400454044 ], [ 332768.401462633162737, 5536917.156162403523922 ], [ 332768.427824909798801, 5536917.136655353009701 ], [ 332768.453842727001756, 5536917.116691172122955 ], [ 332768.479508158285171, 5536917.096275970339775 ], [ 332768.504813386127353, 5536917.075415946543217 ], [ 332768.529750702437013, 5536917.054117470979691 ], [ 332768.554312510881573, 5536917.032387010753155 ], [ 332768.578491329681128, 5536917.010231211781502 ], [ 332768.602279793936759, 5536916.98765679448843 ], [ 332768.625670657493174, 5536916.964670658111572 ], [ 332768.648656795267016, 5536916.941279798746109 ], [ 332768.671231204643846, 5536916.91749133169651 ], [ 332768.693387010134757, 5536916.893312513828278 ], [ 332768.715117462910712, 5536916.868750706315041 ], [ 332768.73641594266519, 5536916.843813389539719 ], [ 332768.757275963202119, 5536916.818508163094521 ], [ 332768.777691169176251, 5536916.792842738330364 ], [ 332768.797655342146754, 5536916.766824908554554 ], [ 332768.817162401042879, 5536916.740462638437748 ], [ 332768.836206403560936, 5536916.713763929903507 ], [ 332768.854781548958272, 5536916.686736926436424 ], [ 332768.872882178984582, 5536916.659389860928059 ], [ 332768.890502780210227, 5536916.631731055676937 ], [ 332768.907637985423207, 5536916.603768937289715 ], [ 332768.924282574094832, 5536916.575512036681175 ], [ 332768.940431476570666, 5536916.546968944370747 ], [ 332768.956079774536192, 5536916.518148370087147 ], [ 332768.971222700551152, 5536916.489059075713158 ], [ 332768.985855642240494, 5536916.45970993489027 ], [ 332768.999974141828716, 5536916.43010988086462 ], [ 332769.013573898933828, 5536916.400267943739891 ], [ 332769.02665077149868, 5536916.37019319832325 ], [ 332769.039200774859637, 5536916.33989480137825 ], [ 332769.051220087334514, 5536916.309381999075413 ], [ 332769.062705048359931, 5536916.278664082288742 ], [ 332769.073652157559991, 5536916.247750394046307 ], [ 332769.084058081265539, 5536916.216650366783142 ], [ 332769.093919649720192, 5536916.185373477637768 ], [ 332769.103233859408647, 5536916.153929226100445 ], [ 332769.111997872591019, 5536916.122327215969563 ], [ 332769.120209019631147, 5536916.090577058494091 ], [ 332769.12786479992792, 5536916.058688446879387 ], [ 332769.134962880518287, 5536916.026671066880226 ], [ 332769.141501100268215, 5536915.994534701108932 ], [ 332769.147477467078716, 5536915.962289109826088 ], [ 332769.152890160679817, 5536915.9299441203475 ], [ 332769.157737532164901, 5536915.897509604692459 ], [ 332769.162018104456365, 5536915.864995427429676 ], [ 332769.165730574633926, 5536915.832411505281925 ], [ 332769.168873811606318, 5536915.79976774007082 ], [ 332769.171446856576949, 5536915.767074093222618 ], [ 332769.173448928166181, 5536915.734340526163578 ], [ 332769.174879414029419, 5536915.701576992869377 ], [ 332769.175737880170345, 5536915.668793499469757 ], [ 332769.176024064887315, 5536915.636 ], [ 332769.175737880170345, 5536915.603206507861614 ], [ 332769.174879414029419, 5536915.570423007011414 ], [ 332769.173448928166181, 5536915.537659481167793 ], [ 332769.171446856576949, 5536915.504925914108753 ], [ 332769.168873811606318, 5536915.472232259809971 ], [ 332769.165730574633926, 5536915.439588502049446 ], [ 332769.162018104456365, 5536915.407004572451115 ], [ 332769.157737532164901, 5536915.374490395188332 ], [ 332769.152890160679817, 5536915.342055879533291 ], [ 332769.147477467078716, 5536915.309710890054703 ], [ 332769.141501100268215, 5536915.277465306222439 ], [ 332769.134962880518287, 5536915.245328933000565 ], [ 332769.12786479992792, 5536915.213311560451984 ], [ 332769.120209019631147, 5536915.1814229413867 ], [ 332769.111997872591019, 5536915.149672791361809 ], [ 332769.103233859408647, 5536915.118070773780346 ], [ 332769.093919649720192, 5536915.086626529693604 ], [ 332769.084058081265539, 5536915.055349640548229 ], [ 332769.073652157559991, 5536915.024249605834484 ], [ 332769.062705048359931, 5536914.993335925042629 ], [ 332769.051220087334514, 5536914.962618000805378 ], [ 332769.039200774859637, 5536914.932105198502541 ], [ 332769.02665077149868, 5536914.901806809008121 ], [ 332769.013573898933828, 5536914.8717320561409 ], [ 332768.999974141828716, 5536914.841890119016171 ], [ 332768.985855642240494, 5536914.81229006499052 ], [ 332768.971222700551152, 5536914.782940931618214 ], [ 332768.956079774536192, 5536914.753851637244225 ], [ 332768.940431476570666, 5536914.725031055510044 ], [ 332768.924282574094832, 5536914.696487963199615 ], [ 332768.907637985423207, 5536914.668231062591076 ], [ 332768.890502780210227, 5536914.640268944203854 ], [ 332768.872882178984582, 5536914.612610138952732 ], [ 332768.854781548958272, 5536914.585263080894947 ], [ 332768.836206403560936, 5536914.558236077427864 ], [ 332768.817162401042879, 5536914.531537368893623 ], [ 332768.797655342146754, 5536914.505175091326237 ], [ 332768.777691169176251, 5536914.479157269001007 ], [ 332768.757275963202119, 5536914.45349183678627 ], [ 332768.73641594266519, 5536914.428186617791653 ], [ 332768.715117462910712, 5536914.40324929356575 ], [ 332768.693387010134757, 5536914.378687486052513 ], [ 332768.671231204643846, 5536914.354508675634861 ], [ 332768.648656795267016, 5536914.330720208585262 ], [ 332768.625670657493174, 5536914.307329341769218 ], [ 332768.602279793936759, 5536914.284343205392361 ], [ 332768.578491329681128, 5536914.26176879554987 ], [ 332768.554312510881573, 5536914.239612989127636 ], [ 332768.529750702437013, 5536914.2178825289011 ], [ 332768.504813386127353, 5536914.196584053337574 ], [ 332768.479508158285171, 5536914.175724036991596 ], [ 332768.453842727001756, 5536914.155308827757835 ], [ 332768.427824909798801, 5536914.135344654321671 ], [ 332768.401462633162737, 5536914.115837596356869 ], [ 332768.374763925559819, 5536914.096793599426746 ], [ 332768.347736921627074, 5536914.078218452632427 ], [ 332768.320389852393419, 5536914.060117818415165 ], [ 332768.292731049004942, 5536914.042497217655182 ], [ 332768.264768935739994, 5536914.025362007319927 ], [ 332768.236512030940503, 5536914.008717425167561 ], [ 332768.207968941889703, 5536913.992568522691727 ], [ 332768.179148362949491, 5536913.9769202247262 ], [ 332768.150059072300792, 5536913.961777292191982 ], [ 332768.120709932874888, 5536913.947144351899624 ], [ 332768.091109882108867, 5536913.933025859296322 ], [ 332768.061267938930541, 5536913.919426098465919 ], [ 332768.031193191651255, 5536913.90634922683239 ], [ 332768.000894801691175, 5536913.893799223005772 ], [ 332767.970381999388337, 5536913.881779916584492 ], [ 332767.939664078410715, 5536913.870294950902462 ], [ 332767.908750395290554, 5536913.859347842633724 ], [ 332767.877650366630405, 5536913.848941914737225 ], [ 332767.846373467240483, 5536913.839080348610878 ], [ 332767.814929222688079, 5536913.829766139388084 ], [ 332767.783327212091535, 5536913.821002118289471 ], [ 332767.751577061600983, 5536913.812790982425213 ], [ 332767.719688442070037, 5536913.805135197937489 ], [ 332767.687671068590134, 5536913.798037119209766 ], [ 332767.65553469164297, 5536913.791498899459839 ], [ 332767.623289102688432, 5536913.785522535443306 ], [ 332767.590944122057408, 5536913.780109837651253 ], [ 332767.5585096036084, 5536913.775262467563152 ], [ 332767.525995426811278, 5536913.770981892943382 ], [ 332767.493411495350301, 5536913.767269425094128 ], [ 332767.460767735727131, 5536913.764126189053059 ], [ 332767.428074090275913, 5536913.761553138494492 ], [ 332767.395340518560261, 5536913.75955107063055 ], [ 332767.362576991319656, 5536913.758120581507683 ], [ 332767.329793489072472, 5536913.757262118160725 ], [ 332767.296999996993691, 5536913.756975941359997 ], [ 332767.264206505380571, 5536913.757262118160725 ], [ 332767.231423003133386, 5536913.758120581507683 ], [ 332767.198659475892782, 5536913.75955107063055 ], [ 332767.165925904177129, 5536913.761553138494492 ], [ 332767.133232258725911, 5536913.764126189053059 ], [ 332767.100588499102741, 5536913.767269425094128 ], [ 332767.068004567641765, 5536913.770981892943382 ], [ 332767.035490390844643, 5536913.775262467563152 ], [ 332767.003055872395635, 5536913.780109837651253 ], [ 332766.970710891764611, 5536913.785522535443306 ], [ 332766.938465302810073, 5536913.791498899459839 ], [ 332766.90632892632857, 5536913.798037119209766 ], [ 332766.874311551917344, 5536913.805135197937489 ], [ 332766.84242293285206, 5536913.812790982425213 ], [ 332766.810672782361507, 5536913.821002118289471 ], [ 332766.779070771764964, 5536913.829766139388084 ], [ 332766.74762652721256, 5536913.839080348610878 ], [ 332766.716349627822638, 5536913.848941914737225 ], [ 332766.685249599162489, 5536913.859347842633724 ], [ 332766.654335916042328, 5536913.870294950902462 ], [ 332766.623617995064706, 5536913.881779916584492 ], [ 332766.593105192761868, 5536913.893799223005772 ], [ 332766.562806802801788, 5536913.90634922683239 ], [ 332766.532732055522501, 5536913.919426098465919 ], [ 332766.502890112344176, 5536913.933025859296322 ], [ 332766.473290061578155, 5536913.947144351899624 ], [ 332766.443940922152251, 5536913.961777292191982 ], [ 332766.414851631503552, 5536913.9769202247262 ], [ 332766.386031052563339, 5536913.992568522691727 ], [ 332766.357487963046879, 5536914.008717425167561 ], [ 332766.329231058713049, 5536914.025362007319927 ], [ 332766.301268945448101, 5536914.042497217655182 ], [ 332766.273610142525285, 5536914.060117818415165 ], [ 332766.246263072825968, 5536914.078218452632427 ], [ 332766.219236068893224, 5536914.096793599426746 ], [ 332766.192537361290306, 5536914.115837596356869 ], [ 332766.166175084654242, 5536914.135344654321671 ], [ 332766.140157267451286, 5536914.155308827757835 ], [ 332766.114491836167872, 5536914.175724036991596 ], [ 332766.08918660832569, 5536914.196584053337574 ], [ 332766.064249292016029, 5536914.2178825289011 ], [ 332766.039687483105808, 5536914.239612989127636 ], [ 332766.015508664771914, 5536914.26176879554987 ], [ 332765.991720200516284, 5536914.284343205392361 ], [ 332765.968329336959869, 5536914.307329341769218 ], [ 332765.945343199651688, 5536914.330720208585262 ], [ 332765.922768789809197, 5536914.354508675634861 ], [ 332765.900612984318286, 5536914.378687486052513 ], [ 332765.878882531542331, 5536914.40324929356575 ], [ 332765.857584051787853, 5536914.428186617791653 ], [ 332765.836724031250924, 5536914.45349183678627 ], [ 332765.816308825276792, 5536914.479157269001007 ], [ 332765.796344652306288, 5536914.505175091326237 ], [ 332765.776837593410164, 5536914.531537368893623 ], [ 332765.757793590892106, 5536914.558236077427864 ], [ 332765.739218445494771, 5536914.585263080894947 ], [ 332765.72111781546846, 5536914.612610138952732 ], [ 332765.703497214242816, 5536914.640268944203854 ], [ 332765.686362009029835, 5536914.668231062591076 ], [ 332765.669717420358211, 5536914.696487963199615 ], [ 332765.653568517882377, 5536914.725031055510044 ], [ 332765.63792021991685, 5536914.753851637244225 ], [ 332765.622777293901891, 5536914.782940931618214 ], [ 332765.60814435267821, 5536914.81229006499052 ], [ 332765.594025852624327, 5536914.841890119016171 ], [ 332765.580426095519215, 5536914.8717320561409 ], [ 332765.567349222954363, 5536914.901806809008121 ], [ 332765.554799219593406, 5536914.932105198502541 ], [ 332765.542779907118529, 5536914.962618000805378 ], [ 332765.531294946093112, 5536914.993335925042629 ], [ 332765.520347836893052, 5536915.024249605834484 ], [ 332765.509941913187504, 5536915.055349640548229 ], [ 332765.500080344732851, 5536915.086626529693604 ], [ 332765.490766135044396, 5536915.118070773780346 ], [ 332765.482002121862024, 5536915.149672791361809 ], [ 332765.473790974821895, 5536915.1814229413867 ], [ 332765.466135194525123, 5536915.213311560451984 ], [ 332765.459037113934755, 5536915.245328933000565 ], [ 332765.452498893719167, 5536915.277465306222439 ], [ 332765.446522527374327, 5536915.309710890054703 ], [ 332765.441109833773226, 5536915.342055879533291 ], [ 332765.436262462288141, 5536915.374490395188332 ], [ 332765.431981889996678, 5536915.407004572451115 ], [ 332765.428269419819117, 5536915.439588502049446 ], [ 332765.425126183312386, 5536915.472232259809971 ], [ 332765.422553137876093, 5536915.504925914108753 ], [ 332765.420551066286862, 5536915.537659481167793 ], [ 332765.419120580423623, 5536915.570423007011414 ], [ 332765.418262114282697, 5536915.603206507861614 ], [ 332765.417975929565728, 5536915.636 ] ] ] ] } },
{ "type": "Feature", "properties": { "fid": 2, "WELL_ID": "1", "Layer": null }, "geometry": { "type": "MultiPolygon", "coordinates": [ [ [ [ 332454.739975931122899, 5536311.281999967992306 ], [ 332454.740262115839869, 5536311.314793460071087 ], [ 332454.741120581980795, 5536311.347576960921288 ], [ 332454.742551067844033, 5536311.380340486764908 ], [ 332454.744553139433265, 5536311.413074053823948 ], [ 332454.747126184403896, 5536311.44576770812273 ], [ 332454.750269421376288, 5536311.478411465883255 ], [ 332454.753981891553849, 5536311.510995395481586 ], [ 332454.758262463845313, 5536311.54350957274437 ], [ 332454.763109835330397, 5536311.57594408839941 ], [ 332454.768522528931499, 5536311.608289077877998 ], [ 332454.774498895276338, 5536311.640534661710262 ], [ 332454.781037115491927, 5536311.672671034932137 ], [ 332454.788135196082294, 5536311.704688407480717 ], [ 332454.795790976379067, 5536311.736577026546001 ], [ 332454.804002123419195, 5536311.768327176570892 ], [ 332454.812766136601567, 5536311.799929194152355 ], [ 332454.822080346290022, 5536311.831373438239098 ], [ 332454.831941914744675, 5536311.862650327384472 ], [ 332454.842347838450223, 5536311.893750362098217 ], [ 332454.853294947650284, 5536311.924664042890072 ], [ 332454.8647799086757, 5536311.955381967127323 ], [ 332454.876799221150577, 5536311.985894769430161 ], [ 332454.889349224511534, 5536312.01619315892458 ], [ 332454.902426097076386, 5536312.046267911791801 ], [ 332454.916025854181498, 5536312.076109848916531 ], [ 332454.93014435376972, 5536312.105709902942181 ], [ 332454.944777295459062, 5536312.135059036314487 ], [ 332454.959920221474022, 5536312.164148330688477 ], [ 332454.975568518973887, 5536312.192968912422657 ], [ 332454.991717421915382, 5536312.221512004733086 ], [ 332455.008362010587007, 5536312.249768905341625 ], [ 332455.025497215799987, 5536312.277731023728848 ], [ 332455.043117817025632, 5536312.305389828979969 ], [ 332455.061218447051942, 5536312.332736887037754 ], [ 332455.079793592449278, 5536312.359763890504837 ], [ 332455.098837594967335, 5536312.386462599039078 ], [ 332455.11834465386346, 5536312.412824876606464 ], [ 332455.138308826833963, 5536312.438842698931694 ], [ 332455.158724032808095, 5536312.464508131146431 ], [ 332455.179584053345025, 5536312.489813350141048 ], [ 332455.200882533099502, 5536312.514750674366951 ], [ 332455.222612985875458, 5536312.539312481880188 ], [ 332455.244768791366369, 5536312.56349129229784 ], [ 332455.267343200743198, 5536312.587279759347439 ], [ 332455.29032933851704, 5536312.610670626163483 ], [ 332455.313720202073455, 5536312.63365676254034 ], [ 332455.337508666329086, 5536312.656231172382832 ], [ 332455.36168748466298, 5536312.678386978805065 ], [ 332455.386249293573201, 5536312.700117439031601 ], [ 332455.411186609882861, 5536312.721415914595127 ], [ 332455.436491837725043, 5536312.742275930941105 ], [ 332455.462157269008458, 5536312.762691140174866 ], [ 332455.488175085745752, 5536312.782655313611031 ], [ 332455.514537362847477, 5536312.802162371575832 ], [ 332455.541236070450395, 5536312.821206368505955 ], [ 332455.56826307438314, 5536312.839781515300274 ], [ 332455.595610143616796, 5536312.857882149517536 ], [ 332455.623268947005272, 5536312.875502750277519 ], [ 332455.65123106027022, 5536312.892637960612774 ], [ 332455.679487965069711, 5536312.909282542765141 ], [ 332455.708031054120511, 5536312.925431445240974 ], [ 332455.736851633060724, 5536312.941079743206501 ], [ 332455.765940923243761, 5536312.956222675740719 ], [ 332455.795290063135326, 5536312.970855616033077 ], [ 332455.824890113435686, 5536312.984974108636379 ], [ 332455.854732057079673, 5536312.998573869466782 ], [ 332455.884806804358959, 5536313.011650741100311 ], [ 332455.915105193853378, 5536313.024200744926929 ], [ 332455.945617996621877, 5536313.036220051348209 ], [ 332455.976335917599499, 5536313.047705017030239 ], [ 332456.007249600719661, 5536313.058652125298977 ], [ 332456.038349629379809, 5536313.069058053195477 ], [ 332456.069626528769732, 5536313.078919619321823 ], [ 332456.101070773322135, 5536313.088233828544617 ], [ 332456.132672783918679, 5536313.09699784964323 ], [ 332456.164422934409231, 5536313.105208985507488 ], [ 332456.196311553474516, 5536313.112864769995213 ], [ 332456.22832892742008, 5536313.119962848722935 ], [ 332456.260465304367244, 5536313.126501068472862 ], [ 332456.292710893321782, 5536313.132477432489395 ], [ 332456.325055873952806, 5536313.137890130281448 ], [ 332456.357490392401814, 5536313.142737500369549 ], [ 332456.390004569198936, 5536313.147018074989319 ], [ 332456.422588500659913, 5536313.150730542838573 ], [ 332456.455232260283083, 5536313.153873778879642 ], [ 332456.487925905734301, 5536313.15644682943821 ], [ 332456.520659477449954, 5536313.158448897302151 ], [ 332456.553423004690558, 5536313.159879386425018 ], [ 332456.586206506937742, 5536313.160737849771976 ], [ 332456.618999998550862, 5536313.161024026572704 ], [ 332456.651793490629643, 5536313.160737849771976 ], [ 332456.684576992876828, 5536313.159879386425018 ], [ 332456.717340520117432, 5536313.158448897302151 ], [ 332456.750074091833085, 5536313.15644682943821 ], [ 332456.782767737284303, 5536313.153873778879642 ], [ 332456.815411496907473, 5536313.150730542838573 ], [ 332456.847995428368449, 5536313.147018074989319 ], [ 332456.880509605165571, 5536313.142737500369549 ], [ 332456.912944123614579, 5536313.137890130281448 ], [ 332456.945289104245603, 5536313.132477432489395 ], [ 332456.977534693200141, 5536313.126501068472862 ], [ 332457.009671069681644, 5536313.119962848722935 ], [ 332457.041688443627208, 5536313.112864769995213 ], [ 332457.073577063158154, 5536313.105208985507488 ], [ 332457.105327213648707, 5536313.09699784964323 ], [ 332457.13692922424525, 5536313.088233828544617 ], [ 332457.168373468797654, 5536313.078919619321823 ], [ 332457.199650368187577, 5536313.069058053195477 ], [ 332457.230750396847725, 5536313.058652125298977 ], [ 332457.261664079967886, 5536313.047705017030239 ], [ 332457.292382000945508, 5536313.036220051348209 ], [ 332457.322894803248346, 5536313.024200744926929 ], [ 332457.353193193208426, 5536313.011650741100311 ], [ 332457.383267940487713, 5536312.998573869466782 ], [ 332457.413109883666039, 5536312.984974108636379 ], [ 332457.44270993443206, 5536312.970855616033077 ], [ 332457.472059073857963, 5536312.956222675740719 ], [ 332457.501148364506662, 5536312.941079743206501 ], [ 332457.529968943446875, 5536312.925431445240974 ], [ 332457.558512032963336, 5536312.909282542765141 ], [ 332457.586768937297165, 5536312.892637960612774 ], [ 332457.614731050096452, 5536312.875502750277519 ], [ 332457.642389853484929, 5536312.857882149517536 ], [ 332457.669736923184246, 5536312.839781515300274 ], [ 332457.69676392711699, 5536312.821206368505955 ], [ 332457.723462634719908, 5536312.802162371575832 ], [ 332457.749824911355972, 5536312.782655313611031 ], [ 332457.775842728093266, 5536312.762691140174866 ], [ 332457.801508159376681, 5536312.742275930941105 ], [ 332457.826813387684524, 5536312.721415914595127 ], [ 332457.851750703994185, 5536312.700117439031601 ], [ 332457.876312512438744, 5536312.678386978805065 ], [ 332457.9004913312383, 5536312.656231172382832 ], [ 332457.924279795493931, 5536312.63365676254034 ], [ 332457.947670659050345, 5536312.610670626163483 ], [ 332457.970656796358526, 5536312.587279759347439 ], [ 332457.993231206201017, 5536312.56349129229784 ], [ 332458.015387011691928, 5536312.539312481880188 ], [ 332458.037117464467883, 5536312.514750674366951 ], [ 332458.058415944222361, 5536312.489813350141048 ], [ 332458.07927596475929, 5536312.464508131146431 ], [ 332458.099691170733422, 5536312.438842698931694 ], [ 332458.119655343703926, 5536312.412824876606464 ], [ 332458.13916240260005, 5536312.386462599039078 ], [ 332458.158206405118108, 5536312.359763890504837 ], [ 332458.176781550515443, 5536312.332736887037754 ], [ 332458.194882180541754, 5536312.305389828979969 ], [ 332458.212502781767398, 5536312.277731023728848 ], [ 332458.229637986980379, 5536312.249768905341625 ], [ 332458.246282575652003, 5536312.221512004733086 ], [ 332458.262431478127837, 5536312.192968912422657 ], [ 332458.278079776093364, 5536312.164148330688477 ], [ 332458.293222702108324, 5536312.135059036314487 ], [ 332458.307855643332005, 5536312.105709902942181 ], [ 332458.321974143385887, 5536312.076109848916531 ], [ 332458.335573900490999, 5536312.046267911791801 ], [ 332458.348650773055851, 5536312.01619315892458 ], [ 332458.361200776416808, 5536311.985894769430161 ], [ 332458.373220088891685, 5536311.955381967127323 ], [ 332458.384705049917102, 5536311.924664042890072 ], [ 332458.395652159117162, 5536311.893750362098217 ], [ 332458.406058082357049, 5536311.862650327384472 ], [ 332458.415919651277363, 5536311.831373438239098 ], [ 332458.425233860965818, 5536311.799929194152355 ], [ 332458.43399787414819, 5536311.768327176570892 ], [ 332458.442209021188319, 5536311.736577026546001 ], [ 332458.449864801485091, 5536311.704688407480717 ], [ 332458.456962882075459, 5536311.672671034932137 ], [ 332458.463501101825386, 5536311.640534661710262 ], [ 332458.469477468635887, 5536311.608289077877998 ], [ 332458.474890162236989, 5536311.57594408839941 ], [ 332458.479737533722073, 5536311.54350957274437 ], [ 332458.484018106013536, 5536311.510995395481586 ], [ 332458.487730576191097, 5536311.478411465883255 ], [ 332458.490873812697828, 5536311.44576770812273 ], [ 332458.493446858134121, 5536311.413074053823948 ], [ 332458.495448929723352, 5536311.380340486764908 ], [ 332458.496879415586591, 5536311.347576960921288 ], [ 332458.497737881727517, 5536311.314793460071087 ], [ 332458.498024066444486, 5536311.281999967992306 ], [ 332458.497737881727517, 5536311.249206468462944 ], [ 332458.496879415586591, 5536311.216422975063324 ], [ 332458.495448929723352, 5536311.183659441769123 ], [ 332458.493446858134121, 5536311.150925874710083 ], [ 332458.490873812697828, 5536311.118232227861881 ], [ 332458.487730576191097, 5536311.085588462650776 ], [ 332458.484018106013536, 5536311.053004540503025 ], [ 332458.479737533722073, 5536311.020490363240242 ], [ 332458.474890162236989, 5536310.988055847585201 ], [ 332458.469477468635887, 5536310.955710858106613 ], [ 332458.463501101825386, 5536310.923465266823769 ], [ 332458.456962882075459, 5536310.891328901052475 ], [ 332458.449864801485091, 5536310.859311521053314 ], [ 332458.442209021188319, 5536310.82742290943861 ], [ 332458.43399787414819, 5536310.795672751963139 ], [ 332458.425233860965818, 5536310.764070741832256 ], [ 332458.415919651277363, 5536310.732626490294933 ], [ 332458.406058082357049, 5536310.701349601149559 ], [ 332458.395652159117162, 5536310.670249573886395 ], [ 332458.384705049917102, 5536310.639335885643959 ], [ 332458.373220088891685, 5536310.608617968857288 ], [ 332458.361200776416808, 5536310.578105166554451 ], [ 332458.348650773055851, 5536310.547806769609451 ], [ 332458.335573900490999, 5536310.51773202419281 ], [ 332458.321974143385887, 5536310.487890087068081 ], [ 332458.307855643332005, 5536310.458290033042431 ], [ 332458.293222702108324, 5536310.428940892219543 ], [ 332458.278079776093364, 5536310.399851597845554 ], [ 332458.262431478127837, 5536310.371031023561954 ], [ 332458.246282575652003, 5536310.342487931251526 ], [ 332458.229637986980379, 5536310.314231030642986 ], [ 332458.212502781767398, 5536310.286268912255764 ], [ 332458.194882180541754, 5536310.258610107004642 ], [ 332458.176781550515443, 5536310.231263041496277 ], [ 332458.158206405118108, 5536310.204236038029194 ], [ 332458.13916240260005, 5536310.177537329494953 ], [ 332458.119655343703926, 5536310.151175059378147 ], [ 332458.099691170733422, 5536310.125157229602337 ], [ 332458.07927596475929, 5536310.099491804838181 ], [ 332458.058415944222361, 5536310.074186578392982 ], [ 332458.037117464467883, 5536310.049249261617661 ], [ 332458.015387011691928, 5536310.024687454104424 ], [ 332457.993231206201017, 5536310.000508636236191 ], [ 332457.970656796358526, 5536309.976720169186592 ], [ 332457.947670659050345, 5536309.953329309821129 ], [ 332457.924279795493931, 5536309.930343173444271 ], [ 332457.9004913312383, 5536309.907768756151199 ], [ 332457.876312512438744, 5536309.885612957179546 ], [ 332457.851750703994185, 5536309.863882496953011 ], [ 332457.826813387684524, 5536309.842584021389484 ], [ 332457.801508159376681, 5536309.821723997592926 ], [ 332457.775842728093266, 5536309.801308795809746 ], [ 332457.749824911355972, 5536309.781344614923 ], [ 332457.723462634719908, 5536309.761837564408779 ], [ 332457.69676392711699, 5536309.742793567478657 ], [ 332457.669736923184246, 5536309.724218413233757 ], [ 332457.642389853484929, 5536309.706117786467075 ], [ 332457.614731050096452, 5536309.688497178256512 ], [ 332457.586768937297165, 5536309.671361975371838 ], [ 332457.558512032032013, 5536309.654717393219471 ], [ 332457.529968943446875, 5536309.638568490743637 ], [ 332457.501148364506662, 5536309.62292018532753 ], [ 332457.472059073857963, 5536309.607777260243893 ], [ 332457.44270993443206, 5536309.593144319951534 ], [ 332457.413109883666039, 5536309.579025819897652 ], [ 332457.383267940487713, 5536309.565426059067249 ], [ 332457.353193193208426, 5536309.5523491948843 ], [ 332457.322894803248346, 5536309.539799191057682 ], [ 332457.292382000945508, 5536309.527779877185822 ], [ 332457.261664079967886, 5536309.516294918954372 ], [ 332457.230750396847725, 5536309.505347810685635 ], [ 332457.199650368187577, 5536309.494941882789135 ], [ 332457.168373468797654, 5536309.485080309212208 ], [ 332457.13692922424525, 5536309.475766099989414 ], [ 332457.105327213648707, 5536309.467002086341381 ], [ 332457.073577063158154, 5536309.458790950477123 ], [ 332457.041688443627208, 5536309.451135165989399 ], [ 332457.009671069681644, 5536309.444037087261677 ], [ 332456.977534693200141, 5536309.437498860061169 ], [ 332456.945289104245603, 5536309.431522503495216 ], [ 332456.912944123614579, 5536309.426109805703163 ], [ 332456.880509605165571, 5536309.421262435615063 ], [ 332456.847995428368449, 5536309.416981860995293 ], [ 332456.815411496907473, 5536309.413269393146038 ], [ 332456.782767737284303, 5536309.410126157104969 ], [ 332456.750074091833085, 5536309.407553106546402 ], [ 332456.717340520117432, 5536309.40555103123188 ], [ 332456.684576992876828, 5536309.404120549559593 ], [ 332456.651793490629643, 5536309.403262086212635 ], [ 332456.618999998550862, 5536309.402975901961327 ], [ 332456.586206506937742, 5536309.403262086212635 ], [ 332456.553423004690558, 5536309.404120549559593 ], [ 332456.520659477449954, 5536309.40555103123188 ], [ 332456.487925905734301, 5536309.407553106546402 ], [ 332456.455232260283083, 5536309.410126157104969 ], [ 332456.422588500659913, 5536309.413269393146038 ], [ 332456.390004569198936, 5536309.416981860995293 ], [ 332456.357490392401814, 5536309.421262435615063 ], [ 332456.325055873952806, 5536309.426109805703163 ], [ 332456.292710893321782, 5536309.431522503495216 ], [ 332456.260465304367244, 5536309.437498860061169 ], [ 332456.22832892742008, 5536309.444037087261677 ], [ 332456.196311553474516, 5536309.451135165989399 ], [ 332456.164422934409231, 5536309.458790950477123 ], [ 332456.132672783918679, 5536309.467002086341381 ], [ 332456.101070773322135, 5536309.475766099989414 ], [ 332456.069626528769732, 5536309.485080309212208 ], [ 332456.038349629379809, 5536309.494941882789135 ], [ 332456.007249600719661, 5536309.505347810685635 ], [ 332455.976335917599499, 5536309.516294918954372 ], [ 332455.945617996621877, 5536309.527779877185822 ], [ 332455.915105193853378, 5536309.539799191057682 ], [ 332455.884806804358959, 5536309.5523491948843 ], [ 332455.854732057079673, 5536309.565426059067249 ], [ 332455.824890113435686, 5536309.579025819897652 ], [ 332455.795290063135326, 5536309.593144319951534 ], [ 332455.765940923243761, 5536309.607777260243893 ], [ 332455.736851633060724, 5536309.62292018532753 ], [ 332455.708031054120511, 5536309.638568490743637 ], [ 332455.67948796460405, 5536309.654717393219471 ], [ 332455.65123106027022, 5536309.671361975371838 ], [ 332455.623268947005272, 5536309.688497178256512 ], [ 332455.595610143616796, 5536309.706117786467075 ], [ 332455.56826307438314, 5536309.724218413233757 ], [ 332455.541236070450395, 5536309.742793567478657 ], [ 332455.514537362847477, 5536309.761837564408779 ], [ 332455.488175085745752, 5536309.781344614923 ], [ 332455.462157269008458, 5536309.801308795809746 ], [ 332455.436491837725043, 5536309.821723997592926 ], [ 332455.411186609882861, 5536309.842584021389484 ], [ 332455.386249293573201, 5536309.863882496953011 ], [ 332455.36168748466298, 5536309.885612957179546 ], [ 332455.337508666329086, 5536309.907768756151199 ], [ 332455.313720202073455, 5536309.930343173444271 ], [ 332455.29032933851704, 5536309.953329309821129 ], [ 332455.267343200743198, 5536309.976720169186592 ], [ 332455.244768791366369, 5536310.000508636236191 ], [ 332455.222612985875458, 5536310.024687454104424 ], [ 332455.200882533099502, 5536310.049249261617661 ], [ 332455.179584053345025, 5536310.074186578392982 ], [ 332455.158724032808095, 5536310.099491804838181 ], [ 332455.138308826833963, 5536310.125157229602337 ], [ 332455.11834465386346, 5536310.151175059378147 ], [ 332455.098837594967335, 5536310.177537329494953 ], [ 332455.079793592449278, 5536310.204236038029194 ], [ 332455.061218447051942, 5536310.231263041496277 ], [ 332455.043117817025632, 5536310.258610107004642 ], [ 332455.025497215799987, 5536310.286268912255764 ], [ 332455.008362010587007, 5536310.314231030642986 ], [ 332454.991717421915382, 5536310.342487931251526 ], [ 332454.975568518973887, 5536310.371031023561954 ], [ 332454.959920221474022, 5536310.399851597845554 ], [ 332454.944777295459062, 5536310.428940892219543 ], [ 332454.93014435376972, 5536310.458290033042431 ], [ 332454.916025854181498, 5536310.487890087068081 ], [ 332454.902426097076386, 5536310.51773202419281 ], [ 332454.889349224511534, 5536310.547806769609451 ], [ 332454.876799221150577, 5536310.578105166554451 ], [ 332454.8647799086757, 5536310.608617968857288 ], [ 332454.853294947650284, 5536310.639335885643959 ], [ 332454.842347838450223, 5536310.670249573886395 ], [ 332454.831941914744675, 5536310.701349601149559 ], [ 332454.822080346290022, 5536310.732626490294933 ], [ 332454.812766136601567, 5536310.764070741832256 ], [ 332454.804002123419195, 5536310.795672751963139 ], [ 332454.795790976379067, 5536310.82742290943861 ], [ 332454.788135196082294, 5536310.859311521053314 ], [ 332454.781037115491927, 5536310.891328901052475 ], [ 332454.774498895276338, 5536310.923465266823769 ], [ 332454.768522528931499, 5536310.955710858106613 ], [ 332454.763109835330397, 5536310.988055847585201 ], [ 332454.758262463845313, 5536311.020490363240242 ], [ 332454.753981891553849, 5536311.053004540503025 ], [ 332454.750269421376288, 5536311.085588462650776 ], [ 332454.747126184403896, 5536311.118232227861881 ], [ 332454.744553139433265, 5536311.150925874710083 ], [ 332454.742551067844033, 5536311.183659441769123 ], [ 332454.741120581980795, 5536311.216422975063324 ], [ 332454.740262115839869, 5536311.249206468462944 ], [ 332454.739975931122899, 5536311.281999967992306 ] ] ] ] } },
{ "type": "Feature", "properties": { "fid": 3, "WELL_ID": "3", "Layer": null }, "geometry": { "type": "MultiPolygon", "coordinates": [ [ [ [ 332460.726136291399598, 5536573.402857728302479 ], [ 332460.726422476116568, 5536573.435651227831841 ], [ 332460.727280942257494, 5536573.468434721231461 ], [ 332460.728711428586394, 5536573.501198254525661 ], [ 332460.730713500175625, 5536573.533931821584702 ], [ 332460.733286545146257, 5536573.566625468432903 ], [ 332460.736429782118648, 5536573.599269233644009 ], [ 332460.740142251830548, 5536573.631853155791759 ], [ 332460.744422824587673, 5536573.664367333054543 ], [ 332460.749270195607096, 5536573.696801848709583 ], [ 332460.754682889208198, 5536573.729146838188171 ], [ 332460.760659256018698, 5536573.761392429471016 ], [ 332460.767197475768626, 5536573.79352879524231 ], [ 332460.774295556358993, 5536573.82554617524147 ], [ 332460.781951337121427, 5536573.857434786856174 ], [ 332460.790162483695894, 5536573.889184936881065 ], [ 332460.798926497343928, 5536573.920786954462528 ], [ 332460.808240706566721, 5536573.952231198549271 ], [ 332460.818102275487036, 5536573.983508095145226 ], [ 332460.828508199192584, 5536574.01460812240839 ], [ 332460.839455308392644, 5536574.045521810650826 ], [ 332460.850940268952399, 5536574.076239727437496 ], [ 332460.862959581427276, 5536574.106752529740334 ], [ 332460.875509584788233, 5536574.137050926685333 ], [ 332460.888586457353085, 5536574.167125672101974 ], [ 332460.902186214458197, 5536574.196967609226704 ], [ 332460.91630471451208, 5536574.226567663252354 ], [ 332460.930937655735761, 5536574.255916804075241 ], [ 332460.946080581750721, 5536574.28500609099865 ], [ 332460.961728879716247, 5536574.31382667273283 ], [ 332460.977877782657743, 5536574.342369765043259 ], [ 332460.994522370863706, 5536574.370626665651798 ], [ 332461.011657576076686, 5536574.398588784039021 ], [ 332461.029278177302331, 5536574.426247589290142 ], [ 332461.047378807794303, 5536574.453594654798508 ], [ 332461.065953953191638, 5536574.480621658265591 ], [ 332461.084997955709696, 5536574.507320359349251 ], [ 332461.104505014140159, 5536574.533682636916637 ], [ 332461.124469187576324, 5536574.559700459241867 ], [ 332461.144884393084794, 5536574.585365891456604 ], [ 332461.165744413621724, 5536574.610671117901802 ], [ 332461.187042893376201, 5536574.635608434677124 ], [ 332461.208773346617818, 5536574.660170242190361 ], [ 332461.230929151643068, 5536574.684349060058594 ], [ 332461.253503561485559, 5536574.708137527108192 ], [ 332461.276489698793739, 5536574.731528386473656 ], [ 332461.299880562350154, 5536574.754514522850513 ], [ 332461.323669026605785, 5536574.777088940143585 ], [ 332461.34784784540534, 5536574.799244739115238 ], [ 332461.3724096538499, 5536574.820975199341774 ], [ 332461.397346970625222, 5536574.8422736749053 ], [ 332461.422652198467404, 5536574.863133698701859 ], [ 332461.448317629750818, 5536574.883548900485039 ], [ 332461.474335446488112, 5536574.903513073921204 ], [ 332461.500697723589838, 5536574.923020131886005 ], [ 332461.527396430727094, 5536574.942064128816128 ], [ 332461.5544234351255, 5536574.960639283061028 ], [ 332461.581770504359156, 5536574.978739909827709 ], [ 332461.609429307747632, 5536574.996360510587692 ], [ 332461.637391420546919, 5536575.013495720922947 ], [ 332461.665648325812072, 5536575.030140303075314 ], [ 332461.694191414862871, 5536575.046289205551147 ], [ 332461.723011993337423, 5536575.061937510967255 ], [ 332461.752101283986121, 5536575.077080436050892 ], [ 332461.781450423877686, 5536575.09171337634325 ], [ 332461.811050474178046, 5536575.105831876397133 ], [ 332461.840892417822033, 5536575.119431629776955 ], [ 332461.870967164635658, 5536575.132508501410484 ], [ 332461.901265554595739, 5536575.145058505237103 ], [ 332461.931778357364237, 5536575.157077819108963 ], [ 332461.962496277876198, 5536575.168562777340412 ], [ 332461.993409961462021, 5536575.17950988560915 ], [ 332462.024509989656508, 5536575.18991581350565 ], [ 332462.055786889046431, 5536575.199777379631996 ], [ 332462.087231133598834, 5536575.20909158885479 ], [ 332462.118833144195378, 5536575.217855609953403 ], [ 332462.150583295151591, 5536575.226066745817661 ], [ 332462.182471914216876, 5536575.233722530305386 ], [ 332462.21448928816244, 5536575.240820609033108 ], [ 332462.246625664643943, 5536575.247358828783035 ], [ 332462.278871253598481, 5536575.253335192799568 ], [ 332462.311216234229505, 5536575.258747890591621 ], [ 332462.343650752678514, 5536575.263595260679722 ], [ 332462.376164929941297, 5536575.267875835299492 ], [ 332462.408748860936612, 5536575.271588303148746 ], [ 332462.441392620559782, 5536575.274731539189816 ], [ 332462.474086266011, 5536575.277304589748383 ], [ 332462.506819837726653, 5536575.279306665062904 ], [ 332462.539583364967257, 5536575.280737146735191 ], [ 332462.572366867214441, 5536575.28159561008215 ], [ 332462.605160359293222, 5536575.281881794333458 ], [ 332462.637953851372004, 5536575.28159561008215 ], [ 332462.670737353619188, 5536575.280737146735191 ], [ 332462.703500880859792, 5536575.279306665062904 ], [ 332462.736234452109784, 5536575.277304589748383 ], [ 332462.768928097561002, 5536575.274731539189816 ], [ 332462.801571857184172, 5536575.271588303148746 ], [ 332462.834155788645148, 5536575.267875835299492 ], [ 332462.86666996544227, 5536575.263595260679722 ], [ 332462.899104483891279, 5536575.258747890591621 ], [ 332462.931449464522302, 5536575.253335192799568 ], [ 332462.963695053942502, 5536575.247358828783035 ], [ 332462.995831430424005, 5536575.240820609033108 ], [ 332463.027848804369569, 5536575.233722530305386 ], [ 332463.059737423434854, 5536575.226066745817661 ], [ 332463.091487573925406, 5536575.217855609953403 ], [ 332463.123089584987611, 5536575.20909158885479 ], [ 332463.154533829540014, 5536575.199777379631996 ], [ 332463.185810728464276, 5536575.18991581350565 ], [ 332463.216910757124424, 5536575.17950988560915 ], [ 332463.247824440244585, 5536575.168562777340412 ], [ 332463.278542361222208, 5536575.157077819108963 ], [ 332463.309055163990706, 5536575.145058505237103 ], [ 332463.339353553950787, 5536575.132508501410484 ], [ 332463.369428300764412, 5536575.119431629776955 ], [ 332463.399270244408399, 5536575.105831876397133 ], [ 332463.428870294708759, 5536575.09171337634325 ], [ 332463.458219434600323, 5536575.077080436050892 ], [ 332463.487308725249022, 5536575.061937510967255 ], [ 332463.516129303723574, 5536575.046289205551147 ], [ 332463.544672393240035, 5536575.030140303075314 ], [ 332463.572929298039526, 5536575.013495720922947 ], [ 332463.600891410838813, 5536574.996360510587692 ], [ 332463.628550214227289, 5536574.978739909827709 ], [ 332463.655897283460945, 5536574.960639283061028 ], [ 332463.68292428785935, 5536574.942064128816128 ], [ 332463.709622994996607, 5536574.923020131886005 ], [ 332463.735985272098333, 5536574.903513073921204 ], [ 332463.762003088835627, 5536574.883548900485039 ], [ 332463.787668520119041, 5536574.863133698701859 ], [ 332463.812973747961223, 5536574.8422736749053 ], [ 332463.837911064736545, 5536574.820975199341774 ], [ 332463.862472873181105, 5536574.799244739115238 ], [ 332463.886651691514999, 5536574.777088940143585 ], [ 332463.91044015577063, 5536574.754514522850513 ], [ 332463.933831019792706, 5536574.731528386473656 ], [ 332463.956817157100886, 5536574.708137527108192 ], [ 332463.979391566943377, 5536574.684349060058594 ], [ 332464.001547371968627, 5536574.660170242190361 ], [ 332464.023277824744582, 5536574.635608434677124 ], [ 332464.044576304964721, 5536574.610671117901802 ], [ 332464.065436325035989, 5536574.585365891456604 ], [ 332464.085851531010121, 5536574.559700459241867 ], [ 332464.105815703980625, 5536574.533682636916637 ], [ 332464.125322762876749, 5536574.507320359349251 ], [ 332464.144366765394807, 5536574.480621658265591 ], [ 332464.162941910792142, 5536574.453594654798508 ], [ 332464.181042541284114, 5536574.426247589290142 ], [ 332464.198663142509758, 5536574.398588784039021 ], [ 332464.215798347257078, 5536574.370626665651798 ], [ 332464.232442935928702, 5536574.342369765043259 ], [ 332464.248591838870198, 5536574.31382667273283 ], [ 332464.264240136835724, 5536574.28500609099865 ], [ 332464.279383062385023, 5536574.255916804075241 ], [ 332464.294016004074365, 5536574.226567663252354 ], [ 332464.308134504128247, 5536574.196967609226704 ], [ 332464.321734260767698, 5536574.167125672101974 ], [ 332464.334811133798212, 5536574.137050926685333 ], [ 332464.347361136693507, 5536574.106752529740334 ], [ 332464.359380449634045, 5536574.076239727437496 ], [ 332464.370865410193801, 5536574.045521810650826 ], [ 332464.381812519393861, 5536574.01460812240839 ], [ 332464.392218443099409, 5536573.983508095145226 ], [ 332464.402080012019724, 5536573.952231198549271 ], [ 332464.411394221242517, 5536573.920786954462528 ], [ 332464.420158234424889, 5536573.889184936881065 ], [ 332464.428369381465018, 5536573.857434786856174 ], [ 332464.436025161761791, 5536573.82554617524147 ], [ 332464.443123242352158, 5536573.79352879524231 ], [ 332464.449661462567747, 5536573.761392429471016 ], [ 332464.455637828912586, 5536573.729146838188171 ], [ 332464.461050522979349, 5536573.696801848709583 ], [ 332464.465897893998772, 5536573.664367333054543 ], [ 332464.470178466755897, 5536573.631853155791759 ], [ 332464.473890936467797, 5536573.599269233644009 ], [ 332464.477034173440188, 5536573.566625468432903 ], [ 332464.47960721841082, 5536573.533931821584702 ], [ 332464.481609290000051, 5536573.501198254525661 ], [ 332464.48303977586329, 5536573.468434721231461 ], [ 332464.483898242469877, 5536573.435651227831841 ], [ 332464.484184426721185, 5536573.402857728302479 ], [ 332464.483898242469877, 5536573.370064236223698 ], [ 332464.48303977586329, 5536573.337280735373497 ], [ 332464.481609290000051, 5536573.304517209529877 ], [ 332464.47960721841082, 5536573.271783642470837 ], [ 332464.477034173440188, 5536573.239089988172054 ], [ 332464.473890936467797, 5536573.20644623041153 ], [ 332464.470178466755897, 5536573.173862300813198 ], [ 332464.465897893998772, 5536573.141348123550415 ], [ 332464.461050522979349, 5536573.108913607895374 ], [ 332464.455637828912586, 5536573.076568618416786 ], [ 332464.449661462567747, 5536573.044323034584522 ], [ 332464.443123242352158, 5536573.012186661362648 ], [ 332464.436025161761791, 5536572.980169281363487 ], [ 332464.428369381465018, 5536572.948280669748783 ], [ 332464.420158234424889, 5536572.916530519723892 ], [ 332464.411394221242517, 5536572.884928502142429 ], [ 332464.402080012019724, 5536572.853484258055687 ], [ 332464.392218443099409, 5536572.822207361459732 ], [ 332464.381812519393861, 5536572.791107334196568 ], [ 332464.370865410193801, 5536572.760193653404713 ], [ 332464.359380449634045, 5536572.729475729167461 ], [ 332464.347361136693507, 5536572.698962926864624 ], [ 332464.334811133798212, 5536572.668664529919624 ], [ 332464.321734260767698, 5536572.638589784502983 ], [ 332464.308134504128247, 5536572.608747847378254 ], [ 332464.294016004074365, 5536572.579147793352604 ], [ 332464.279383062385023, 5536572.549798659980297 ], [ 332464.264240136835724, 5536572.520709365606308 ], [ 332464.248591838870198, 5536572.491888783872128 ], [ 332464.232442935928702, 5536572.463345691561699 ], [ 332464.215798347257078, 5536572.435088790953159 ], [ 332464.198663142509758, 5536572.407126672565937 ], [ 332464.181042541284114, 5536572.379467867314816 ], [ 332464.162941910792142, 5536572.35212080180645 ], [ 332464.144366765394807, 5536572.325093805789948 ], [ 332464.125322762876749, 5536572.298395097255707 ], [ 332464.105815703980625, 5536572.27203281968832 ], [ 332464.085851531010121, 5536572.246014997363091 ], [ 332464.065436325035989, 5536572.220349565148354 ], [ 332464.044576304964721, 5536572.195044338703156 ], [ 332464.023277824744582, 5536572.170107021927834 ], [ 332464.001547371968627, 5536572.145545214414597 ], [ 332463.979391566943377, 5536572.121366403996944 ], [ 332463.956817157100886, 5536572.097577936947346 ], [ 332463.933831019792706, 5536572.074187070131302 ], [ 332463.91044015577063, 5536572.051200933754444 ], [ 332463.886651691514999, 5536572.028626523911953 ], [ 332463.862472873181105, 5536572.006470717489719 ], [ 332463.837911064736545, 5536571.984740257263184 ], [ 332463.812973747961223, 5536571.963441781699657 ], [ 332463.787668520119041, 5536571.942581757903099 ], [ 332463.762003088835627, 5536571.922166556119919 ], [ 332463.735985272098333, 5536571.902202382683754 ], [ 332463.709622994996607, 5536571.882695324718952 ], [ 332463.68292428785935, 5536571.86365132778883 ], [ 332463.655897283460945, 5536571.845076180994511 ], [ 332463.628550214227289, 5536571.826975546777248 ], [ 332463.600891410838813, 5536571.809354946017265 ], [ 332463.572929298039526, 5536571.792219735682011 ], [ 332463.544672392774373, 5536571.775575153529644 ], [ 332463.516129303723574, 5536571.75942625105381 ], [ 332463.487308725249022, 5536571.743777953088284 ], [ 332463.458219434600323, 5536571.728635020554066 ], [ 332463.428870294708759, 5536571.714002080261707 ], [ 332463.399270244408399, 5536571.699883587658405 ], [ 332463.369428300764412, 5536571.686283826828003 ], [ 332463.339353553950787, 5536571.673206955194473 ], [ 332463.309055163990706, 5536571.660656951367855 ], [ 332463.278542361222208, 5536571.648637637495995 ], [ 332463.247824440244585, 5536571.637152679264545 ], [ 332463.216910757124424, 5536571.626205570995808 ], [ 332463.185810728464276, 5536571.615799643099308 ], [ 332463.154533829540014, 5536571.605938076972961 ], [ 332463.123089584987611, 5536571.596623867750168 ], [ 332463.091487573925406, 5536571.587859846651554 ], [ 332463.059737423434854, 5536571.579648710787296 ], [ 332463.027848804369569, 5536571.571992926299572 ], [ 332462.995831430424005, 5536571.56489484757185 ], [ 332462.963695053942502, 5536571.558356627821922 ], [ 332462.931449464522302, 5536571.552380263805389 ], [ 332462.899104483891279, 5536571.546967566013336 ], [ 332462.86666996544227, 5536571.542120195925236 ], [ 332462.834155788645148, 5536571.537839621305466 ], [ 332462.801571857184172, 5536571.534127153456211 ], [ 332462.768928097561002, 5536571.530983917415142 ], [ 332462.736234452109784, 5536571.528410866856575 ], [ 332462.703500880859792, 5536571.526408798992634 ], [ 332462.670737353619188, 5536571.524978309869766 ], [ 332462.637953851372004, 5536571.524119846522808 ], [ 332462.605160359293222, 5536571.5238336622715 ], [ 332462.572366867214441, 5536571.524119846522808 ], [ 332462.539583364967257, 5536571.524978309869766 ], [ 332462.506819837726653, 5536571.526408798992634 ], [ 332462.474086266011, 5536571.528410866856575 ], [ 332462.441392620559782, 5536571.530983917415142 ], [ 332462.408748860936612, 5536571.534127153456211 ], [ 332462.376164929941297, 5536571.537839621305466 ], [ 332462.343650752678514, 5536571.542120195925236 ], [ 332462.311216234229505, 5536571.546967566013336 ], [ 332462.278871253598481, 5536571.552380263805389 ], [ 332462.246625664643943, 5536571.558356627821922 ], [ 332462.21448928816244, 5536571.56489484757185 ], [ 332462.182471914216876, 5536571.571992926299572 ], [ 332462.150583295151591, 5536571.579648710787296 ], [ 332462.118833144195378, 5536571.587859846651554 ], [ 332462.087231133598834, 5536571.596623867750168 ], [ 332462.055786889046431, 5536571.605938076972961 ], [ 332462.024509989656508, 5536571.615799643099308 ], [ 332461.993409961462021, 5536571.626205570995808 ], [ 332461.962496277876198, 5536571.637152679264545 ], [ 332461.931778357364237, 5536571.648637637495995 ], [ 332461.901265554595739, 5536571.660656951367855 ], [ 332461.870967164635658, 5536571.673206955194473 ], [ 332461.840892417822033, 5536571.686283826828003 ], [ 332461.811050474178046, 5536571.699883587658405 ], [ 332461.781450423877686, 5536571.714002080261707 ], [ 332461.752101283986121, 5536571.728635020554066 ], [ 332461.723011993337423, 5536571.743777953088284 ], [ 332461.694191414862871, 5536571.75942625105381 ], [ 332461.665648324880749, 5536571.775575153529644 ], [ 332461.637391420546919, 5536571.792219735682011 ], [ 332461.609429307747632, 5536571.809354946017265 ], [ 332461.581770504359156, 5536571.826975546777248 ], [ 332461.5544234351255, 5536571.845076180994511 ], [ 332461.527396430727094, 5536571.86365132778883 ], [ 332461.500697723589838, 5536571.882695324718952 ], [ 332461.474335446488112, 5536571.902202382683754 ], [ 332461.448317629750818, 5536571.922166556119919 ], [ 332461.422652198467404, 5536571.942581757903099 ], [ 332461.397346970625222, 5536571.963441781699657 ], [ 332461.3724096538499, 5536571.984740257263184 ], [ 332461.34784784540534, 5536572.006470717489719 ], [ 332461.323669026605785, 5536572.028626523911953 ], [ 332461.299880562350154, 5536572.051200933754444 ], [ 332461.276489698793739, 5536572.074187070131302 ], [ 332461.253503561485559, 5536572.097577936947346 ], [ 332461.230929151643068, 5536572.121366403996944 ], [ 332461.208773346617818, 5536572.145545214414597 ], [ 332461.187042893376201, 5536572.170107021927834 ], [ 332461.165744413621724, 5536572.195044338703156 ], [ 332461.144884393084794, 5536572.220349565148354 ], [ 332461.124469187576324, 5536572.246014997363091 ], [ 332461.104505014140159, 5536572.27203281968832 ], [ 332461.084997955709696, 5536572.298395097255707 ], [ 332461.065953953191638, 5536572.325093805789948 ], [ 332461.047378807794303, 5536572.35212080180645 ], [ 332461.029278177302331, 5536572.379467867314816 ], [ 332461.011657576076686, 5536572.407126672565937 ], [ 332460.994522370863706, 5536572.435088790953159 ], [ 332460.977877782657743, 5536572.463345691561699 ], [ 332460.961728879716247, 5536572.491888783872128 ], [ 332460.946080581750721, 5536572.520709365606308 ], [ 332460.930937655735761, 5536572.549798659980297 ], [ 332460.91630471451208, 5536572.579147793352604 ], [ 332460.902186214458197, 5536572.608747847378254 ], [ 332460.888586457353085, 5536572.638589784502983 ], [ 332460.875509584788233, 5536572.668664529919624 ], [ 332460.862959581427276, 5536572.698962926864624 ], [ 332460.850940268952399, 5536572.729475729167461 ], [ 332460.839455308392644, 5536572.760193653404713 ], [ 332460.828508199192584, 5536572.791107334196568 ], [ 332460.818102275487036, 5536572.822207361459732 ], [ 332460.808240706566721, 5536572.853484258055687 ], [ 332460.798926497343928, 5536572.884928502142429 ], [ 332460.790162483695894, 5536572.916530519723892 ], [ 332460.781951337121427, 5536572.948280669748783 ], [ 332460.774295556358993, 5536572.980169281363487 ], [ 332460.767197475768626, 5536573.012186661362648 ], [ 332460.760659256018698, 5536573.044323034584522 ], [ 332460.754682889208198, 5536573.076568618416786 ], [ 332460.749270195607096, 5536573.108913607895374 ], [ 332460.744422824587673, 5536573.141348123550415 ], [ 332460.740142251830548, 5536573.173862300813198 ], [ 332460.736429782118648, 5536573.20644623041153 ], [ 332460.733286545146257, 5536573.239089988172054 ], [ 332460.730713500175625, 5536573.271783642470837 ], [ 332460.728711428586394, 5536573.304517209529877 ], [ 332460.727280942257494, 5536573.337280735373497 ], [ 332460.726422476116568, 5536573.370064236223698 ], [ 332460.726136291399598, 5536573.402857728302479 ] ] ] ] } },
{ "type": "Feature", "properties": { "fid": 4, "WELL_ID": "5", "Layer": null }, "geometry": { "type": "MultiPolygon", "coordinates": [ [ [ [ 332675.795975929591805, 5536722.297999933362007 ], [ 332675.796262114308774, 5536722.330793432891369 ], [ 332675.797120580915362, 5536722.363576926290989 ], [ 332675.7985510667786, 5536722.39634045958519 ], [ 332675.800553138367832, 5536722.42907402664423 ], [ 332675.803126183338463, 5536722.461767673492432 ], [ 332675.806269420310855, 5536722.494411438703537 ], [ 332675.809981890022755, 5536722.526995360851288 ], [ 332675.81426246277988, 5536722.559509538114071 ], [ 332675.819109833799303, 5536722.591944053769112 ], [ 332675.824522527400404, 5536722.6242890432477 ], [ 332675.830498894210905, 5536722.656534634530544 ], [ 332675.837037113960832, 5536722.688671000301838 ], [ 332675.844135195016861, 5536722.720688380300999 ], [ 332675.851790975313634, 5536722.752576991915703 ], [ 332675.860002122353762, 5536722.784327149391174 ], [ 332675.868766135536134, 5536722.815929159522057 ], [ 332675.878080345224589, 5536722.84737341105938 ], [ 332675.887941913679242, 5536722.878650300204754 ], [ 332675.89834783738479, 5536722.909750327467918 ], [ 332675.909294946584851, 5536722.940664015710354 ], [ 332675.920779907144606, 5536722.971381932497025 ], [ 332675.932799220085144, 5536723.001894734799862 ], [ 332675.94534922298044, 5536723.032193131744862 ], [ 332675.958426096010953, 5536723.062267877161503 ], [ 332675.972025852650404, 5536723.092109814286232 ], [ 332675.986144352704287, 5536723.121709868311882 ], [ 332676.000777294393629, 5536723.151059009134769 ], [ 332676.015920220408589, 5536723.180148303508759 ], [ 332676.031568517908454, 5536723.208968877792358 ], [ 332676.047717420849949, 5536723.237511970102787 ], [ 332676.064362009521574, 5536723.265768870711327 ], [ 332676.081497214268893, 5536723.293730989098549 ], [ 332676.099117815960199, 5536723.32138979434967 ], [ 332676.117218445986509, 5536723.348736859858036 ], [ 332676.135793591383845, 5536723.375763863325119 ], [ 332676.154837593901902, 5536723.40246257185936 ], [ 332676.174344652798027, 5536723.428824841976166 ], [ 332676.19430882576853, 5536723.454842671751976 ], [ 332676.214724031742662, 5536723.480508096516132 ], [ 332676.23558405181393, 5536723.50581332296133 ], [ 332676.256882532034069, 5536723.530750639736652 ], [ 332676.278612984810024, 5536723.555312447249889 ], [ 332676.300768790300936, 5536723.579491265118122 ], [ 332676.323343199677765, 5536723.603279732167721 ], [ 332676.346329336985946, 5536723.626670591533184 ], [ 332676.369720201008022, 5536723.649656727910042 ], [ 332676.393508664797992, 5536723.672231145203114 ], [ 332676.417687483597547, 5536723.694386944174767 ], [ 332676.442249292042106, 5536723.716117404401302 ], [ 332676.467186608817428, 5536723.737415879964828 ], [ 332676.49249183665961, 5536723.758275903761387 ], [ 332676.518157267943025, 5536723.778691105544567 ], [ 332676.544175084680319, 5536723.798655286431313 ], [ 332676.570537361782044, 5536723.818162336945534 ], [ 332676.597236068919301, 5536723.837206333875656 ], [ 332676.624263073317707, 5536723.855781488120556 ], [ 332676.651610142551363, 5536723.873882114887238 ], [ 332676.679268945939839, 5536723.891502723097801 ], [ 332676.707231059204787, 5536723.908637925982475 ], [ 332676.735487964004278, 5536723.925282508134842 ], [ 332676.764031053055078, 5536723.941431410610676 ], [ 332676.792851631529629, 5536723.957079716026783 ], [ 332676.821940922178328, 5536723.97222264111042 ], [ 332676.851290062069893, 5536723.986855581402779 ], [ 332676.880890112370253, 5536724.000974081456661 ], [ 332676.91073205601424, 5536724.014573842287064 ], [ 332676.940806802827865, 5536724.027650706470013 ], [ 332676.971105192787945, 5536724.040200710296631 ], [ 332677.001617995556444, 5536724.052220024168491 ], [ 332677.032335916534066, 5536724.06370498239994 ], [ 332677.063249599654227, 5536724.074652090668678 ], [ 332677.094349627848715, 5536724.085058018565178 ], [ 332677.125626527238637, 5536724.094919592142105 ], [ 332677.157070771791041, 5536724.104233801364899 ], [ 332677.188672782387584, 5536724.112997815012932 ], [ 332677.220422933343798, 5536724.12120895087719 ], [ 332677.252311552409083, 5536724.128864735364914 ], [ 332677.284328926354647, 5536724.135962814092636 ], [ 332677.31646530283615, 5536724.142501041293144 ], [ 332677.348710892256349, 5536724.148477397859097 ], [ 332677.381055872421712, 5536724.15389009565115 ], [ 332677.413490391336381, 5536724.15873746573925 ], [ 332677.446004568133503, 5536724.16301804035902 ], [ 332677.47858849959448, 5536724.166730508208275 ], [ 332677.51123225921765, 5536724.169873744249344 ], [ 332677.543925904203206, 5536724.172446794807911 ], [ 332677.576659475918859, 5536724.174448870122433 ], [ 332677.609423003159463, 5536724.17587935179472 ], [ 332677.642206505406648, 5536724.176737815141678 ], [ 332677.674999997485429, 5536724.177023999392986 ], [ 332677.70779348956421, 5536724.176737815141678 ], [ 332677.740576991811395, 5536724.17587935179472 ], [ 332677.773340519051999, 5536724.174448870122433 ], [ 332677.806074090767652, 5536724.172446794807911 ], [ 332677.83876773621887, 5536724.169873744249344 ], [ 332677.871411495376378, 5536724.166730508208275 ], [ 332677.903995426837355, 5536724.16301804035902 ], [ 332677.936509604100138, 5536724.15873746573925 ], [ 332677.968944122549146, 5536724.15389009565115 ], [ 332678.001289102714509, 5536724.148477397859097 ], [ 332678.033534692134708, 5536724.142501041293144 ], [ 332678.065671068616211, 5536724.135962814092636 ], [ 332678.097688442561775, 5536724.128864735364914 ], [ 332678.12957706162706, 5536724.12120895087719 ], [ 332678.161327212583274, 5536724.112997815012932 ], [ 332678.192929223179817, 5536724.104233801364899 ], [ 332678.224373467732221, 5536724.094919592142105 ], [ 332678.255650367122144, 5536724.085058018565178 ], [ 332678.286750395316631, 5536724.074652090668678 ], [ 332678.317664078902453, 5536724.06370498239994 ], [ 332678.348381999414414, 5536724.052220024168491 ], [ 332678.378894802182913, 5536724.040200710296631 ], [ 332678.409193192142993, 5536724.027650706470013 ], [ 332678.439267938956618, 5536724.014573842287064 ], [ 332678.469109882600605, 5536724.000974081456661 ], [ 332678.498709932900965, 5536723.986855581402779 ], [ 332678.52805907279253, 5536723.97222264111042 ], [ 332678.557148363441229, 5536723.957079716026783 ], [ 332678.58596894191578, 5536723.941431410610676 ], [ 332678.614512031897902, 5536723.925282508134842 ], [ 332678.642768936231732, 5536723.908637925982475 ], [ 332678.670731049031019, 5536723.891502723097801 ], [ 332678.698389852419496, 5536723.873882114887238 ], [ 332678.725736922118813, 5536723.855781488120556 ], [ 332678.752763926051557, 5536723.837206333875656 ], [ 332678.779462633188814, 5536723.818162336945534 ], [ 332678.805824910290539, 5536723.798655286431313 ], [ 332678.831842727027833, 5536723.778691105544567 ], [ 332678.857508158311248, 5536723.758275903761387 ], [ 332678.88281338615343, 5536723.737415879964828 ], [ 332678.907750702928752, 5536723.716117404401302 ], [ 332678.932312511373311, 5536723.694386944174767 ], [ 332678.956491330172867, 5536723.672231145203114 ], [ 332678.980279794428498, 5536723.649656727910042 ], [ 332679.003670657984912, 5536723.626670591533184 ], [ 332679.026656795293093, 5536723.603279732167721 ], [ 332679.049231205135584, 5536723.579491265118122 ], [ 332679.071387010160834, 5536723.555312447249889 ], [ 332679.093117462936789, 5536723.530750639736652 ], [ 332679.114415943156928, 5536723.50581332296133 ], [ 332679.135275963693857, 5536723.480508096516132 ], [ 332679.155691169667989, 5536723.454842671751976 ], [ 332679.175655342638493, 5536723.428824841976166 ], [ 332679.195162401068956, 5536723.40246257185936 ], [ 332679.214206403587013, 5536723.375763863325119 ], [ 332679.23278154945001, 5536723.348736859858036 ], [ 332679.250882179476321, 5536723.32138979434967 ], [ 332679.268502780701965, 5536723.293730989098549 ], [ 332679.285637985914946, 5536723.265768870711327 ], [ 332679.302282574120909, 5536723.237511970102787 ], [ 332679.318431477062404, 5536723.208968877792358 ], [ 332679.334079775027931, 5536723.180148303508759 ], [ 332679.349222701042891, 5536723.151059009134769 ], [ 332679.363855642266572, 5536723.121709868311882 ], [ 332679.377974142320454, 5536723.092109814286232 ], [ 332679.391573899425566, 5536723.062267877161503 ], [ 332679.404650771990418, 5536723.032193131744862 ], [ 332679.417200775351375, 5536723.001894734799862 ], [ 332679.429220087826252, 5536722.971381932497025 ], [ 332679.440705048386008, 5536722.940664015710354 ], [ 332679.451652157586068, 5536722.909750327467918 ], [ 332679.462058081291616, 5536722.878650300204754 ], [ 332679.47191965021193, 5536722.84737341105938 ], [ 332679.481233859434724, 5536722.815929159522057 ], [ 332679.489997872617096, 5536722.784327149391174 ], [ 332679.498209019657224, 5536722.752576991915703 ], [ 332679.505864800419658, 5536722.720688380300999 ], [ 332679.512962881010026, 5536722.688671000301838 ], [ 332679.519501100759953, 5536722.656534634530544 ], [ 332679.525477467570454, 5536722.6242890432477 ], [ 332679.530890161171556, 5536722.591944053769112 ], [ 332679.53573753265664, 5536722.559509538114071 ], [ 332679.540018104948103, 5536722.526995360851288 ], [ 332679.543730575125664, 5536722.494411438703537 ], [ 332679.546873811632395, 5536722.461767673492432 ], [ 332679.549446856603026, 5536722.42907402664423 ], [ 332679.551448928192258, 5536722.39634045958519 ], [ 332679.552879414521158, 5536722.363576926290989 ], [ 332679.553737880662084, 5536722.330793432891369 ], [ 332679.554024065379053, 5536722.297999933362007 ], [ 332679.553737880662084, 5536722.265206441283226 ], [ 332679.552879414521158, 5536722.232422940433025 ], [ 332679.551448928192258, 5536722.199659414589405 ], [ 332679.549446856603026, 5536722.166925847530365 ], [ 332679.546873811632395, 5536722.134232193231583 ], [ 332679.543730575125664, 5536722.101588435471058 ], [ 332679.540018104948103, 5536722.069004505872726 ], [ 332679.53573753265664, 5536722.036490328609943 ], [ 332679.530890161171556, 5536722.004055812954903 ], [ 332679.525477467570454, 5536721.971710823476315 ], [ 332679.519501100759953, 5536721.939465239644051 ], [ 332679.512962881010026, 5536721.907328866422176 ], [ 332679.505864800419658, 5536721.875311493873596 ], [ 332679.498209019657224, 5536721.843422874808311 ], [ 332679.489997872617096, 5536721.811672724783421 ], [ 332679.481233859434724, 5536721.780070707201958 ], [ 332679.47191965021193, 5536721.748626463115215 ], [ 332679.462058081291616, 5536721.717349573969841 ], [ 332679.451652157586068, 5536721.686249539256096 ], [ 332679.440705048386008, 5536721.655335858464241 ], [ 332679.429220087826252, 5536721.62461793422699 ], [ 332679.417200775351375, 5536721.594105131924152 ], [ 332679.404650771990418, 5536721.563806742429733 ], [ 332679.391573899425566, 5536721.533731989562511 ], [ 332679.377974142320454, 5536721.503890052437782 ], [ 332679.363855642266572, 5536721.474289998412132 ], [ 332679.349222701042891, 5536721.444940865039825 ], [ 332679.334079775027931, 5536721.415851570665836 ], [ 332679.318431477062404, 5536721.387030988931656 ], [ 332679.302282574120909, 5536721.358487896621227 ], [ 332679.285637985914946, 5536721.330230996012688 ], [ 332679.268502780701965, 5536721.302268877625465 ], [ 332679.250882179476321, 5536721.274610072374344 ], [ 332679.23278154945001, 5536721.247263014316559 ], [ 332679.214206403587013, 5536721.220236010849476 ], [ 332679.195162401068956, 5536721.193537302315235 ], [ 332679.175655342638493, 5536721.167175024747849 ], [ 332679.155691169667989, 5536721.141157202422619 ], [ 332679.135275963693857, 5536721.115491770207882 ], [ 332679.114415943156928, 5536721.090186551213264 ], [ 332679.093117462936789, 5536721.065249226987362 ], [ 332679.071387010160834, 5536721.040687419474125 ], [ 332679.049231205135584, 5536721.016508609056473 ], [ 332679.026656795293093, 5536720.992720142006874 ], [ 332679.003670657984912, 5536720.96932927519083 ], [ 332678.980279794428498, 5536720.946343138813972 ], [ 332678.956491330172867, 5536720.923768728971481 ], [ 332678.932312511373311, 5536720.901612922549248 ], [ 332678.907750702928752, 5536720.879882462322712 ], [ 332678.88281338615343, 5536720.858583986759186 ], [ 332678.857508158311248, 5536720.837723970413208 ], [ 332678.831842727027833, 5536720.817308761179447 ], [ 332678.805824910290539, 5536720.797344587743282 ], [ 332678.779462633188814, 5536720.777837529778481 ], [ 332678.752763926051557, 5536720.758793532848358 ], [ 332678.725736922118813, 5536720.740218386054039 ], [ 332678.698389852419496, 5536720.722117751836777 ], [ 332678.670731049031019, 5536720.704497151076794 ], [ 332678.642768936231732, 5536720.687361940741539 ], [ 332678.61451203096658, 5536720.670717358589172 ], [ 332678.58596894191578, 5536720.654568456113338 ], [ 332678.557148363441229, 5536720.638920158147812 ], [ 332678.52805907279253, 5536720.623777225613594 ], [ 332678.498709932900965, 5536720.609144285321236 ], [ 332678.469109882600605, 5536720.595025792717934 ], [ 332678.439267938956618, 5536720.581426031887531 ], [ 332678.409193192142993, 5536720.568349160254002 ], [ 332678.378894802182913, 5536720.555799156427383 ], [ 332678.348381999414414, 5536720.543779850006104 ], [ 332678.317664078902453, 5536720.532294884324074 ], [ 332678.286750395316631, 5536720.521347776055336 ], [ 332678.255650367122144, 5536720.510941848158836 ], [ 332678.224373467732221, 5536720.50108028203249 ], [ 332678.192929223179817, 5536720.491766072809696 ], [ 332678.161327212583274, 5536720.483002051711082 ], [ 332678.12957706162706, 5536720.474790915846825 ], [ 332678.097688442561775, 5536720.4671351313591 ], [ 332678.065671068616211, 5536720.460037052631378 ], [ 332678.033534692134708, 5536720.453498832881451 ], [ 332678.001289102714509, 5536720.447522468864918 ], [ 332677.968944122549146, 5536720.442109771072865 ], [ 332677.936509604100138, 5536720.437262400984764 ], [ 332677.903995426837355, 5536720.432981826364994 ], [ 332677.871411495376378, 5536720.429269358515739 ], [ 332677.83876773621887, 5536720.42612612247467 ], [ 332677.806074090767652, 5536720.423553071916103 ], [ 332677.773340519051999, 5536720.421551004052162 ], [ 332677.740576991811395, 5536720.420120514929295 ], [ 332677.70779348956421, 5536720.419262051582336 ], [ 332677.674999997485429, 5536720.418975874781609 ], [ 332677.642206505406648, 5536720.419262051582336 ], [ 332677.609423003159463, 5536720.420120514929295 ], [ 332677.576659475918859, 5536720.421551004052162 ], [ 332677.543925904203206, 5536720.423553071916103 ], [ 332677.51123225921765, 5536720.42612612247467 ], [ 332677.47858849959448, 5536720.429269358515739 ], [ 332677.446004568133503, 5536720.432981826364994 ], [ 332677.413490391336381, 5536720.437262400984764 ], [ 332677.381055872421712, 5536720.442109771072865 ], [ 332677.348710892256349, 5536720.447522468864918 ], [ 332677.31646530283615, 5536720.453498832881451 ], [ 332677.284328926354647, 5536720.460037052631378 ], [ 332677.252311552409083, 5536720.4671351313591 ], [ 332677.220422933343798, 5536720.474790915846825 ], [ 332677.188672782387584, 5536720.483002051711082 ], [ 332677.157070771791041, 5536720.491766072809696 ], [ 332677.125626527238637, 5536720.50108028203249 ], [ 332677.094349627848715, 5536720.510941848158836 ], [ 332677.063249599654227, 5536720.521347776055336 ], [ 332677.032335916534066, 5536720.532294884324074 ], [ 332677.001617995556444, 5536720.543779850006104 ], [ 332676.971105192787945, 5536720.555799156427383 ], [ 332676.940806802827865, 5536720.568349160254002 ], [ 332676.91073205601424, 5536720.581426031887531 ], [ 332676.880890112370253, 5536720.595025792717934 ], [ 332676.851290062069893, 5536720.609144285321236 ], [ 332676.821940922178328, 5536720.623777225613594 ], [ 332676.792851631529629, 5536720.638920158147812 ], [ 332676.764031053055078, 5536720.654568456113338 ], [ 332676.735487963538617, 5536720.670717358589172 ], [ 332676.707231059204787, 5536720.687361940741539 ], [ 332676.679268945939839, 5536720.704497151076794 ], [ 332676.651610142551363, 5536720.722117751836777 ], [ 332676.624263073317707, 5536720.740218386054039 ], [ 332676.597236068919301, 5536720.758793532848358 ], [ 332676.570537361782044, 5536720.777837529778481 ], [ 332676.544175084680319, 5536720.797344587743282 ], [ 332676.518157267943025, 5536720.817308761179447 ], [ 332676.49249183665961, 5536720.837723970413208 ], [ 332676.467186608817428, 5536720.858583986759186 ], [ 332676.442249292042106, 5536720.879882462322712 ], [ 332676.417687483597547, 5536720.901612922549248 ], [ 332676.393508664797992, 5536720.923768728971481 ], [ 332676.369720201008022, 5536720.946343138813972 ], [ 332676.346329336985946, 5536720.96932927519083 ], [ 332676.323343199677765, 5536720.992720142006874 ], [ 332676.300768790300936, 5536721.016508609056473 ], [ 332676.278612984810024, 5536721.040687419474125 ], [ 332676.256882532034069, 5536721.065249226987362 ], [ 332676.23558405181393, 5536721.090186551213264 ], [ 332676.214724031742662, 5536721.115491770207882 ], [ 332676.19430882576853, 5536721.141157202422619 ], [ 332676.174344652798027, 5536721.167175024747849 ], [ 332676.154837593901902, 5536721.193537302315235 ], [ 332676.135793591383845, 5536721.220236010849476 ], [ 332676.117218445986509, 5536721.247263014316559 ], [ 332676.099117815960199, 5536721.274610072374344 ], [ 332676.081497214268893, 5536721.302268877625465 ], [ 332676.064362009521574, 5536721.330230996012688 ], [ 332676.047717420849949, 5536721.358487896621227 ], [ 332676.031568517908454, 5536721.387030988931656 ], [ 332676.015920220408589, 5536721.415851570665836 ], [ 332676.000777294393629, 5536721.444940865039825 ], [ 332675.986144352704287, 5536721.474289998412132 ], [ 332675.972025852650404, 5536721.503890052437782 ], [ 332675.958426096010953, 5536721.533731989562511 ], [ 332675.94534922298044, 5536721.563806742429733 ], [ 332675.932799220085144, 5536721.594105131924152 ], [ 332675.920779907144606, 5536721.62461793422699 ], [ 332675.909294946584851, 5536721.655335858464241 ], [ 332675.89834783738479, 5536721.686249539256096 ], [ 332675.887941913679242, 5536721.717349573969841 ], [ 332675.878080345224589, 5536721.748626463115215 ], [ 332675.868766135536134, 5536721.780070707201958 ], [ 332675.860002122353762, 5536721.811672724783421 ], [ 332675.851790975313634, 5536721.843422874808311 ], [ 332675.844135195016861, 5536721.875311493873596 ], [ 332675.837037113960832, 5536721.907328866422176 ], [ 332675.830498894210905, 5536721.939465239644051 ], [ 332675.824522527400404, 5536721.971710823476315 ], [ 332675.819109833799303, 5536722.004055812954903 ], [ 332675.81426246277988, 5536722.036490328609943 ], [ 332675.809981890022755, 5536722.069004505872726 ], [ 332675.806269420310855, 5536722.101588435471058 ], [ 332675.803126183338463, 5536722.134232193231583 ], [ 332675.800553138367832, 5536722.166925847530365 ], [ 332675.7985510667786, 5536722.199659414589405 ], [ 332675.797120580915362, 5536722.232422940433025 ], [ 332675.796262114308774, 5536722.265206441283226 ], [ 332675.795975929591805, 5536722.297999933362007 ] ] ] ] } },
{ "type": "Feature", "properties": { "fid": 5, "WELL_ID": "8", "Layer": null }, "geometry": { "type": "MultiPolygon", "coordinates": [ [ [ [ 332693.490729437675327, 5536459.966255865991116 ], [ 332693.491015622392297, 5536459.999049365520477 ], [ 332693.491874088533223, 5536460.031832858920097 ], [ 332693.493304574396461, 5536460.064596392214298 ], [ 332693.495306645985693, 5536460.097329951822758 ], [ 332693.497879690956324, 5536460.13002360612154 ], [ 332693.501022927928716, 5536460.162667371332645 ], [ 332693.504735398106277, 5536460.195251293480396 ], [ 332693.509015970397741, 5536460.227765470743179 ], [ 332693.513863341882825, 5536460.26019998639822 ], [ 332693.519276035483927, 5536460.292544975876808 ], [ 332693.525252402294427, 5536460.324790559709072 ], [ 332693.531790622044355, 5536460.356926932930946 ], [ 332693.538888702634722, 5536460.388944312930107 ], [ 332693.546544482931495, 5536460.420832924544811 ], [ 332693.554755629971623, 5536460.452583074569702 ], [ 332693.563519643153995, 5536460.484185092151165 ], [ 332693.57283385284245, 5536460.515629336237907 ], [ 332693.582695421297103, 5536460.546906232833862 ], [ 332693.593101345002651, 5536460.578006260097027 ], [ 332693.604048454202712, 5536460.608919948339462 ], [ 332693.615533415228128, 5536460.639637865126133 ], [ 332693.627552727703005, 5536460.67015066742897 ], [ 332693.640102731063962, 5536460.70044906437397 ], [ 332693.653179603628814, 5536460.730523809790611 ], [ 332693.666779360733926, 5536460.76036574691534 ], [ 332693.680897860322148, 5536460.78996580094099 ], [ 332693.69553080201149, 5536460.819314941763878 ], [ 332693.71067372802645, 5536460.848404228687286 ], [ 332693.726322025991976, 5536460.877224810421467 ], [ 332693.74247092846781, 5536460.905767902731895 ], [ 332693.759115517139435, 5536460.934024803340435 ], [ 332693.776250722352415, 5536460.961986921727657 ], [ 332693.79387132357806, 5536460.989645726978779 ], [ 332693.81197195360437, 5536461.016992792487144 ], [ 332693.830547099001706, 5536461.044019795954227 ], [ 332693.849591101519763, 5536461.070718497037888 ], [ 332693.869098160415888, 5536461.097080774605274 ], [ 332693.889062333386391, 5536461.123098596930504 ], [ 332693.909477539360523, 5536461.148764029145241 ], [ 332693.930337559897453, 5536461.174069255590439 ], [ 332693.95163603965193, 5536461.199006572365761 ], [ 332693.973366492427886, 5536461.223568379878998 ], [ 332693.995522297918797, 5536461.247747197747231 ], [ 332694.018096707295626, 5536461.271535657346249 ], [ 332694.041082845069468, 5536461.294926524162292 ], [ 332694.064473708625883, 5536461.31791266053915 ], [ 332694.088262172881514, 5536461.340487077832222 ], [ 332694.112440991681069, 5536461.362642876803875 ], [ 332694.137002800125629, 5536461.384373337030411 ], [ 332694.161940116435289, 5536461.405671812593937 ], [ 332694.187245344277471, 5536461.426531836390495 ], [ 332694.212910775560886, 5536461.446947038173676 ], [ 332694.238928592763841, 5536461.46691121160984 ], [ 332694.265290869399905, 5536461.486418269574642 ], [ 332694.291989577002823, 5536461.505462266504765 ], [ 332694.319016580935568, 5536461.524037420749664 ], [ 332694.346363650169224, 5536461.542138047516346 ], [ 332694.3740224535577, 5536461.559758648276329 ], [ 332694.401984566822648, 5536461.576893858611584 ], [ 332694.430241471622139, 5536461.59353844076395 ], [ 332694.458784560672939, 5536461.609687343239784 ], [ 332694.487605139613152, 5536461.625335641205311 ], [ 332694.51669443026185, 5536461.640478573739529 ], [ 332694.546043569687754, 5536461.655111514031887 ], [ 332694.575643620453775, 5536461.669230006635189 ], [ 332694.605485563632101, 5536461.682829767465591 ], [ 332694.635560310911387, 5536461.695906639099121 ], [ 332694.665858700871468, 5536461.708456642925739 ], [ 332694.696371503174305, 5536461.7204759567976 ], [ 332694.727089424151927, 5536461.731960915029049 ], [ 332694.758003107272089, 5536461.742908023297787 ], [ 332694.789103135932237, 5536461.753313951194286 ], [ 332694.82038003532216, 5536461.763175517320633 ], [ 332694.851824279874563, 5536461.772489726543427 ], [ 332694.883426290471107, 5536461.78125374764204 ], [ 332694.915176440961659, 5536461.789464883506298 ], [ 332694.947065060492605, 5536461.797120667994022 ], [ 332694.979082433972508, 5536461.804218746721745 ], [ 332695.011218810919672, 5536461.810756966471672 ], [ 332695.04346439987421, 5536461.816733330488205 ], [ 332695.075809380505234, 5536461.822146028280258 ], [ 332695.108243898954242, 5536461.826993398368359 ], [ 332695.140758075751364, 5536461.831273972988129 ], [ 332695.173342007212341, 5536461.834986440837383 ], [ 332695.205985766835511, 5536461.838129676878452 ], [ 332695.238679412286729, 5536461.840702727437019 ], [ 332695.271412984002382, 5536461.842704795300961 ], [ 332695.304176511242986, 5536461.844135284423828 ], [ 332695.33696001349017, 5536461.844993747770786 ], [ 332695.369753505568951, 5536461.845279932022095 ], [ 332695.402546997182071, 5536461.844993747770786 ], [ 332695.435330499429256, 5536461.844135284423828 ], [ 332695.46809402666986, 5536461.842704795300961 ], [ 332695.500827598385513, 5536461.840702727437019 ], [ 332695.533521243836731, 5536461.838129676878452 ], [ 332695.566165003459901, 5536461.834986440837383 ], [ 332695.598748934920877, 5536461.831273972988129 ], [ 332695.631263111717999, 5536461.826993398368359 ], [ 332695.663697630167007, 5536461.822146028280258 ], [ 332695.696042610798031, 5536461.816733330488205 ], [ 332695.728288199752569, 5536461.810756966471672 ], [ 332695.760424576234072, 5536461.804218746721745 ], [ 332695.792441950645298, 5536461.797120667994022 ], [ 332695.824330569710582, 5536461.789464883506298 ], [ 332695.856080720201135, 5536461.78125374764204 ], [ 332695.887682730797678, 5536461.772489726543427 ], [ 332695.919126975350082, 5536461.763175517320633 ], [ 332695.950403874740005, 5536461.753313951194286 ], [ 332695.981503903400153, 5536461.742908023297787 ], [ 332696.012417586520314, 5536461.731960915029049 ], [ 332696.043135507497936, 5536461.7204759567976 ], [ 332696.073648309800774, 5536461.708456642925739 ], [ 332696.103946699760854, 5536461.695906639099121 ], [ 332696.134021447040141, 5536461.682829767465591 ], [ 332696.163863390218467, 5536461.669230006635189 ], [ 332696.193463440984488, 5536461.655111514031887 ], [ 332696.222812580410391, 5536461.640478573739529 ], [ 332696.25190187105909, 5536461.625335641205311 ], [ 332696.280722449999303, 5536461.609687343239784 ], [ 332696.309265539515764, 5536461.59353844076395 ], [ 332696.337522443849593, 5536461.576893858611584 ], [ 332696.365484557114542, 5536461.559758648276329 ], [ 332696.393143360037357, 5536461.542138047516346 ], [ 332696.420490429736674, 5536461.524037420749664 ], [ 332696.447517433669418, 5536461.505462266504765 ], [ 332696.474216141272336, 5536461.486418269574642 ], [ 332696.5005784179084, 5536461.46691121160984 ], [ 332696.526596235111356, 5536461.446947038173676 ], [ 332696.55226166639477, 5536461.426531836390495 ], [ 332696.577566894236952, 5536461.405671812593937 ], [ 332696.602504210546613, 5536461.384373337030411 ], [ 332696.627066019456834, 5536461.362642876803875 ], [ 332696.651244837790728, 5536461.340487077832222 ], [ 332696.675033302046359, 5536461.31791266053915 ], [ 332696.698424165602773, 5536461.294926524162292 ], [ 332696.721410302910954, 5536461.271535657346249 ], [ 332696.743984712753445, 5536461.247747197747231 ], [ 332696.766140518244356, 5536461.223568379878998 ], [ 332696.787870971020311, 5536461.199006572365761 ], [ 332696.809169450774789, 5536461.174069255590439 ], [ 332696.830029471311718, 5536461.148764029145241 ], [ 332696.85044467728585, 5536461.123098596930504 ], [ 332696.870408850256354, 5536461.097080774605274 ], [ 332696.889915909152478, 5536461.070718497037888 ], [ 332696.908959911670536, 5536461.044019795954227 ], [ 332696.927535057067871, 5536461.016992792487144 ], [ 332696.945635687094182, 5536460.989645726978779 ], [ 332696.963256288319826, 5536460.961986921727657 ], [ 332696.980391493532807, 5536460.934024803340435 ], [ 332696.997036082204431, 5536460.905767902731895 ], [ 332697.013184984680265, 5536460.877224810421467 ], [ 332697.028833282645792, 5536460.848404228687286 ], [ 332697.043976208660752, 5536460.819314941763878 ], [ 332697.058609149884433, 5536460.78996580094099 ], [ 332697.072727649938315, 5536460.76036574691534 ], [ 332697.086327407043427, 5536460.730523809790611 ], [ 332697.099404279608279, 5536460.70044906437397 ], [ 332697.111954282969236, 5536460.67015066742897 ], [ 332697.123973595444113, 5536460.639637865126133 ], [ 332697.13545855646953, 5536460.608919948339462 ], [ 332697.14640566566959, 5536460.578006260097027 ], [ 332697.156811589375138, 5536460.546906232833862 ], [ 332697.166673157829791, 5536460.515629336237907 ], [ 332697.175987367518246, 5536460.484185092151165 ], [ 332697.184751380700618, 5536460.452583074569702 ], [ 332697.192962527740747, 5536460.420832924544811 ], [ 332697.200618308037519, 5536460.388944312930107 ], [ 332697.207716388627887, 5536460.356926932930946 ], [ 332697.214254608843476, 5536460.324790559709072 ], [ 332697.220230975188315, 5536460.292544975876808 ], [ 332697.225643668789417, 5536460.26019998639822 ], [ 332697.230491040274501, 5536460.227765470743179 ], [ 332697.234771612565964, 5536460.195251293480396 ], [ 332697.238484082743526, 5536460.162667371332645 ], [ 332697.241627319250256, 5536460.13002360612154 ], [ 332697.244200364686549, 5536460.097329951822758 ], [ 332697.24620243627578, 5536460.064596392214298 ], [ 332697.247632922139019, 5536460.031832858920097 ], [ 332697.248491388279945, 5536459.999049365520477 ], [ 332697.248777572996914, 5536459.966255865991116 ], [ 332697.248491388279945, 5536459.933462366461754 ], [ 332697.247632922139019, 5536459.900678873062134 ], [ 332697.24620243627578, 5536459.867915339767933 ], [ 332697.244200364686549, 5536459.835181780159473 ], [ 332697.241627319250256, 5536459.802488125860691 ], [ 332697.238484082743526, 5536459.769844360649586 ], [ 332697.234771612565964, 5536459.737260438501835 ], [ 332697.230491040274501, 5536459.704746261239052 ], [ 332697.225643668789417, 5536459.672311745584011 ], [ 332697.220230975188315, 5536459.639966756105423 ], [ 332697.214254608843476, 5536459.607721172273159 ], [ 332697.207716388627887, 5536459.575584799051285 ], [ 332697.200618308037519, 5536459.543567419052124 ], [ 332697.192962527740747, 5536459.51167880743742 ], [ 332697.184751380700618, 5536459.479928657412529 ], [ 332697.175987367518246, 5536459.448326639831066 ], [ 332697.166673157829791, 5536459.416882395744324 ], [ 332697.156811589375138, 5536459.385605499148369 ], [ 332697.14640566566959, 5536459.354505471885204 ], [ 332697.13545855646953, 5536459.323591783642769 ], [ 332697.123973595444113, 5536459.292873866856098 ], [ 332697.111954282969236, 5536459.262361064553261 ], [ 332697.099404279608279, 5536459.232062667608261 ], [ 332697.086327407043427, 5536459.20198792219162 ], [ 332697.072727649938315, 5536459.172145985066891 ], [ 332697.058609149884433, 5536459.142545931041241 ], [ 332697.043976208660752, 5536459.113196790218353 ], [ 332697.028833282645792, 5536459.084107503294945 ], [ 332697.013184984680265, 5536459.055286921560764 ], [ 332696.997036082204431, 5536459.026743829250336 ], [ 332696.980391493532807, 5536458.998486928641796 ], [ 332696.963256288319826, 5536458.970524810254574 ], [ 332696.945635687094182, 5536458.942866005003452 ], [ 332696.927535057067871, 5536458.915518939495087 ], [ 332696.908959911670536, 5536458.888491936028004 ], [ 332696.889915909152478, 5536458.861793234944344 ], [ 332696.870408850256354, 5536458.835430957376957 ], [ 332696.85044467728585, 5536458.809413135051727 ], [ 332696.830029471311718, 5536458.78374770283699 ], [ 332696.809169450774789, 5536458.758442476391792 ], [ 332696.787870971020311, 5536458.73350515961647 ], [ 332696.766140518244356, 5536458.708943352103233 ], [ 332696.743984712753445, 5536458.684764534235001 ], [ 332696.721410302910954, 5536458.660976074635983 ], [ 332696.698424165602773, 5536458.637585207819939 ], [ 332696.675033302046359, 5536458.614599071443081 ], [ 332696.651244837790728, 5536458.592024654150009 ], [ 332696.627066019456834, 5536458.569868855178356 ], [ 332696.602504210546613, 5536458.54813839495182 ], [ 332696.577566894236952, 5536458.526839919388294 ], [ 332696.55226166639477, 5536458.505979895591736 ], [ 332696.526596235111356, 5536458.485564693808556 ], [ 332696.5005784179084, 5536458.465600520372391 ], [ 332696.474216141272336, 5536458.446093462407589 ], [ 332696.447517433669418, 5536458.427049465477467 ], [ 332696.420490429736674, 5536458.408474311232567 ], [ 332696.393143360037357, 5536458.390373684465885 ], [ 332696.365484557114542, 5536458.372753083705902 ], [ 332696.337522443849593, 5536458.355617873370647 ], [ 332696.309265539050102, 5536458.338973291218281 ], [ 332696.280722449999303, 5536458.322824388742447 ], [ 332696.25190187105909, 5536458.30717609077692 ], [ 332696.222812580410391, 5536458.292033158242702 ], [ 332696.193463440984488, 5536458.277400217950344 ], [ 332696.163863390218467, 5536458.263281725347042 ], [ 332696.134021447040141, 5536458.24968196451664 ], [ 332696.103946699760854, 5536458.23660509288311 ], [ 332696.073648309800774, 5536458.224055089056492 ], [ 332696.043135507497936, 5536458.212035775184631 ], [ 332696.012417586520314, 5536458.200550816953182 ], [ 332695.981503903400153, 5536458.189603708684444 ], [ 332695.950403874740005, 5536458.179197780787945 ], [ 332695.919126975350082, 5536458.169336214661598 ], [ 332695.887682730797678, 5536458.160022005438805 ], [ 332695.856080720201135, 5536458.151257984340191 ], [ 332695.824330569710582, 5536458.143046848475933 ], [ 332695.792441950645298, 5536458.135391063988209 ], [ 332695.760424576234072, 5536458.128292985260487 ], [ 332695.728288199752569, 5536458.121754765510559 ], [ 332695.696042610798031, 5536458.115778401494026 ], [ 332695.663697630167007, 5536458.110365703701973 ], [ 332695.631263111717999, 5536458.105518333613873 ], [ 332695.598748934920877, 5536458.101237758994102 ], [ 332695.566165003459901, 5536458.097525291144848 ], [ 332695.533521243836731, 5536458.094382055103779 ], [ 332695.500827598385513, 5536458.091809004545212 ], [ 332695.46809402666986, 5536458.089806936681271 ], [ 332695.435330499429256, 5536458.088376447558403 ], [ 332695.402546997182071, 5536458.087517984211445 ], [ 332695.369753505568951, 5536458.087231799960136 ], [ 332695.33696001349017, 5536458.087517984211445 ], [ 332695.304176511242986, 5536458.088376447558403 ], [ 332695.271412984002382, 5536458.089806936681271 ], [ 332695.238679412286729, 5536458.091809004545212 ], [ 332695.205985766835511, 5536458.094382055103779 ], [ 332695.173342007212341, 5536458.097525291144848 ], [ 332695.140758075751364, 5536458.101237758994102 ], [ 332695.108243898954242, 5536458.105518333613873 ], [ 332695.075809380505234, 5536458.110365703701973 ], [ 332695.04346439987421, 5536458.115778401494026 ], [ 332695.011218810919672, 5536458.121754765510559 ], [ 332694.979082433972508, 5536458.128292985260487 ], [ 332694.947065060492605, 5536458.135391063988209 ], [ 332694.915176440961659, 5536458.143046848475933 ], [ 332694.883426290471107, 5536458.151257984340191 ], [ 332694.851824279874563, 5536458.160022005438805 ], [ 332694.82038003532216, 5536458.169336214661598 ], [ 332694.789103135932237, 5536458.179197780787945 ], [ 332694.758003107272089, 5536458.189603708684444 ], [ 332694.727089424151927, 5536458.200550816953182 ], [ 332694.696371503174305, 5536458.212035775184631 ], [ 332694.665858700871468, 5536458.224055089056492 ], [ 332694.635560310911387, 5536458.23660509288311 ], [ 332694.605485563632101, 5536458.24968196451664 ], [ 332694.575643620453775, 5536458.263281725347042 ], [ 332694.546043569687754, 5536458.277400217950344 ], [ 332694.51669443026185, 5536458.292033158242702 ], [ 332694.487605139613152, 5536458.30717609077692 ], [ 332694.458784560672939, 5536458.322824388742447 ], [ 332694.430241471156478, 5536458.338973291218281 ], [ 332694.401984566822648, 5536458.355617873370647 ], [ 332694.3740224535577, 5536458.372753083705902 ], [ 332694.346363650169224, 5536458.390373684465885 ], [ 332694.319016580935568, 5536458.408474311232567 ], [ 332694.291989577002823, 5536458.427049465477467 ], [ 332694.265290869399905, 5536458.446093462407589 ], [ 332694.238928592763841, 5536458.465600520372391 ], [ 332694.212910775560886, 5536458.485564693808556 ], [ 332694.187245344277471, 5536458.505979895591736 ], [ 332694.161940116435289, 5536458.526839919388294 ], [ 332694.137002800125629, 5536458.54813839495182 ], [ 332694.112440991681069, 5536458.569868855178356 ], [ 332694.088262172881514, 5536458.592024654150009 ], [ 332694.064473708625883, 5536458.614599071443081 ], [ 332694.041082845069468, 5536458.637585207819939 ], [ 332694.018096707295626, 5536458.660976074635983 ], [ 332693.995522297918797, 5536458.684764534235001 ], [ 332693.973366492427886, 5536458.708943352103233 ], [ 332693.95163603965193, 5536458.73350515961647 ], [ 332693.930337559897453, 5536458.758442476391792 ], [ 332693.909477539360523, 5536458.78374770283699 ], [ 332693.889062333386391, 5536458.809413135051727 ], [ 332693.869098160415888, 5536458.835430957376957 ], [ 332693.849591101519763, 5536458.861793234944344 ], [ 332693.830547099001706, 5536458.888491936028004 ], [ 332693.81197195360437, 5536458.915518939495087 ], [ 332693.79387132357806, 5536458.942866005003452 ], [ 332693.776250722352415, 5536458.970524810254574 ], [ 332693.759115517139435, 5536458.998486928641796 ], [ 332693.74247092846781, 5536459.026743829250336 ], [ 332693.726322025991976, 5536459.055286921560764 ], [ 332693.71067372802645, 5536459.084107503294945 ], [ 332693.69553080201149, 5536459.113196790218353 ], [ 332693.680897860322148, 5536459.142545931041241 ], [ 332693.666779360733926, 5536459.172145985066891 ], [ 332693.653179603628814, 5536459.20198792219162 ], [ 332693.640102731063962, 5536459.232062667608261 ], [ 332693.627552727703005, 5536459.262361064553261 ], [ 332693.615533415228128, 5536459.292873866856098 ], [ 332693.604048454202712, 5536459.323591783642769 ], [ 332693.593101345002651, 5536459.354505471885204 ], [ 332693.582695421297103, 5536459.385605499148369 ], [ 332693.57283385284245, 5536459.416882395744324 ], [ 332693.563519643153995, 5536459.448326639831066 ], [ 332693.554755629971623, 5536459.479928657412529 ], [ 332693.546544482931495, 5536459.51167880743742 ], [ 332693.538888702634722, 5536459.543567419052124 ], [ 332693.531790622044355, 5536459.575584799051285 ], [ 332693.525252402294427, 5536459.607721172273159 ], [ 332693.519276035483927, 5536459.639966756105423 ], [ 332693.513863341882825, 5536459.672311745584011 ], [ 332693.509015970397741, 5536459.704746261239052 ], [ 332693.504735398106277, 5536459.737260438501835 ], [ 332693.501022927928716, 5536459.769844360649586 ], [ 332693.497879690956324, 5536459.802488125860691 ], [ 332693.495306645985693, 5536459.835181780159473 ], [ 332693.493304574396461, 5536459.867915339767933 ], [ 332693.491874088533223, 5536459.900678873062134 ], [ 332693.491015622392297, 5536459.933462366461754 ], [ 332693.490729437675327, 5536459.966255865991116 ] ] ] ] } },
{ "type": "Feature", "properties": { "fid": 7, "WELL_ID": "4A", "Layer": null }, "geometry": { "type": "MultiPolygon", "coordinates": [ [ [ [ 332627.523354842327535, 5536587.228114731609821 ], [ 332627.523641027044505, 5536587.260908231139183 ], [ 332627.524499493185431, 5536587.293691724538803 ], [ 332627.525929979048669, 5536587.326455257833004 ], [ 332627.527932050637901, 5536587.359188824892044 ], [ 332627.530505096074194, 5536587.391882479190826 ], [ 332627.533648332580924, 5536587.424526236951351 ], [ 332627.537360802758485, 5536587.457110159099102 ], [ 332627.541641375049949, 5536587.489624336361885 ], [ 332627.546488746535033, 5536587.522058852016926 ], [ 332627.551901440136135, 5536587.554403841495514 ], [ 332627.557877806946635, 5536587.586649432778358 ], [ 332627.564416026696563, 5536587.618785798549652 ], [ 332627.57151410728693, 5536587.650803178548813 ], [ 332627.579169887583703, 5536587.682691797614098 ], [ 332627.587381034623832, 5536587.714441947638988 ], [ 332627.596145047806203, 5536587.746043957769871 ], [ 332627.605459257494658, 5536587.777488209307194 ], [ 332627.615320825949311, 5536587.808765098452568 ], [ 332627.625726749654859, 5536587.839865133166313 ], [ 332627.63667385885492, 5536587.870778813958168 ], [ 332627.648158819880337, 5536587.901496730744839 ], [ 332627.660178132355213, 5536587.932009533047676 ], [ 332627.67272813571617, 5536587.962307929992676 ], [ 332627.685805008281022, 5536587.992382675409317 ], [ 332627.699404765386134, 5536588.022224619984627 ], [ 332627.713523265440017, 5536588.051824674010277 ], [ 332627.728156206663698, 5536588.081173807382584 ], [ 332627.743299132678658, 5536588.110263101756573 ], [ 332627.758947430644184, 5536588.139083676040173 ], [ 332627.77509633358568, 5536588.167626768350601 ], [ 332627.791740921791643, 5536588.195883676409721 ], [ 332627.808876127004623, 5536588.223845787346363 ], [ 332627.826496728230268, 5536588.251504592597485 ], [ 332627.844597358256578, 5536588.27885165810585 ], [ 332627.863172503653914, 5536588.305878661572933 ], [ 332627.882216506637633, 5536588.332577370107174 ], [ 332627.901723565068096, 5536588.358939647674561 ], [ 332627.921687738038599, 5536588.38495746999979 ], [ 332627.942102944012731, 5536588.410622894763947 ], [ 332627.962962964549661, 5536588.435928121209145 ], [ 332627.984261444304138, 5536588.460865437984467 ], [ 332628.005991897545755, 5536588.485427245497704 ], [ 332628.028147702571005, 5536588.509606063365936 ], [ 332628.050722112413496, 5536588.533394530415535 ], [ 332628.073708249721676, 5536588.556785389780998 ], [ 332628.097099113278091, 5536588.579771526157856 ], [ 332628.120887577533722, 5536588.602345943450928 ], [ 332628.145066396333277, 5536588.624501742422581 ], [ 332628.169628204777837, 5536588.646232202649117 ], [ 332628.194565521553159, 5536588.667530685663223 ], [ 332628.219870748929679, 5536588.688390702009201 ], [ 332628.245536180213094, 5536588.708805903792381 ], [ 332628.271553997416049, 5536588.728770084679127 ], [ 332628.297916274517775, 5536588.748277135193348 ], [ 332628.324614981655031, 5536588.767321139574051 ], [ 332628.351641985587776, 5536588.78589628636837 ], [ 332628.378989055287093, 5536588.803996920585632 ], [ 332628.406647858209908, 5536588.821617521345615 ], [ 332628.434609971474856, 5536588.838752724230289 ], [ 332628.462866876274347, 5536588.855397306382656 ], [ 332628.491409965790808, 5536588.87154620885849 ], [ 332628.52023054426536, 5536588.887194514274597 ], [ 332628.549319834914058, 5536588.902337439358234 ], [ 332628.578668974339962, 5536588.916970387101173 ], [ 332628.608269025105983, 5536588.931088879704475 ], [ 332628.638110968284309, 5536588.944688640534878 ], [ 332628.668185715563595, 5536588.957765504717827 ], [ 332628.698484105523676, 5536588.970315508544445 ], [ 332628.728996907826513, 5536588.982334822416306 ], [ 332628.759714828804135, 5536588.993819780647755 ], [ 332628.790628512389958, 5536589.004766888916492 ], [ 332628.821728540584445, 5536589.015172824263573 ], [ 332628.853005439974368, 5536589.025034390389919 ], [ 332628.884449684526771, 5536589.034348599612713 ], [ 332628.916051695123315, 5536589.043112613260746 ], [ 332628.947801845613867, 5536589.051323756575584 ], [ 332628.979690465144813, 5536589.058979533612728 ], [ 332629.011707839090377, 5536589.06607761234045 ], [ 332629.04384421557188, 5536589.072615839540958 ], [ 332629.076089804526418, 5536589.078592196106911 ], [ 332629.108434785157442, 5536589.084004893898964 ], [ 332629.140869303606451, 5536589.088852271437645 ], [ 332629.173383480403572, 5536589.093132838606834 ], [ 332629.205967411864549, 5536589.09684531390667 ], [ 332629.238611171487719, 5536589.099988542497158 ], [ 332629.271304816938937, 5536589.102561593055725 ], [ 332629.30403838865459, 5536589.104563668370247 ], [ 332629.336801915895194, 5536589.105994150042534 ], [ 332629.369585418142378, 5536589.106852613389492 ], [ 332629.402378910221159, 5536589.1071387976408 ], [ 332629.435172401834279, 5536589.106852613389492 ], [ 332629.467955904081464, 5536589.105994150042534 ], [ 332629.500719431787729, 5536589.104563668370247 ], [ 332629.533453003037721, 5536589.102561593055725 ], [ 332629.566146648488939, 5536589.099988542497158 ], [ 332629.598790408112109, 5536589.09684531390667 ], [ 332629.631374339573085, 5536589.093132838606834 ], [ 332629.663888516370207, 5536589.088852271437645 ], [ 332629.696323034819216, 5536589.084004893898964 ], [ 332629.728668015450239, 5536589.078592196106911 ], [ 332629.760913604870439, 5536589.072615839540958 ], [ 332629.793049981351942, 5536589.06607761234045 ], [ 332629.825067355297506, 5536589.058979533612728 ], [ 332629.856955974362791, 5536589.051323756575584 ], [ 332629.888706124853343, 5536589.043112613260746 ], [ 332629.920308135449886, 5536589.034348599612713 ], [ 332629.951752380467951, 5536589.025034390389919 ], [ 332629.983029279392213, 5536589.015172824263573 ], [ 332630.014129308052361, 5536589.004766888916492 ], [ 332630.045042991172522, 5536588.993819780647755 ], [ 332630.075760912150145, 5536588.982334822416306 ], [ 332630.106273714452982, 5536588.970315508544445 ], [ 332630.136572104878724, 5536588.957765504717827 ], [ 332630.166646851692349, 5536588.944688640534878 ], [ 332630.196488794870675, 5536588.931088879704475 ], [ 332630.226088845636696, 5536588.916970387101173 ], [ 332630.255437985062599, 5536588.902337439358234 ], [ 332630.284527275711298, 5536588.887194514274597 ], [ 332630.313347854651511, 5536588.87154620885849 ], [ 332630.341890944167972, 5536588.855397306382656 ], [ 332630.370147848501801, 5536588.838752724230289 ], [ 332630.39810996176675, 5536588.821617521345615 ], [ 332630.425768765155226, 5536588.803996920585632 ], [ 332630.453115834388882, 5536588.78589628636837 ], [ 332630.480142838321626, 5536588.767321139574051 ], [ 332630.506841545924544, 5536588.748277135193348 ], [ 332630.533203822560608, 5536588.728770084679127 ], [ 332630.559221639763564, 5536588.708805903792381 ], [ 332630.584887071046978, 5536588.688390702009201 ], [ 332630.61019229888916, 5536588.667530685663223 ], [ 332630.635129615664482, 5536588.646232202649117 ], [ 332630.659691424109042, 5536588.624501742422581 ], [ 332630.683870242442936, 5536588.602345943450928 ], [ 332630.707658706698567, 5536588.579771526157856 ], [ 332630.731049570254982, 5536588.556785389780998 ], [ 332630.754035708028823, 5536588.533394530415535 ], [ 332630.776610117405653, 5536588.509606063365936 ], [ 332630.798765922896564, 5536588.485427245497704 ], [ 332630.820496375672519, 5536588.460865437984467 ], [ 332630.841794855892658, 5536588.435928121209145 ], [ 332630.862654875963926, 5536588.410622894763947 ], [ 332630.883070081938058, 5536588.38495746999979 ], [ 332630.903034254908562, 5536588.358939647674561 ], [ 332630.922541313804686, 5536588.332577370107174 ], [ 332630.941585316322744, 5536588.305878661572933 ], [ 332630.960160461720079, 5536588.27885165810585 ], [ 332630.97826109174639, 5536588.251504592597485 ], [ 332630.995881693437696, 5536588.223845787346363 ], [ 332631.013016898185015, 5536588.195883676409721 ], [ 332631.029661486856639, 5536588.167626768350601 ], [ 332631.045810389332473, 5536588.139083676040173 ], [ 332631.061458687298, 5536588.110263101756573 ], [ 332631.07660161331296, 5536588.081173807382584 ], [ 332631.091234555002302, 5536588.051824674010277 ], [ 332631.105353054590523, 5536588.022224619984627 ], [ 332631.118952811695635, 5536587.992382675409317 ], [ 332631.132029684260488, 5536587.962307929992676 ], [ 332631.144579687621444, 5536587.932009533047676 ], [ 332631.156599000096321, 5536587.901496730744839 ], [ 332631.168083961121738, 5536587.870778813958168 ], [ 332631.179031070321798, 5536587.839865133166313 ], [ 332631.189436994027346, 5536587.808765098452568 ], [ 332631.199298562481999, 5536587.777488209307194 ], [ 332631.208612772170454, 5536587.746043957769871 ], [ 332631.217376785352826, 5536587.714441947638988 ], [ 332631.225587932392955, 5536587.682691797614098 ], [ 332631.233243712689728, 5536587.650803178548813 ], [ 332631.240341793280095, 5536587.618785798549652 ], [ 332631.246880013495684, 5536587.586649432778358 ], [ 332631.252856379840523, 5536587.554403841495514 ], [ 332631.258269073441625, 5536587.522058852016926 ], [ 332631.263116444926709, 5536587.489624336361885 ], [ 332631.267397017218173, 5536587.457110159099102 ], [ 332631.271109487395734, 5536587.424526236951351 ], [ 332631.274252724368125, 5536587.391882479190826 ], [ 332631.276825769338757, 5536587.359188824892044 ], [ 332631.278827840927988, 5536587.326455257833004 ], [ 332631.280258326791227, 5536587.293691724538803 ], [ 332631.281116792932153, 5536587.260908231139183 ], [ 332631.281402977649122, 5536587.228114731609821 ], [ 332631.281116792932153, 5536587.19532123953104 ], [ 332631.280258326791227, 5536587.16253773868084 ], [ 332631.278827840927988, 5536587.129774212837219 ], [ 332631.276825769338757, 5536587.097040645778179 ], [ 332631.274252724368125, 5536587.064346991479397 ], [ 332631.271109487395734, 5536587.031703233718872 ], [ 332631.267397017218173, 5536586.999119311571121 ], [ 332631.263116444926709, 5536586.966605126857758 ], [ 332631.258269073441625, 5536586.934170611202717 ], [ 332631.252856379840523, 5536586.901825621724129 ], [ 332631.246880013495684, 5536586.869580037891865 ], [ 332631.240341793280095, 5536586.837443664669991 ], [ 332631.233243712689728, 5536586.80542629212141 ], [ 332631.225587932392955, 5536586.773537673056126 ], [ 332631.217376785352826, 5536586.741787523031235 ], [ 332631.208612772170454, 5536586.710185512900352 ], [ 332631.199298562481999, 5536586.678741261363029 ], [ 332631.189436994027346, 5536586.647464372217655 ], [ 332631.179031070321798, 5536586.61636433750391 ], [ 332631.168083961121738, 5536586.585450656712055 ], [ 332631.156599000096321, 5536586.554732739925385 ], [ 332631.144579687621444, 5536586.524219930171967 ], [ 332631.132029684260488, 5536586.493921540677547 ], [ 332631.118952811695635, 5536586.463846787810326 ], [ 332631.105353054590523, 5536586.434004850685596 ], [ 332631.091234555002302, 5536586.404404796659946 ], [ 332631.07660161331296, 5536586.37505566328764 ], [ 332631.061458687298, 5536586.345966368913651 ], [ 332631.045810389332473, 5536586.317145794630051 ], [ 332631.029661486856639, 5536586.288602694869041 ], [ 332631.013016898185015, 5536586.260345794260502 ], [ 332630.995881693437696, 5536586.23238368332386 ], [ 332630.97826109174639, 5536586.204724878072739 ], [ 332630.960160461720079, 5536586.177377812564373 ], [ 332630.941585316322744, 5536586.15035080909729 ], [ 332630.922541313804686, 5536586.123652100563049 ], [ 332630.903034254908562, 5536586.097289822995663 ], [ 332630.883070081938058, 5536586.071272000670433 ], [ 332630.862654875963926, 5536586.045606568455696 ], [ 332630.841794855892658, 5536586.020301349461079 ], [ 332630.820496375672519, 5536585.995364025235176 ], [ 332630.798765922896564, 5536585.970802217721939 ], [ 332630.776610117405653, 5536585.946623407304287 ], [ 332630.754035708028823, 5536585.922834940254688 ], [ 332630.731049570254982, 5536585.899444073438644 ], [ 332630.707658706698567, 5536585.876457944512367 ], [ 332630.683870242442936, 5536585.853883527219296 ], [ 332630.659691424109042, 5536585.831727720797062 ], [ 332630.635129615664482, 5536585.809997260570526 ], [ 332630.61019229888916, 5536585.788698785007 ], [ 332630.584887071046978, 5536585.767838768661022 ], [ 332630.559221639763564, 5536585.747423559427261 ], [ 332630.533203822560608, 5536585.727459385991096 ], [ 332630.506841545924544, 5536585.707952335476875 ], [ 332630.480142838321626, 5536585.688908331096172 ], [ 332630.453115834388882, 5536585.670333184301853 ], [ 332630.425768765155226, 5536585.652232550084591 ], [ 332630.39810996176675, 5536585.634611949324608 ], [ 332630.370147848501801, 5536585.617476746439934 ], [ 332630.34189094370231, 5536585.600832156836987 ], [ 332630.313347854651511, 5536585.584683254361153 ], [ 332630.284527275711298, 5536585.569034956395626 ], [ 332630.255437985062599, 5536585.553892031311989 ], [ 332630.226088845636696, 5536585.53925908356905 ], [ 332630.196488794870675, 5536585.525140590965748 ], [ 332630.166646851692349, 5536585.511540830135345 ], [ 332630.136572104878724, 5536585.498463958501816 ], [ 332630.106273714452982, 5536585.485913962125778 ], [ 332630.075760912150145, 5536585.473894648253918 ], [ 332630.045042991172522, 5536585.462409690022469 ], [ 332630.014129308052361, 5536585.451462581753731 ], [ 332629.983029279392213, 5536585.441056646406651 ], [ 332629.951752380467951, 5536585.431195080280304 ], [ 332629.920308135449886, 5536585.42188087105751 ], [ 332629.888706124853343, 5536585.413116857409477 ], [ 332629.856955974362791, 5536585.404905714094639 ], [ 332629.825067355297506, 5536585.397249937057495 ], [ 332629.793049981351942, 5536585.390151858329773 ], [ 332629.760913604870439, 5536585.383613631129265 ], [ 332629.728668015450239, 5536585.377637267112732 ], [ 332629.696323034819216, 5536585.372224569320679 ], [ 332629.663888516370207, 5536585.367377199232578 ], [ 332629.631374339573085, 5536585.363096624612808 ], [ 332629.598790408112109, 5536585.359384156763554 ], [ 332629.566146648488939, 5536585.356240928173065 ], [ 332629.533453003037721, 5536585.353667870163918 ], [ 332629.500719431787729, 5536585.351665802299976 ], [ 332629.467955904081464, 5536585.350235313177109 ], [ 332629.435172401834279, 5536585.349376849830151 ], [ 332629.402378910221159, 5536585.349090673029423 ], [ 332629.369585418142378, 5536585.349376849830151 ], [ 332629.336801915895194, 5536585.350235313177109 ], [ 332629.30403838865459, 5536585.351665802299976 ], [ 332629.271304816938937, 5536585.353667870163918 ], [ 332629.238611171487719, 5536585.356240928173065 ], [ 332629.205967411864549, 5536585.359384156763554 ], [ 332629.173383480403572, 5536585.363096624612808 ], [ 332629.140869303606451, 5536585.367377199232578 ], [ 332629.108434785157442, 5536585.372224569320679 ], [ 332629.076089804526418, 5536585.377637267112732 ], [ 332629.04384421557188, 5536585.383613631129265 ], [ 332629.011707839090377, 5536585.390151858329773 ], [ 332628.979690465144813, 5536585.397249937057495 ], [ 332628.947801845613867, 5536585.404905714094639 ], [ 332628.916051695123315, 5536585.413116857409477 ], [ 332628.884449684526771, 5536585.42188087105751 ], [ 332628.853005439974368, 5536585.431195080280304 ], [ 332628.821728540584445, 5536585.441056646406651 ], [ 332628.790628512389958, 5536585.451462581753731 ], [ 332628.759714828804135, 5536585.462409690022469 ], [ 332628.728996907826513, 5536585.473894648253918 ], [ 332628.698484105523676, 5536585.485913962125778 ], [ 332628.668185715563595, 5536585.498463958501816 ], [ 332628.638110968284309, 5536585.511540830135345 ], [ 332628.608269025105983, 5536585.525140590965748 ], [ 332628.578668974339962, 5536585.53925908356905 ], [ 332628.549319834914058, 5536585.553892031311989 ], [ 332628.52023054426536, 5536585.569034956395626 ], [ 332628.491409965790808, 5536585.584683254361153 ], [ 332628.462866875808686, 5536585.600832156836987 ], [ 332628.434609971474856, 5536585.617476746439934 ], [ 332628.406647858209908, 5536585.634611949324608 ], [ 332628.378989055287093, 5536585.652232550084591 ], [ 332628.351641985587776, 5536585.670333184301853 ], [ 332628.324614981655031, 5536585.688908331096172 ], [ 332628.297916274517775, 5536585.707952335476875 ], [ 332628.271553997416049, 5536585.727459385991096 ], [ 332628.245536180213094, 5536585.747423559427261 ], [ 332628.219870748929679, 5536585.767838768661022 ], [ 332628.194565521553159, 5536585.788698785007 ], [ 332628.169628204777837, 5536585.809997260570526 ], [ 332628.145066396333277, 5536585.831727720797062 ], [ 332628.120887577533722, 5536585.853883527219296 ], [ 332628.097099113278091, 5536585.876457944512367 ], [ 332628.073708249721676, 5536585.899444073438644 ], [ 332628.050722112413496, 5536585.922834940254688 ], [ 332628.028147702571005, 5536585.946623407304287 ], [ 332628.005991897545755, 5536585.970802217721939 ], [ 332627.984261444304138, 5536585.995364025235176 ], [ 332627.962962964549661, 5536586.020301349461079 ], [ 332627.942102944012731, 5536586.045606568455696 ], [ 332627.921687738038599, 5536586.071272000670433 ], [ 332627.901723565068096, 5536586.097289822995663 ], [ 332627.882216506637633, 5536586.123652100563049 ], [ 332627.863172503653914, 5536586.15035080909729 ], [ 332627.844597358256578, 5536586.177377812564373 ], [ 332627.826496728230268, 5536586.204724878072739 ], [ 332627.808876127004623, 5536586.23238368332386 ], [ 332627.791740921791643, 5536586.260345794260502 ], [ 332627.77509633358568, 5536586.288602694869041 ], [ 332627.758947430644184, 5536586.317145794630051 ], [ 332627.743299132678658, 5536586.345966368913651 ], [ 332627.728156206663698, 5536586.37505566328764 ], [ 332627.713523265440017, 5536586.404404796659946 ], [ 332627.699404765386134, 5536586.434004850685596 ], [ 332627.685805008281022, 5536586.463846787810326 ], [ 332627.67272813571617, 5536586.493921540677547 ], [ 332627.660178132355213, 5536586.524219930171967 ], [ 332627.648158819880337, 5536586.554732739925385 ], [ 332627.63667385885492, 5536586.585450656712055 ], [ 332627.625726749654859, 5536586.61636433750391 ], [ 332627.615320825949311, 5536586.647464372217655 ], [ 332627.605459257494658, 5536586.678741261363029 ], [ 332627.596145047806203, 5536586.710185512900352 ], [ 332627.587381034623832, 5536586.741787523031235 ], [ 332627.579169887583703, 5536586.773537673056126 ], [ 332627.57151410728693, 5536586.80542629212141 ], [ 332627.564416026696563, 5536586.837443664669991 ], [ 332627.557877806946635, 5536586.869580037891865 ], [ 332627.551901440136135, 5536586.901825621724129 ], [ 332627.546488746535033, 5536586.934170611202717 ], [ 332627.541641375049949, 5536586.966605126857758 ], [ 332627.537360802758485, 5536586.999119311571121 ], [ 332627.533648332580924, 5536587.031703233718872 ], [ 332627.530505096074194, 5536587.064346991479397 ], [ 332627.527932050637901, 5536587.097040645778179 ], [ 332627.525929979048669, 5536587.129774212837219 ], [ 332627.524499493185431, 5536587.16253773868084 ], [ 332627.523641027044505, 5536587.19532123953104 ], [ 332627.523354842327535, 5536587.228114731609821 ] ] ] ] } },
{ "type": "Feature", "properties": { "fid": 8, "WELL_ID": "2", "Layer": null }, "geometry": { "type": "MultiPolygon", "coordinates": [ [ [ [ 332469.115975930821151, 5536398.840999953448772 ], [ 332469.11626211553812, 5536398.873793445527554 ], [ 332469.117120582144707, 5536398.906576946377754 ], [ 332469.118551068007946, 5536398.939340472221375 ], [ 332469.120553139597178, 5536398.972074039280415 ], [ 332469.123126184567809, 5536399.004767693579197 ], [ 332469.126269421540201, 5536399.037411451339722 ], [ 332469.1299818912521, 5536399.069995380938053 ], [ 332469.134262464009225, 5536399.102509558200836 ], [ 332469.139109835028648, 5536399.134944073855877 ], [ 332469.14452252862975, 5536399.167289063334465 ], [ 332469.150498895440251, 5536399.199534647166729 ], [ 332469.157037115190178, 5536399.231671020388603 ], [ 332469.164135195780545, 5536399.263688392937183 ], [ 332469.171790976542979, 5536399.295577012002468 ], [ 332469.180002123583108, 5536399.327327162027359 ], [ 332469.18876613676548, 5536399.358929179608822 ], [ 332469.198080345988274, 5536399.390373423695564 ], [ 332469.207941914908588, 5536399.421650312840939 ], [ 332469.218347838614136, 5536399.452750347554684 ], [ 332469.229294947814196, 5536399.483664028346539 ], [ 332469.240779908373952, 5536399.51438195258379 ], [ 332469.252799220848829, 5536399.544894754886627 ], [ 332469.265349224209785, 5536399.575193144381046 ], [ 332469.278426097240299, 5536399.605267897248268 ], [ 332469.29202585387975, 5536399.635109834372997 ], [ 332469.306144353933632, 5536399.664709888398647 ], [ 332469.320777295622975, 5536399.694059021770954 ], [ 332469.335920221172273, 5536399.723148316144943 ], [ 332469.3515685191378, 5536399.751968897879124 ], [ 332469.367717422079295, 5536399.780511990189552 ], [ 332469.38436201075092, 5536399.808768890798092 ], [ 332469.401497215498239, 5536399.836731009185314 ], [ 332469.419117816723883, 5536399.864389814436436 ], [ 332469.437218447215855, 5536399.891736872494221 ], [ 332469.45579359261319, 5536399.918763875961304 ], [ 332469.474837595131248, 5536399.945462584495544 ], [ 332469.494344654027373, 5536399.971824862062931 ], [ 332469.514308826997876, 5536399.997842684388161 ], [ 332469.534724032972008, 5536400.023508116602898 ], [ 332469.555584053043276, 5536400.048813335597515 ], [ 332469.576882533263415, 5536400.073750659823418 ], [ 332469.59861298603937, 5536400.098312467336655 ], [ 332469.62076879106462, 5536400.122491277754307 ], [ 332469.643343200907111, 5536400.146279744803905 ], [ 332469.666329338215292, 5536400.169670611619949 ], [ 332469.689720201771706, 5536400.192656747996807 ], [ 332469.713508666027337, 5536400.215231157839298 ], [ 332469.737687484826893, 5536400.237386964261532 ], [ 332469.762249293271452, 5536400.259117424488068 ], [ 332469.787186610046774, 5536400.280415900051594 ], [ 332469.812491837888956, 5536400.301275916397572 ], [ 332469.83815726917237, 5536400.321691125631332 ], [ 332469.864175085909665, 5536400.341655299067497 ], [ 332469.89053736301139, 5536400.361162357032299 ], [ 332469.917236070148647, 5536400.380206353962421 ], [ 332469.944263074547052, 5536400.398781500756741 ], [ 332469.971610143780708, 5536400.416882134974003 ], [ 332469.999268947169185, 5536400.434502735733986 ], [ 332470.027231059968472, 5536400.451637946069241 ], [ 332470.055487965233624, 5536400.468282528221607 ], [ 332470.084031054284424, 5536400.484431430697441 ], [ 332470.112851632758975, 5536400.500079728662968 ], [ 332470.141940923407674, 5536400.515222661197186 ], [ 332470.171290063299239, 5536400.529855601489544 ], [ 332470.200890113599598, 5536400.543974094092846 ], [ 332470.230732057243586, 5536400.557573854923248 ], [ 332470.260806804057211, 5536400.570650726556778 ], [ 332470.291105194017291, 5536400.583200730383396 ], [ 332470.32161799678579, 5536400.595220036804676 ], [ 332470.352335917297751, 5536400.606705002486706 ], [ 332470.383249600883573, 5536400.617652110755444 ], [ 332470.41434962907806, 5536400.628058038651943 ], [ 332470.445626528467983, 5536400.63791960477829 ], [ 332470.477070773020387, 5536400.647233814001083 ], [ 332470.50867278361693, 5536400.655997835099697 ], [ 332470.540422934573144, 5536400.664208970963955 ], [ 332470.572311553638428, 5536400.671864755451679 ], [ 332470.604328927583992, 5536400.678962834179401 ], [ 332470.636465304065496, 5536400.685501053929329 ], [ 332470.668710893485695, 5536400.691477417945862 ], [ 332470.701055873651057, 5536400.696890115737915 ], [ 332470.733490392100066, 5536400.701737485826015 ], [ 332470.766004569362849, 5536400.706018060445786 ], [ 332470.798588500823826, 5536400.70973052829504 ], [ 332470.831232260446995, 5536400.712873764336109 ], [ 332470.863925905432552, 5536400.715446814894676 ], [ 332470.896659477148205, 5536400.717448882758617 ], [ 332470.929423004388809, 5536400.718879371881485 ], [ 332470.962206506635994, 5536400.719737835228443 ], [ 332470.994999998714775, 5536400.720024012029171 ], [ 332471.027793490793556, 5536400.719737835228443 ], [ 332471.06057699304074, 5536400.718879371881485 ], [ 332471.093340520281345, 5536400.717448882758617 ], [ 332471.126074091996998, 5536400.715446814894676 ], [ 332471.158767736982554, 5536400.712873764336109 ], [ 332471.191411496605724, 5536400.70973052829504 ], [ 332471.223995428066701, 5536400.706018060445786 ], [ 332471.256509605329484, 5536400.701737485826015 ], [ 332471.288944123778492, 5536400.696890115737915 ], [ 332471.321289103943855, 5536400.691477417945862 ], [ 332471.353534693364054, 5536400.685501053929329 ], [ 332471.385671069845557, 5536400.678962834179401 ], [ 332471.417688443791121, 5536400.671864755451679 ], [ 332471.449577062856406, 5536400.664208970963955 ], [ 332471.481327213812619, 5536400.655997835099697 ], [ 332471.512929224409163, 5536400.647233814001083 ], [ 332471.544373468961567, 5536400.63791960477829 ], [ 332471.575650368351489, 5536400.628058038651943 ], [ 332471.606750396545976, 5536400.617652110755444 ], [ 332471.637664080131799, 5536400.606705002486706 ], [ 332471.66838200064376, 5536400.595220036804676 ], [ 332471.698894803412259, 5536400.583200730383396 ], [ 332471.729193193372339, 5536400.570650726556778 ], [ 332471.759267940185964, 5536400.557573854923248 ], [ 332471.789109883829951, 5536400.543974094092846 ], [ 332471.818709934130311, 5536400.529855601489544 ], [ 332471.848059074021876, 5536400.515222661197186 ], [ 332471.877148364670575, 5536400.500079728662968 ], [ 332471.905968943145126, 5536400.484431430697441 ], [ 332471.934512032661587, 5536400.468282528221607 ], [ 332471.962768937461078, 5536400.451637946069241 ], [ 332471.990731050260365, 5536400.434502735733986 ], [ 332472.018389853648841, 5536400.416882134974003 ], [ 332472.045736922882497, 5536400.398781500756741 ], [ 332472.072763927280903, 5536400.380206353962421 ], [ 332472.09946263441816, 5536400.361162357032299 ], [ 332472.125824911519885, 5536400.341655299067497 ], [ 332472.151842728257179, 5536400.321691125631332 ], [ 332472.177508159540594, 5536400.301275916397572 ], [ 332472.202813387382776, 5536400.280415900051594 ], [ 332472.227750704158098, 5536400.259117424488068 ], [ 332472.252312512602657, 5536400.237386964261532 ], [ 332472.276491331402212, 5536400.215231157839298 ], [ 332472.300279795657843, 5536400.192656747996807 ], [ 332472.323670659214258, 5536400.169670611619949 ], [ 332472.346656796522439, 5536400.146279744803905 ], [ 332472.36923120636493, 5536400.122491277754307 ], [ 332472.391387011390179, 5536400.098312467336655 ], [ 332472.413117464166135, 5536400.073750659823418 ], [ 332472.434415944386274, 5536400.048813335597515 ], [ 332472.455275964457542, 5536400.023508116602898 ], [ 332472.475691170431674, 5536399.997842684388161 ], [ 332472.495655343402177, 5536399.971824862062931 ], [ 332472.515162402298301, 5536399.945462584495544 ], [ 332472.534206404816359, 5536399.918763875961304 ], [ 332472.552781550213695, 5536399.891736872494221 ], [ 332472.570882180705667, 5536399.864389814436436 ], [ 332472.588502781931311, 5536399.836731009185314 ], [ 332472.60563798667863, 5536399.808768890798092 ], [ 332472.622282575350255, 5536399.780511990189552 ], [ 332472.63843147829175, 5536399.751968897879124 ], [ 332472.654079776257277, 5536399.723148316144943 ], [ 332472.669222701806575, 5536399.694059021770954 ], [ 332472.683855643495917, 5536399.664709888398647 ], [ 332472.6979741435498, 5536399.635109834372997 ], [ 332472.711573900189251, 5536399.605267897248268 ], [ 332472.724650773219764, 5536399.575193144381046 ], [ 332472.737200776580721, 5536399.544894754886627 ], [ 332472.749220089055598, 5536399.51438195258379 ], [ 332472.760705049615353, 5536399.483664028346539 ], [ 332472.771652158815414, 5536399.452750347554684 ], [ 332472.782058082520962, 5536399.421650312840939 ], [ 332472.791919651441276, 5536399.390373423695564 ], [ 332472.80123386066407, 5536399.358929179608822 ], [ 332472.809997873846442, 5536399.327327162027359 ], [ 332472.81820902088657, 5536399.295577012002468 ], [ 332472.825864801649004, 5536399.263688392937183 ], [ 332472.832962882239372, 5536399.231671020388603 ], [ 332472.839501101989299, 5536399.199534647166729 ], [ 332472.8454774687998, 5536399.167289063334465 ], [ 332472.850890162400901, 5536399.134944073855877 ], [ 332472.855737533420324, 5536399.102509558200836 ], [ 332472.860018106177449, 5536399.069995380938053 ], [ 332472.863730575889349, 5536399.037411451339722 ], [ 332472.866873812861741, 5536399.004767693579197 ], [ 332472.869446857832372, 5536398.972074039280415 ], [ 332472.871448929421604, 5536398.939340472221375 ], [ 332472.872879415284842, 5536398.906576946377754 ], [ 332472.873737881891429, 5536398.873793445527554 ], [ 332472.874024066608399, 5536398.840999953448772 ], [ 332472.873737881891429, 5536398.808206453919411 ], [ 332472.872879415284842, 5536398.775422960519791 ], [ 332472.871448929421604, 5536398.74265942722559 ], [ 332472.869446857832372, 5536398.70992586016655 ], [ 332472.866873812861741, 5536398.677232213318348 ], [ 332472.863730575889349, 5536398.644588448107243 ], [ 332472.860018106177449, 5536398.612004525959492 ], [ 332472.855737533420324, 5536398.579490348696709 ], [ 332472.850890162400901, 5536398.547055833041668 ], [ 332472.8454774687998, 5536398.51471084356308 ], [ 332472.839501101989299, 5536398.482465252280235 ], [ 332472.832962882239372, 5536398.450328886508942 ], [ 332472.825864801649004, 5536398.418311506509781 ], [ 332472.81820902088657, 5536398.386422894895077 ], [ 332472.809997873846442, 5536398.354672737419605 ], [ 332472.80123386066407, 5536398.323070727288723 ], [ 332472.791919651441276, 5536398.2916264757514 ], [ 332472.782058082520962, 5536398.260349586606026 ], [ 332472.771652158815414, 5536398.229249559342861 ], [ 332472.760705049615353, 5536398.198335871100426 ], [ 332472.749220089055598, 5536398.167617954313755 ], [ 332472.737200776580721, 5536398.137105152010918 ], [ 332472.724650773219764, 5536398.106806755065918 ], [ 332472.711573900189251, 5536398.076732009649277 ], [ 332472.6979741435498, 5536398.046890072524548 ], [ 332472.683855643495917, 5536398.017290018498898 ], [ 332472.669222701806575, 5536397.98794087767601 ], [ 332472.654079776257277, 5536397.958851583302021 ], [ 332472.63843147829175, 5536397.930031009018421 ], [ 332472.622282575350255, 5536397.901487916707993 ], [ 332472.60563798667863, 5536397.873231016099453 ], [ 332472.588502781931311, 5536397.845268897712231 ], [ 332472.570882180705667, 5536397.817610092461109 ], [ 332472.552781550213695, 5536397.790263026952744 ], [ 332472.534206404816359, 5536397.763236023485661 ], [ 332472.515162402298301, 5536397.73653731495142 ], [ 332472.495655343402177, 5536397.710175044834614 ], [ 332472.475691170431674, 5536397.684157215058804 ], [ 332472.455275964457542, 5536397.658491790294647 ], [ 332472.434415944386274, 5536397.633186563849449 ], [ 332472.413117464166135, 5536397.608249247074127 ], [ 332472.391387011390179, 5536397.58368743956089 ], [ 332472.36923120636493, 5536397.559508621692657 ], [ 332472.346656796522439, 5536397.535720154643059 ], [ 332472.323670659214258, 5536397.512329295277596 ], [ 332472.300279795657843, 5536397.489343158900738 ], [ 332472.276491331402212, 5536397.466768741607666 ], [ 332472.252312512602657, 5536397.444612942636013 ], [ 332472.227750704158098, 5536397.422882482409477 ], [ 332472.202813387382776, 5536397.401584006845951 ], [ 332472.177508159540594, 5536397.380723983049393 ], [ 332472.151842728257179, 5536397.360308781266212 ], [ 332472.125824911519885, 5536397.340344600379467 ], [ 332472.09946263441816, 5536397.320837549865246 ], [ 332472.072763927280903, 5536397.301793552935123 ], [ 332472.045736922882497, 5536397.283218398690224 ], [ 332472.018389853648841, 5536397.265117771923542 ], [ 332471.990731050260365, 5536397.247497163712978 ], [ 332471.962768937461078, 5536397.230361960828304 ], [ 332471.934512032195926, 5536397.213717378675938 ], [ 332471.905968943145126, 5536397.197568476200104 ], [ 332471.877148364670575, 5536397.181920170783997 ], [ 332471.848059074021876, 5536397.166777245700359 ], [ 332471.818709934130311, 5536397.152144305408001 ], [ 332471.789109883829951, 5536397.138025805354118 ], [ 332471.759267940185964, 5536397.124426044523716 ], [ 332471.729193193372339, 5536397.111349180340767 ], [ 332471.698894803412259, 5536397.098799176514149 ], [ 332471.66838200064376, 5536397.086779862642288 ], [ 332471.637664080131799, 5536397.075294904410839 ], [ 332471.606750396545976, 5536397.064347796142101 ], [ 332471.575650368351489, 5536397.053941868245602 ], [ 332471.544373468961567, 5536397.044080294668674 ], [ 332471.512929224409163, 5536397.034766085445881 ], [ 332471.481327213812619, 5536397.026002071797848 ], [ 332471.449577062856406, 5536397.01779093593359 ], [ 332471.417688443791121, 5536397.010135151445866 ], [ 332471.385671069845557, 5536397.003037072718143 ], [ 332471.353534693364054, 5536396.996498845517635 ], [ 332471.321289103943855, 5536396.990522488951683 ], [ 332471.288944123778492, 5536396.98510979115963 ], [ 332471.256509605329484, 5536396.980262421071529 ], [ 332471.223995428066701, 5536396.975981846451759 ], [ 332471.191411496605724, 5536396.972269378602505 ], [ 332471.158767736982554, 5536396.969126142561436 ], [ 332471.126074091996998, 5536396.966553092002869 ], [ 332471.093340520281345, 5536396.964551016688347 ], [ 332471.06057699304074, 5536396.96312053501606 ], [ 332471.027793490793556, 5536396.962262071669102 ], [ 332470.994999998714775, 5536396.961975887417793 ], [ 332470.962206506635994, 5536396.962262071669102 ], [ 332470.929423004388809, 5536396.96312053501606 ], [ 332470.896659477148205, 5536396.964551016688347 ], [ 332470.863925905432552, 5536396.966553092002869 ], [ 332470.831232260446995, 5536396.969126142561436 ], [ 332470.798588500823826, 5536396.972269378602505 ], [ 332470.766004569362849, 5536396.975981846451759 ], [ 332470.733490392100066, 5536396.980262421071529 ], [ 332470.701055873651057, 5536396.98510979115963 ], [ 332470.668710893485695, 5536396.990522488951683 ], [ 332470.636465304065496, 5536396.996498845517635 ], [ 332470.604328927583992, 5536397.003037072718143 ], [ 332470.572311553638428, 5536397.010135151445866 ], [ 332470.540422934573144, 5536397.01779093593359 ], [ 332470.50867278361693, 5536397.026002071797848 ], [ 332470.477070773020387, 5536397.034766085445881 ], [ 332470.445626528467983, 5536397.044080294668674 ], [ 332470.41434962907806, 5536397.053941868245602 ], [ 332470.383249600883573, 5536397.064347796142101 ], [ 332470.352335917297751, 5536397.075294904410839 ], [ 332470.32161799678579, 5536397.086779862642288 ], [ 332470.291105194017291, 5536397.098799176514149 ], [ 332470.260806804057211, 5536397.111349180340767 ], [ 332470.230732057243586, 5536397.124426044523716 ], [ 332470.200890113599598, 5536397.138025805354118 ], [ 332470.171290063299239, 5536397.152144305408001 ], [ 332470.141940923407674, 5536397.166777245700359 ], [ 332470.112851632758975, 5536397.181920170783997 ], [ 332470.084031054284424, 5536397.197568476200104 ], [ 332470.055487964767963, 5536397.213717378675938 ], [ 332470.027231059968472, 5536397.230361960828304 ], [ 332469.999268947169185, 5536397.247497163712978 ], [ 332469.971610143780708, 5536397.265117771923542 ], [ 332469.944263074547052, 5536397.283218398690224 ], [ 332469.917236070148647, 5536397.301793552935123 ], [ 332469.89053736301139, 5536397.320837549865246 ], [ 332469.864175085909665, 5536397.340344600379467 ], [ 332469.83815726917237, 5536397.360308781266212 ], [ 332469.812491837888956, 5536397.380723983049393 ], [ 332469.787186610046774, 5536397.401584006845951 ], [ 332469.762249293271452, 5536397.422882482409477 ], [ 332469.737687484826893, 5536397.444612942636013 ], [ 332469.713508666027337, 5536397.466768741607666 ], [ 332469.689720201771706, 5536397.489343158900738 ], [ 332469.666329338215292, 5536397.512329295277596 ], [ 332469.643343200907111, 5536397.535720154643059 ], [ 332469.62076879106462, 5536397.559508621692657 ], [ 332469.59861298603937, 5536397.58368743956089 ], [ 332469.576882533263415, 5536397.608249247074127 ], [ 332469.555584053043276, 5536397.633186563849449 ], [ 332469.534724032972008, 5536397.658491790294647 ], [ 332469.514308826997876, 5536397.684157215058804 ], [ 332469.494344654027373, 5536397.710175044834614 ], [ 332469.474837595131248, 5536397.73653731495142 ], [ 332469.45579359261319, 5536397.763236023485661 ], [ 332469.437218447215855, 5536397.790263026952744 ], [ 332469.419117816723883, 5536397.817610092461109 ], [ 332469.401497215498239, 5536397.845268897712231 ], [ 332469.38436201075092, 5536397.873231016099453 ], [ 332469.367717422079295, 5536397.901487916707993 ], [ 332469.3515685191378, 5536397.930031009018421 ], [ 332469.335920221172273, 5536397.958851583302021 ], [ 332469.320777295622975, 5536397.98794087767601 ], [ 332469.306144353933632, 5536398.017290018498898 ], [ 332469.29202585387975, 5536398.046890072524548 ], [ 332469.278426097240299, 5536398.076732009649277 ], [ 332469.265349224209785, 5536398.106806755065918 ], [ 332469.252799220848829, 5536398.137105152010918 ], [ 332469.240779908373952, 5536398.167617954313755 ], [ 332469.229294947814196, 5536398.198335871100426 ], [ 332469.218347838614136, 5536398.229249559342861 ], [ 332469.207941914908588, 5536398.260349586606026 ], [ 332469.198080345988274, 5536398.2916264757514 ], [ 332469.18876613676548, 5536398.323070727288723 ], [ 332469.180002123583108, 5536398.354672737419605 ], [ 332469.171790976542979, 5536398.386422894895077 ], [ 332469.164135195780545, 5536398.418311506509781 ], [ 332469.157037115190178, 5536398.450328886508942 ], [ 332469.150498895440251, 5536398.482465252280235 ], [ 332469.14452252862975, 5536398.51471084356308 ], [ 332469.139109835028648, 5536398.547055833041668 ], [ 332469.134262464009225, 5536398.579490348696709 ], [ 332469.1299818912521, 5536398.612004525959492 ], [ 332469.126269421540201, 5536398.644588448107243 ], [ 332469.123126184567809, 5536398.677232213318348 ], [ 332469.120553139597178, 5536398.70992586016655 ], [ 332469.118551068007946, 5536398.74265942722559 ], [ 332469.117120582144707, 5536398.775422960519791 ], [ 332469.11626211553812, 5536398.808206453919411 ], [ 332469.115975930821151, 5536398.840999953448772 ] ] ] ] } },
{ "type": "Feature", "properties": { "fid": 9, "WELL_ID": "7", "Layer": null }, "geometry": { "type": "MultiPolygon", "coordinates": [ [ [ [ 332758.911582807078958, 5536726.655099771916866 ], [ 332758.911868991795927, 5536726.687893263995647 ], [ 332758.912727457936853, 5536726.720676764845848 ], [ 332758.914157944265753, 5536726.753440290689468 ], [ 332758.916160015854985, 5536726.786173857748508 ], [ 332758.918733060825616, 5536726.818867512047291 ], [ 332758.921876297798008, 5536726.851511269807816 ], [ 332758.925588767509907, 5536726.884095199406147 ], [ 332758.929869340267032, 5536726.91660937666893 ], [ 332758.934716711286455, 5536726.949043892323971 ], [ 332758.940129404887557, 5536726.981388881802559 ], [ 332758.946105771698058, 5536727.013634465634823 ], [ 332758.952643991447985, 5536727.045770838856697 ], [ 332758.959742072038352, 5536727.077788218855858 ], [ 332758.967397852800786, 5536727.109676830470562 ], [ 332758.975608999375254, 5536727.141426980495453 ], [ 332758.984373013023287, 5536727.173028998076916 ], [ 332758.993687222246081, 5536727.204473242163658 ], [ 332759.003548791166395, 5536727.235750138759613 ], [ 332759.013954714871943, 5536727.266850166022778 ], [ 332759.024901824072003, 5536727.297763846814632 ], [ 332759.036386784631759, 5536727.328481771051884 ], [ 332759.048406097106636, 5536727.358994573354721 ], [ 332759.060956100467592, 5536727.389292970299721 ], [ 332759.074032973032445, 5536727.419367715716362 ], [ 332759.087632730137557, 5536727.449209652841091 ], [ 332759.101751230191439, 5536727.478809706866741 ], [ 332759.11638417141512, 5536727.508158840239048 ], [ 332759.13152709743008, 5536727.537248134613037 ], [ 332759.147175395395607, 5536727.566068716347218 ], [ 332759.163324298337102, 5536727.594611808657646 ], [ 332759.179968886543065, 5536727.622868709266186 ], [ 332759.197104091756046, 5536727.650830827653408 ], [ 332759.21472469298169, 5536727.67848963290453 ], [ 332759.232825323473662, 5536727.705836698412895 ], [ 332759.251400468870997, 5536727.732863694429398 ], [ 332759.270444471389055, 5536727.759562402963638 ], [ 332759.289951529819518, 5536727.785924680531025 ], [ 332759.309915703255683, 5536727.811942502856255 ], [ 332759.330330908764154, 5536727.837607935070992 ], [ 332759.351190929301083, 5536727.86291316151619 ], [ 332759.372489409055561, 5536727.887850478291512 ], [ 332759.394219862297177, 5536727.912412285804749 ], [ 332759.416375667322427, 5536727.936591096222401 ], [ 332759.438950077164918, 5536727.960379563271999 ], [ 332759.461936214473099, 5536727.983770430088043 ], [ 332759.485327078029513, 5536728.006756566464901 ], [ 332759.509115542285144, 5536728.029330976307392 ], [ 332759.5332943610847, 5536728.051486782729626 ], [ 332759.557856169529259, 5536728.073217242956161 ], [ 332759.582793486304581, 5536728.094515718519688 ], [ 332759.608098714146763, 5536728.115375742316246 ], [ 332759.633764145430177, 5536728.135790944099426 ], [ 332759.659781962167472, 5536728.155755117535591 ], [ 332759.686144239269197, 5536728.175262175500393 ], [ 332759.712842946406454, 5536728.194306172430515 ], [ 332759.739869950804859, 5536728.212881319224834 ], [ 332759.767217020038515, 5536728.230981953442097 ], [ 332759.794875823426992, 5536728.24860255420208 ], [ 332759.822837936226279, 5536728.265737764537334 ], [ 332759.851094841491431, 5536728.282382346689701 ], [ 332759.879637930542231, 5536728.298531249165535 ], [ 332759.908458509016782, 5536728.314179547131062 ], [ 332759.937547799665481, 5536728.329322479665279 ], [ 332759.966896939557046, 5536728.343955419957638 ], [ 332759.996496989857405, 5536728.35807391256094 ], [ 332760.026338933501393, 5536728.371673673391342 ], [ 332760.056413680315018, 5536728.384750545024872 ], [ 332760.086712070275098, 5536728.39730054885149 ], [ 332760.117224873043597, 5536728.409319862723351 ], [ 332760.147942793555558, 5536728.4208048209548 ], [ 332760.17885647714138, 5536728.431751929223537 ], [ 332760.209956505335867, 5536728.442157857120037 ], [ 332760.24123340472579, 5536728.452019423246384 ], [ 332760.272677649278194, 5536728.461333632469177 ], [ 332760.304279659874737, 5536728.470097653567791 ], [ 332760.336029810830951, 5536728.478308789432049 ], [ 332760.367918429896235, 5536728.485964573919773 ], [ 332760.399935803841799, 5536728.493062652647495 ], [ 332760.432072180323303, 5536728.499600872397423 ], [ 332760.464317769277841, 5536728.505577236413956 ], [ 332760.496662749908864, 5536728.510989934206009 ], [ 332760.529097268357873, 5536728.515837304294109 ], [ 332760.561611445620656, 5536728.520117878913879 ], [ 332760.594195376615971, 5536728.523830346763134 ], [ 332760.626839136239141, 5536728.526973582804203 ], [ 332760.659532781690359, 5536728.52954663336277 ], [ 332760.692266353406012, 5536728.531548701226711 ], [ 332760.725029880646616, 5536728.532979190349579 ], [ 332760.757813382893801, 5536728.533837653696537 ], [ 332760.790606874972582, 5536728.534123837947845 ], [ 332760.823400367051363, 5536728.533837653696537 ], [ 332760.856183869298548, 5536728.532979190349579 ], [ 332760.888947396539152, 5536728.531548701226711 ], [ 332760.921680967789143, 5536728.52954663336277 ], [ 332760.954374613240361, 5536728.526973582804203 ], [ 332760.987018372863531, 5536728.523830346763134 ], [ 332761.019602304324508, 5536728.520117878913879 ], [ 332761.052116481121629, 5536728.515837304294109 ], [ 332761.084550999570638, 5536728.510989934206009 ], [ 332761.116895980201662, 5536728.505577236413956 ], [ 332761.149141569621861, 5536728.499600872397423 ], [ 332761.181277946103364, 5536728.493062652647495 ], [ 332761.213295320048928, 5536728.485964573919773 ], [ 332761.245183939114213, 5536728.478308789432049 ], [ 332761.276934089604765, 5536728.470097653567791 ], [ 332761.30853610066697, 5536728.461333632469177 ], [ 332761.339980345219374, 5536728.452019423246384 ], [ 332761.371257244143635, 5536728.442157857120037 ], [ 332761.402357272803783, 5536728.431751929223537 ], [ 332761.433270955923945, 5536728.4208048209548 ], [ 332761.463988876901567, 5536728.409319862723351 ], [ 332761.494501679670066, 5536728.39730054885149 ], [ 332761.524800069630146, 5536728.384750545024872 ], [ 332761.554874816443771, 5536728.371673673391342 ], [ 332761.584716760087758, 5536728.35807391256094 ], [ 332761.614316810388118, 5536728.343955419957638 ], [ 332761.643665950279683, 5536728.329322479665279 ], [ 332761.672755240928382, 5536728.314179547131062 ], [ 332761.701575819402933, 5536728.298531249165535 ], [ 332761.730118908919394, 5536728.282382346689701 ], [ 332761.758375813718885, 5536728.265737764537334 ], [ 332761.786337926518172, 5536728.24860255420208 ], [ 332761.813996729906648, 5536728.230981953442097 ], [ 332761.841343799140304, 5536728.212881319224834 ], [ 332761.86837080353871, 5536728.194306172430515 ], [ 332761.895069510675967, 5536728.175262175500393 ], [ 332761.921431787777692, 5536728.155755117535591 ], [ 332761.947449604514986, 5536728.135790944099426 ], [ 332761.973115035798401, 5536728.115375742316246 ], [ 332761.998420263640583, 5536728.094515718519688 ], [ 332762.023357580415905, 5536728.073217242956161 ], [ 332762.047919388860464, 5536728.051486782729626 ], [ 332762.072098207194358, 5536728.029330976307392 ], [ 332762.095886671449989, 5536728.006756566464901 ], [ 332762.119277535472065, 5536727.983770430088043 ], [ 332762.142263672780246, 5536727.960379563271999 ], [ 332762.164838082622737, 5536727.936591096222401 ], [ 332762.186993887647986, 5536727.912412285804749 ], [ 332762.208724340423942, 5536727.887850478291512 ], [ 332762.230022820644081, 5536727.86291316151619 ], [ 332762.250882840715349, 5536727.837607935070992 ], [ 332762.271298046689481, 5536727.811942502856255 ], [ 332762.291262219659984, 5536727.785924680531025 ], [ 332762.310769278556108, 5536727.759562402963638 ], [ 332762.329813281074166, 5536727.732863694429398 ], [ 332762.348388426471502, 5536727.705836698412895 ], [ 332762.366489056963474, 5536727.67848963290453 ], [ 332762.384109658189118, 5536727.650830827653408 ], [ 332762.401244862936437, 5536727.622868709266186 ], [ 332762.417889451608062, 5536727.594611808657646 ], [ 332762.434038354549557, 5536727.566068716347218 ], [ 332762.449686652515084, 5536727.537248134613037 ], [ 332762.464829578064382, 5536727.508158840239048 ], [ 332762.479462519753724, 5536727.478809706866741 ], [ 332762.493581019807607, 5536727.449209652841091 ], [ 332762.507180776447058, 5536727.419367715716362 ], [ 332762.520257649477571, 5536727.389292970299721 ], [ 332762.532807652372867, 5536727.358994573354721 ], [ 332762.544826965313405, 5536727.328481771051884 ], [ 332762.55631192587316, 5536727.297763846814632 ], [ 332762.567259035073221, 5536727.266850166022778 ], [ 332762.577664958778769, 5536727.235750138759613 ], [ 332762.587526527699083, 5536727.204473242163658 ], [ 332762.596840736921877, 5536727.173028998076916 ], [ 332762.605604750104249, 5536727.141426980495453 ], [ 332762.613815897144377, 5536727.109676830470562 ], [ 332762.62147167744115, 5536727.077788218855858 ], [ 332762.628569758031517, 5536727.045770838856697 ], [ 332762.635107978247106, 5536727.013634465634823 ], [ 332762.641084344591945, 5536726.981388881802559 ], [ 332762.646497038658708, 5536726.949043892323971 ], [ 332762.651344409678131, 5536726.91660937666893 ], [ 332762.655624982435256, 5536726.884095199406147 ], [ 332762.659337452147156, 5536726.851511269807816 ], [ 332762.662480689119548, 5536726.818867512047291 ], [ 332762.665053734090179, 5536726.786173857748508 ], [ 332762.667055805679411, 5536726.753440290689468 ], [ 332762.668486291542649, 5536726.720676764845848 ], [ 332762.669344758149236, 5536726.687893263995647 ], [ 332762.669630942400545, 5536726.655099771916866 ], [ 332762.669344758149236, 5536726.622306272387505 ], [ 332762.668486291542649, 5536726.589522778987885 ], [ 332762.667055805679411, 5536726.556759245693684 ], [ 332762.665053734090179, 5536726.524025678634644 ], [ 332762.662480689119548, 5536726.491332031786442 ], [ 332762.659337452147156, 5536726.458688266575336 ], [ 332762.655624982435256, 5536726.426104344427586 ], [ 332762.651344409678131, 5536726.393590167164803 ], [ 332762.646497038658708, 5536726.361155651509762 ], [ 332762.641084344591945, 5536726.328810662031174 ], [ 332762.635107978247106, 5536726.296565070748329 ], [ 332762.628569758031517, 5536726.264428704977036 ], [ 332762.62147167744115, 5536726.232411324977875 ], [ 332762.613815897144377, 5536726.200522713363171 ], [ 332762.605604750104249, 5536726.16877256333828 ], [ 332762.596840736921877, 5536726.137170545756817 ], [ 332762.587526527699083, 5536726.105726301670074 ], [ 332762.577664958778769, 5536726.07444940507412 ], [ 332762.567259035073221, 5536726.043349377810955 ], [ 332762.55631192587316, 5536726.01243568956852 ], [ 332762.544826965313405, 5536725.981717772781849 ], [ 332762.532807652372867, 5536725.951204970479012 ], [ 332762.520257649477571, 5536725.920906573534012 ], [ 332762.507180776447058, 5536725.890831828117371 ], [ 332762.493581019807607, 5536725.860989890992641 ], [ 332762.479462519753724, 5536725.831389836966991 ], [ 332762.464829578064382, 5536725.802040696144104 ], [ 332762.449686652515084, 5536725.772951409220695 ], [ 332762.434038354549557, 5536725.744130827486515 ], [ 332762.417889451608062, 5536725.715587735176086 ], [ 332762.401244862936437, 5536725.687330834567547 ], [ 332762.384109658189118, 5536725.659368716180325 ], [ 332762.366489056963474, 5536725.631709910929203 ], [ 332762.348388426471502, 5536725.604362845420837 ], [ 332762.329813281074166, 5536725.577335841953754 ], [ 332762.310769278556108, 5536725.550637140870094 ], [ 332762.291262219659984, 5536725.524274863302708 ], [ 332762.271298046689481, 5536725.498257040977478 ], [ 332762.250882840715349, 5536725.472591608762741 ], [ 332762.230022820644081, 5536725.447286382317543 ], [ 332762.208724340423942, 5536725.422349065542221 ], [ 332762.186993887647986, 5536725.397787258028984 ], [ 332762.164838082622737, 5536725.373608440160751 ], [ 332762.142263672780246, 5536725.349819973111153 ], [ 332762.119277535472065, 5536725.326429113745689 ], [ 332762.095886671449989, 5536725.303442977368832 ], [ 332762.072098207194358, 5536725.28086856007576 ], [ 332762.047919388860464, 5536725.258712761104107 ], [ 332762.023357580415905, 5536725.236982300877571 ], [ 332761.998420263640583, 5536725.215683825314045 ], [ 332761.973115035798401, 5536725.194823801517487 ], [ 332761.947449604514986, 5536725.174408599734306 ], [ 332761.921431787777692, 5536725.154444426298141 ], [ 332761.895069510675967, 5536725.13493736833334 ], [ 332761.86837080353871, 5536725.115893371403217 ], [ 332761.841343799140304, 5536725.097318217158318 ], [ 332761.813996729906648, 5536725.079217590391636 ], [ 332761.786337926518172, 5536725.061596989631653 ], [ 332761.758375813718885, 5536725.044461779296398 ], [ 332761.730118908453733, 5536725.027817197144032 ], [ 332761.701575819402933, 5536725.011668294668198 ], [ 332761.672755240928382, 5536724.99601998925209 ], [ 332761.643665950279683, 5536724.980877064168453 ], [ 332761.614316810388118, 5536724.966244123876095 ], [ 332761.584716760087758, 5536724.952125623822212 ], [ 332761.554874816443771, 5536724.93852587044239 ], [ 332761.524800069630146, 5536724.925448998808861 ], [ 332761.494501679670066, 5536724.912898994982243 ], [ 332761.463988876901567, 5536724.900879681110382 ], [ 332761.433270955923945, 5536724.889394722878933 ], [ 332761.402357272803783, 5536724.878447614610195 ], [ 332761.371257244143635, 5536724.868041686713696 ], [ 332761.339980345219374, 5536724.858180120587349 ], [ 332761.30853610066697, 5536724.848865911364555 ], [ 332761.276934089604765, 5536724.840101890265942 ], [ 332761.245183939114213, 5536724.831890754401684 ], [ 332761.213295320048928, 5536724.82423496991396 ], [ 332761.181277946103364, 5536724.817136891186237 ], [ 332761.149141569621861, 5536724.81059867143631 ], [ 332761.116895980201662, 5536724.804622307419777 ], [ 332761.084550999570638, 5536724.799209609627724 ], [ 332761.052116481121629, 5536724.794362239539623 ], [ 332761.019602304324508, 5536724.790081664919853 ], [ 332760.987018372863531, 5536724.786369197070599 ], [ 332760.954374613240361, 5536724.78322596102953 ], [ 332760.921680967789143, 5536724.780652910470963 ], [ 332760.888947396539152, 5536724.778650835156441 ], [ 332760.856183869298548, 5536724.777220353484154 ], [ 332760.823400367051363, 5536724.776361890137196 ], [ 332760.790606874972582, 5536724.776075705885887 ], [ 332760.757813382893801, 5536724.776361890137196 ], [ 332760.725029880646616, 5536724.777220353484154 ], [ 332760.692266353406012, 5536724.778650835156441 ], [ 332760.659532781690359, 5536724.780652910470963 ], [ 332760.626839136239141, 5536724.78322596102953 ], [ 332760.594195376615971, 5536724.786369197070599 ], [ 332760.561611445620656, 5536724.790081664919853 ], [ 332760.529097268357873, 5536724.794362239539623 ], [ 332760.496662749908864, 5536724.799209609627724 ], [ 332760.464317769277841, 5536724.804622307419777 ], [ 332760.432072180323303, 5536724.81059867143631 ], [ 332760.399935803841799, 5536724.817136891186237 ], [ 332760.367918429896235, 5536724.82423496991396 ], [ 332760.336029810830951, 5536724.831890754401684 ], [ 332760.304279659874737, 5536724.840101890265942 ], [ 332760.272677649278194, 5536724.848865911364555 ], [ 332760.24123340472579, 5536724.858180120587349 ], [ 332760.209956505335867, 5536724.868041686713696 ], [ 332760.17885647714138, 5536724.878447614610195 ], [ 332760.147942793555558, 5536724.889394722878933 ], [ 332760.117224873043597, 5536724.900879681110382 ], [ 332760.086712070275098, 5536724.912898994982243 ], [ 332760.056413680315018, 5536724.925448998808861 ], [ 332760.026338933501393, 5536724.93852587044239 ], [ 332759.996496989857405, 5536724.952125623822212 ], [ 332759.966896939557046, 5536724.966244123876095 ], [ 332759.937547799665481, 5536724.980877064168453 ], [ 332759.908458509016782, 5536724.99601998925209 ], [ 332759.879637930542231, 5536725.011668294668198 ], [ 332759.851094840560108, 5536725.027817197144032 ], [ 332759.822837936226279, 5536725.044461779296398 ], [ 332759.794875823426992, 5536725.061596989631653 ], [ 332759.767217020038515, 5536725.079217590391636 ], [ 332759.739869950804859, 5536725.097318217158318 ], [ 332759.712842946406454, 5536725.115893371403217 ], [ 332759.686144239269197, 5536725.13493736833334 ], [ 332759.659781962167472, 5536725.154444426298141 ], [ 332759.633764145430177, 5536725.174408599734306 ], [ 332759.608098714146763, 5536725.194823801517487 ], [ 332759.582793486304581, 5536725.215683825314045 ], [ 332759.557856169529259, 5536725.236982300877571 ], [ 332759.5332943610847, 5536725.258712761104107 ], [ 332759.509115542285144, 5536725.28086856007576 ], [ 332759.485327078029513, 5536725.303442977368832 ], [ 332759.461936214473099, 5536725.326429113745689 ], [ 332759.438950077164918, 5536725.349819973111153 ], [ 332759.416375667322427, 5536725.373608440160751 ], [ 332759.394219862297177, 5536725.397787258028984 ], [ 332759.372489409055561, 5536725.422349065542221 ], [ 332759.351190929301083, 5536725.447286382317543 ], [ 332759.330330908764154, 5536725.472591608762741 ], [ 332759.309915703255683, 5536725.498257040977478 ], [ 332759.289951529819518, 5536725.524274863302708 ], [ 332759.270444471389055, 5536725.550637140870094 ], [ 332759.251400468870997, 5536725.577335841953754 ], [ 332759.232825323473662, 5536725.604362845420837 ], [ 332759.21472469298169, 5536725.631709910929203 ], [ 332759.197104091756046, 5536725.659368716180325 ], [ 332759.179968886543065, 5536725.687330834567547 ], [ 332759.163324298337102, 5536725.715587735176086 ], [ 332759.147175395395607, 5536725.744130827486515 ], [ 332759.13152709743008, 5536725.772951409220695 ], [ 332759.11638417141512, 5536725.802040696144104 ], [ 332759.101751230191439, 5536725.831389836966991 ], [ 332759.087632730137557, 5536725.860989890992641 ], [ 332759.074032973032445, 5536725.890831828117371 ], [ 332759.060956100467592, 5536725.920906573534012 ], [ 332759.048406097106636, 5536725.951204970479012 ], [ 332759.036386784631759, 5536725.981717772781849 ], [ 332759.024901824072003, 5536726.01243568956852 ], [ 332759.013954714871943, 5536726.043349377810955 ], [ 332759.003548791166395, 5536726.07444940507412 ], [ 332758.993687222246081, 5536726.105726301670074 ], [ 332758.984373013023287, 5536726.137170545756817 ], [ 332758.975608999375254, 5536726.16877256333828 ], [ 332758.967397852800786, 5536726.200522713363171 ], [ 332758.959742072038352, 5536726.232411324977875 ], [ 332758.952643991447985, 5536726.264428704977036 ], [ 332758.946105771698058, 5536726.296565070748329 ], [ 332758.940129404887557, 5536726.328810662031174 ], [ 332758.934716711286455, 5536726.361155651509762 ], [ 332758.929869340267032, 5536726.393590167164803 ], [ 332758.925588767509907, 5536726.426104344427586 ], [ 332758.921876297798008, 5536726.458688266575336 ], [ 332758.918733060825616, 5536726.491332031786442 ], [ 332758.916160015854985, 5536726.524025678634644 ], [ 332758.914157944265753, 5536726.556759245693684 ], [ 332758.912727457936853, 5536726.589522778987885 ], [ 332758.911868991795927, 5536726.622306272387505 ], [ 332758.911582807078958, 5536726.655099771916866 ] ] ] ] } },
{ "type": "Feature", "properties": { "fid": 10, "WELL_ID": "9", "Layer": null }, "geometry": { "type": "MultiPolygon", "coordinates": [ [ [ [ 332659.466975935269147, 5536195.379999920725822 ], [ 332659.467262119986117, 5536195.412793412804604 ], [ 332659.468120586127043, 5536195.445576913654804 ], [ 332659.469551072455943, 5536195.478340439498425 ], [ 332659.471553144045174, 5536195.511074006557465 ], [ 332659.474126189015806, 5536195.543767660856247 ], [ 332659.477269425522536, 5536195.576411418616772 ], [ 332659.480981895700097, 5536195.608995348215103 ], [ 332659.485262467991561, 5536195.641509525477886 ], [ 332659.490109839476645, 5536195.673944041132927 ], [ 332659.495522533077747, 5536195.706289030611515 ], [ 332659.501498899888247, 5536195.738534614443779 ], [ 332659.508037119638175, 5536195.770670987665653 ], [ 332659.515135200228542, 5536195.802688367664814 ], [ 332659.522790980525315, 5536195.834576979279518 ], [ 332659.531002127565444, 5536195.866327129304409 ], [ 332659.539766141213477, 5536195.897929146885872 ], [ 332659.54908035043627, 5536195.929373390972614 ], [ 332659.558941919356585, 5536195.960650287568569 ], [ 332659.569347842596471, 5536195.991750314831734 ], [ 332659.580294951796532, 5536196.022663995623589 ], [ 332659.591779912821949, 5536196.05338191986084 ], [ 332659.603799225296825, 5536196.083894722163677 ], [ 332659.616349228657782, 5536196.114193119108677 ], [ 332659.629426101222634, 5536196.144267864525318 ], [ 332659.643025858327746, 5536196.174109801650047 ], [ 332659.657144358381629, 5536196.203709855675697 ], [ 332659.67177729960531, 5536196.233058989048004 ], [ 332659.68692022562027, 5536196.262148283421993 ], [ 332659.702568523585796, 5536196.290968865156174 ], [ 332659.718717426527292, 5536196.319511957466602 ], [ 332659.735362014733255, 5536196.347768858075142 ], [ 332659.752497219946235, 5536196.375730976462364 ], [ 332659.77011782117188, 5536196.403389781713486 ], [ 332659.78821845119819, 5536196.430736847221851 ], [ 332659.806793596595526, 5536196.457763843238354 ], [ 332659.825837599579245, 5536196.484462551772594 ], [ 332659.845344658009708, 5536196.510824829339981 ], [ 332659.865308830980211, 5536196.536842651665211 ], [ 332659.885724036954343, 5536196.562508083879948 ], [ 332659.906584057491273, 5536196.587813310325146 ], [ 332659.92788253724575, 5536196.612750627100468 ], [ 332659.949612990487367, 5536196.637312434613705 ], [ 332659.971768795512617, 5536196.661491245031357 ], [ 332659.994343205355108, 5536196.685279712080956 ], [ 332660.017329342663288, 5536196.708670578896999 ], [ 332660.040720206219703, 5536196.731656715273857 ], [ 332660.064508670475334, 5536196.754231125116348 ], [ 332660.088687489274889, 5536196.776386931538582 ], [ 332660.113249297719449, 5536196.798117391765118 ], [ 332660.138186614494771, 5536196.819415867328644 ], [ 332660.163491842336953, 5536196.840275891125202 ], [ 332660.189157273620367, 5536196.860691092908382 ], [ 332660.215175090357661, 5536196.880655266344547 ], [ 332660.241537367459387, 5536196.900162324309349 ], [ 332660.268236074596643, 5536196.919206321239471 ], [ 332660.295263078529388, 5536196.937781468033791 ], [ 332660.322610148228705, 5536196.955882102251053 ], [ 332660.350268951617181, 5536196.973502703011036 ], [ 332660.378231064416468, 5536196.990637913346291 ], [ 332660.406487969681621, 5536197.007282495498657 ], [ 332660.43503105873242, 5536197.023431397974491 ], [ 332660.463851637206972, 5536197.039079695940018 ], [ 332660.49294092785567, 5536197.054222628474236 ], [ 332660.522290067747235, 5536197.068855568766594 ], [ 332660.551890118047595, 5536197.082974061369896 ], [ 332660.581732061691582, 5536197.096573822200298 ], [ 332660.611806808505207, 5536197.109650693833828 ], [ 332660.642105198465288, 5536197.122200697660446 ], [ 332660.672618000768125, 5536197.134220011532307 ], [ 332660.703335921745747, 5536197.145704969763756 ], [ 332660.73424960533157, 5536197.156652078032494 ], [ 332660.765349633526057, 5536197.167058005928993 ], [ 332660.79662653291598, 5536197.17691957205534 ], [ 332660.828070777468383, 5536197.186233781278133 ], [ 332660.859672788064927, 5536197.194997802376747 ], [ 332660.891422938555479, 5536197.203208938241005 ], [ 332660.923311558086425, 5536197.210864722728729 ], [ 332660.955328932031989, 5536197.217962801456451 ], [ 332660.987465308513492, 5536197.224501021206379 ], [ 332661.01971089746803, 5536197.230477385222912 ], [ 332661.052055878099054, 5536197.235890083014965 ], [ 332661.084490396548063, 5536197.240737453103065 ], [ 332661.117004573345184, 5536197.245018027722836 ], [ 332661.149588504806161, 5536197.24873049557209 ], [ 332661.182232264429331, 5536197.251873731613159 ], [ 332661.214925909880549, 5536197.254446782171726 ], [ 332661.247659481596202, 5536197.256448850035667 ], [ 332661.280423008836806, 5536197.257879339158535 ], [ 332661.31320651108399, 5536197.258737802505493 ], [ 332661.346000003162771, 5536197.259023986756802 ], [ 332661.378793494775891, 5536197.258737802505493 ], [ 332661.411576997488737, 5536197.257879339158535 ], [ 332661.444340524729341, 5536197.256448850035667 ], [ 332661.477074095979333, 5536197.254446782171726 ], [ 332661.509767741430551, 5536197.251873731613159 ], [ 332661.542411501053721, 5536197.24873049557209 ], [ 332661.574995432514697, 5536197.245018027722836 ], [ 332661.607509609311819, 5536197.240737453103065 ], [ 332661.639944127760828, 5536197.235890083014965 ], [ 332661.672289108391851, 5536197.230477385222912 ], [ 332661.704534697812051, 5536197.224501021206379 ], [ 332661.736671074293554, 5536197.217962801456451 ], [ 332661.768688448239118, 5536197.210864722728729 ], [ 332661.800577067304403, 5536197.203208938241005 ], [ 332661.832327217794955, 5536197.194997802376747 ], [ 332661.86392922885716, 5536197.186233781278133 ], [ 332661.895373473409563, 5536197.17691957205534 ], [ 332661.926650372333825, 5536197.167058005928993 ], [ 332661.957750400993973, 5536197.156652078032494 ], [ 332661.988664084114134, 5536197.145704969763756 ], [ 332662.019382005091757, 5536197.134220011532307 ], [ 332662.049894807860255, 5536197.122200697660446 ], [ 332662.080193197820336, 5536197.109650693833828 ], [ 332662.110267944633961, 5536197.096573822200298 ], [ 332662.140109888277948, 5536197.082974061369896 ], [ 332662.169709938578308, 5536197.068855568766594 ], [ 332662.199059078469872, 5536197.054222628474236 ], [ 332662.228148369118571, 5536197.039079695940018 ], [ 332662.256968947593123, 5536197.023431397974491 ], [ 332662.285512037109584, 5536197.007282495498657 ], [ 332662.313768941443413, 5536196.990637913346291 ], [ 332662.341731054708362, 5536196.973502703011036 ], [ 332662.369389858096838, 5536196.955882102251053 ], [ 332662.396736927330494, 5536196.937781468033791 ], [ 332662.423763931728899, 5536196.919206321239471 ], [ 332662.450462638866156, 5536196.900162324309349 ], [ 332662.476824915967882, 5536196.880655266344547 ], [ 332662.502842732705176, 5536196.860691092908382 ], [ 332662.52850816398859, 5536196.840275891125202 ], [ 332662.553813391830772, 5536196.819415867328644 ], [ 332662.578750708606094, 5536196.798117391765118 ], [ 332662.603312517050654, 5536196.776386931538582 ], [ 332662.627491335384548, 5536196.754231125116348 ], [ 332662.651279799640179, 5536196.731656715273857 ], [ 332662.674670663662255, 5536196.708670578896999 ], [ 332662.697656800970435, 5536196.685279712080956 ], [ 332662.720231210347265, 5536196.661491245031357 ], [ 332662.742387015838176, 5536196.637312434613705 ], [ 332662.764117468614131, 5536196.612750627100468 ], [ 332662.78541594883427, 5536196.587813310325146 ], [ 332662.806275968905538, 5536196.562508083879948 ], [ 332662.82669117487967, 5536196.536842651665211 ], [ 332662.846655347850174, 5536196.510824829339981 ], [ 332662.866162406746298, 5536196.484462551772594 ], [ 332662.885206409264356, 5536196.457763843238354 ], [ 332662.903781554661691, 5536196.430736847221851 ], [ 332662.921882184688002, 5536196.403389781713486 ], [ 332662.939502786379308, 5536196.375730976462364 ], [ 332662.956637991126627, 5536196.347768858075142 ], [ 332662.973282579798251, 5536196.319511957466602 ], [ 332662.989431482739747, 5536196.290968865156174 ], [ 332663.005079780239612, 5536196.262148283421993 ], [ 332663.020222706254572, 5536196.233058989048004 ], [ 332663.034855647943914, 5536196.203709855675697 ], [ 332663.048974147997797, 5536196.174109801650047 ], [ 332663.062573904637247, 5536196.144267864525318 ], [ 332663.075650777667761, 5536196.114193119108677 ], [ 332663.088200780563056, 5536196.083894722163677 ], [ 332663.100220093503594, 5536196.05338191986084 ], [ 332663.11170505406335, 5536196.022663995623589 ], [ 332663.12265216326341, 5536195.991750314831734 ], [ 332663.133058086968958, 5536195.960650287568569 ], [ 332663.142919655423611, 5536195.929373390972614 ], [ 332663.152233865112066, 5536195.897929146885872 ], [ 332663.160997878294438, 5536195.866327129304409 ], [ 332663.169209025334567, 5536195.834576979279518 ], [ 332663.17686480563134, 5536195.802688367664814 ], [ 332663.183962886221707, 5536195.770670987665653 ], [ 332663.190501106437296, 5536195.738534614443779 ], [ 332663.196477472782135, 5536195.706289030611515 ], [ 332663.201890166848898, 5536195.673944041132927 ], [ 332663.206737537868321, 5536195.641509525477886 ], [ 332663.211018110625446, 5536195.608995348215103 ], [ 332663.214730580337346, 5536195.576411418616772 ], [ 332663.217873817309737, 5536195.543767660856247 ], [ 332663.220446862280369, 5536195.511074006557465 ], [ 332663.2224489338696, 5536195.478340439498425 ], [ 332663.223879419732839, 5536195.445576913654804 ], [ 332663.224737886339426, 5536195.412793412804604 ], [ 332663.225024070590734, 5536195.379999920725822 ], [ 332663.224737886339426, 5536195.347206421196461 ], [ 332663.223879419732839, 5536195.314422927796841 ], [ 332663.2224489338696, 5536195.28165939450264 ], [ 332663.220446862280369, 5536195.2489258274436 ], [ 332663.217873817309737, 5536195.216232180595398 ], [ 332663.214730580337346, 5536195.183588415384293 ], [ 332663.211018110625446, 5536195.151004493236542 ], [ 332663.206737537868321, 5536195.118490315973759 ], [ 332663.201890166848898, 5536195.086055800318718 ], [ 332663.196477472782135, 5536195.05371081084013 ], [ 332663.190501106437296, 5536195.021465219557285 ], [ 332663.183962886221707, 5536194.989328853785992 ], [ 332663.17686480563134, 5536194.957311473786831 ], [ 332663.169209025334567, 5536194.925422862172127 ], [ 332663.160997878294438, 5536194.893672712147236 ], [ 332663.152233865112066, 5536194.862070694565773 ], [ 332663.142919655423611, 5536194.830626450479031 ], [ 332663.133058086968958, 5536194.799349553883076 ], [ 332663.12265216326341, 5536194.768249526619911 ], [ 332663.11170505406335, 5536194.737335838377476 ], [ 332663.100220093503594, 5536194.706617921590805 ], [ 332663.088200780563056, 5536194.676105119287968 ], [ 332663.075650777667761, 5536194.645806722342968 ], [ 332663.062573904637247, 5536194.615731976926327 ], [ 332663.048974147997797, 5536194.585890039801598 ], [ 332663.034855647943914, 5536194.556289985775948 ], [ 332663.020222706254572, 5536194.52694084495306 ], [ 332663.005079780239612, 5536194.497851558029652 ], [ 332662.989431482739747, 5536194.469030976295471 ], [ 332662.973282579798251, 5536194.440487883985043 ], [ 332662.956637991126627, 5536194.412230983376503 ], [ 332662.939502786379308, 5536194.384268864989281 ], [ 332662.921882184688002, 5536194.356610059738159 ], [ 332662.903781554661691, 5536194.329262994229794 ], [ 332662.885206409264356, 5536194.302235990762711 ], [ 332662.866162406746298, 5536194.27553728967905 ], [ 332662.846655347850174, 5536194.249175012111664 ], [ 332662.82669117487967, 5536194.223157189786434 ], [ 332662.806275968905538, 5536194.197491757571697 ], [ 332662.78541594883427, 5536194.172186531126499 ], [ 332662.764117468614131, 5536194.147249214351177 ], [ 332662.742387015838176, 5536194.12268740683794 ], [ 332662.720231210347265, 5536194.098508588969707 ], [ 332662.697656800970435, 5536194.074720121920109 ], [ 332662.674670663662255, 5536194.051329262554646 ], [ 332662.651279799640179, 5536194.028343126177788 ], [ 332662.627491335384548, 5536194.005768708884716 ], [ 332662.603312517050654, 5536193.983612909913063 ], [ 332662.578750708606094, 5536193.961882449686527 ], [ 332662.553813391830772, 5536193.940583974123001 ], [ 332662.52850816398859, 5536193.919723950326443 ], [ 332662.502842732705176, 5536193.899308748543262 ], [ 332662.476824915967882, 5536193.879344575107098 ], [ 332662.450462638866156, 5536193.859837517142296 ], [ 332662.423763931728899, 5536193.840793520212173 ], [ 332662.396736927330494, 5536193.822218365967274 ], [ 332662.369389858096838, 5536193.804117739200592 ], [ 332662.341731054708362, 5536193.786497138440609 ], [ 332662.313768941443413, 5536193.769361928105354 ], [ 332662.285512036643922, 5536193.752717345952988 ], [ 332662.256968947593123, 5536193.736568443477154 ], [ 332662.228148369118571, 5536193.720920138061047 ], [ 332662.199059078469872, 5536193.705777212977409 ], [ 332662.169709938578308, 5536193.691144272685051 ], [ 332662.140109888277948, 5536193.677025772631168 ], [ 332662.110267944633961, 5536193.663426019251347 ], [ 332662.080193197820336, 5536193.650349147617817 ], [ 332662.049894807860255, 5536193.637799143791199 ], [ 332662.019382005091757, 5536193.625779829919338 ], [ 332661.988664084114134, 5536193.614294871687889 ], [ 332661.957750400993973, 5536193.603347763419151 ], [ 332661.926650372333825, 5536193.592941835522652 ], [ 332661.895373473409563, 5536193.583080269396305 ], [ 332661.86392922885716, 5536193.573766060173512 ], [ 332661.832327217794955, 5536193.565002039074898 ], [ 332661.800577067304403, 5536193.55679090321064 ], [ 332661.768688448239118, 5536193.549135118722916 ], [ 332661.736671074293554, 5536193.542037039995193 ], [ 332661.704534697812051, 5536193.535498820245266 ], [ 332661.672289108391851, 5536193.529522456228733 ], [ 332661.639944127760828, 5536193.52410975843668 ], [ 332661.607509609311819, 5536193.519262388348579 ], [ 332661.574995432514697, 5536193.514981813728809 ], [ 332661.542411501053721, 5536193.511269345879555 ], [ 332661.509767741430551, 5536193.508126109838486 ], [ 332661.477074095979333, 5536193.505553059279919 ], [ 332661.444340524729341, 5536193.503550983965397 ], [ 332661.411576997488737, 5536193.50212050229311 ], [ 332661.378793494775891, 5536193.501262038946152 ], [ 332661.346000003162771, 5536193.500975854694843 ], [ 332661.31320651108399, 5536193.501262038946152 ], [ 332661.280423008836806, 5536193.50212050229311 ], [ 332661.247659481596202, 5536193.503550983965397 ], [ 332661.214925909880549, 5536193.505553059279919 ], [ 332661.182232264429331, 5536193.508126109838486 ], [ 332661.149588504806161, 5536193.511269345879555 ], [ 332661.117004573345184, 5536193.514981813728809 ], [ 332661.084490396548063, 5536193.519262388348579 ], [ 332661.052055878099054, 5536193.52410975843668 ], [ 332661.01971089746803, 5536193.529522456228733 ], [ 332660.987465308513492, 5536193.535498820245266 ], [ 332660.955328932031989, 5536193.542037039995193 ], [ 332660.923311558086425, 5536193.549135118722916 ], [ 332660.891422938555479, 5536193.55679090321064 ], [ 332660.859672788064927, 5536193.565002039074898 ], [ 332660.828070777468383, 5536193.573766060173512 ], [ 332660.79662653291598, 5536193.583080269396305 ], [ 332660.765349633526057, 5536193.592941835522652 ], [ 332660.73424960533157, 5536193.603347763419151 ], [ 332660.703335921745747, 5536193.614294871687889 ], [ 332660.672618000768125, 5536193.625779829919338 ], [ 332660.642105198465288, 5536193.637799143791199 ], [ 332660.611806808505207, 5536193.650349147617817 ], [ 332660.581732061691582, 5536193.663426019251347 ], [ 332660.551890118047595, 5536193.677025772631168 ], [ 332660.522290067747235, 5536193.691144272685051 ], [ 332660.49294092785567, 5536193.705777212977409 ], [ 332660.463851637206972, 5536193.720920138061047 ], [ 332660.43503105873242, 5536193.736568443477154 ], [ 332660.406487968750298, 5536193.752717345952988 ], [ 332660.378231064416468, 5536193.769361928105354 ], [ 332660.350268951617181, 5536193.786497138440609 ], [ 332660.322610148228705, 5536193.804117739200592 ], [ 332660.295263078529388, 5536193.822218365967274 ], [ 332660.268236074596643, 5536193.840793520212173 ], [ 332660.241537367459387, 5536193.859837517142296 ], [ 332660.215175090357661, 5536193.879344575107098 ], [ 332660.189157273620367, 5536193.899308748543262 ], [ 332660.163491842336953, 5536193.919723950326443 ], [ 332660.138186614494771, 5536193.940583974123001 ], [ 332660.113249297719449, 5536193.961882449686527 ], [ 332660.088687489274889, 5536193.983612909913063 ], [ 332660.064508670475334, 5536194.005768708884716 ], [ 332660.040720206219703, 5536194.028343126177788 ], [ 332660.017329342663288, 5536194.051329262554646 ], [ 332659.994343205355108, 5536194.074720121920109 ], [ 332659.971768795512617, 5536194.098508588969707 ], [ 332659.949612990487367, 5536194.12268740683794 ], [ 332659.92788253724575, 5536194.147249214351177 ], [ 332659.906584057491273, 5536194.172186531126499 ], [ 332659.885724036954343, 5536194.197491757571697 ], [ 332659.865308830980211, 5536194.223157189786434 ], [ 332659.845344658009708, 5536194.249175012111664 ], [ 332659.825837599579245, 5536194.27553728967905 ], [ 332659.806793596595526, 5536194.302235990762711 ], [ 332659.78821845119819, 5536194.329262994229794 ], [ 332659.77011782117188, 5536194.356610059738159 ], [ 332659.752497219946235, 5536194.384268864989281 ], [ 332659.735362014733255, 5536194.412230983376503 ], [ 332659.718717426527292, 5536194.440487883985043 ], [ 332659.702568523585796, 5536194.469030976295471 ], [ 332659.68692022562027, 5536194.497851558029652 ], [ 332659.67177729960531, 5536194.52694084495306 ], [ 332659.657144358381629, 5536194.556289985775948 ], [ 332659.643025858327746, 5536194.585890039801598 ], [ 332659.629426101222634, 5536194.615731976926327 ], [ 332659.616349228657782, 5536194.645806722342968 ], [ 332659.603799225296825, 5536194.676105119287968 ], [ 332659.591779912821949, 5536194.706617921590805 ], [ 332659.580294951796532, 5536194.737335838377476 ], [ 332659.569347842596471, 5536194.768249526619911 ], [ 332659.558941919356585, 5536194.799349553883076 ], [ 332659.54908035043627, 5536194.830626450479031 ], [ 332659.539766141213477, 5536194.862070694565773 ], [ 332659.531002127565444, 5536194.893672712147236 ], [ 332659.522790980525315, 5536194.925422862172127 ], [ 332659.515135200228542, 5536194.957311473786831 ], [ 332659.508037119638175, 5536194.989328853785992 ], [ 332659.501498899888247, 5536195.021465219557285 ], [ 332659.495522533077747, 5536195.05371081084013 ], [ 332659.490109839476645, 5536195.086055800318718 ], [ 332659.485262467991561, 5536195.118490315973759 ], [ 332659.480981895700097, 5536195.151004493236542 ], [ 332659.477269425522536, 5536195.183588415384293 ], [ 332659.474126189015806, 5536195.216232180595398 ], [ 332659.471553144045174, 5536195.2489258274436 ], [ 332659.469551072455943, 5536195.28165939450264 ], [ 332659.468120586127043, 5536195.314422927796841 ], [ 332659.467262119986117, 5536195.347206421196461 ], [ 332659.466975935269147, 5536195.379999920725822 ] ] ] ] } }
]
}
